[{"$i":"search-or-enter-address","placeholder":"Soek of voer adres in"},{"$i":"delete-title","$v":["Skrap ",{"t":"idOrVar","v":"name"}]},{"$i":"delete-body","$v":[{"t":"idOrVar","v":"name"}," en al sy data sal geskrap word."]},{"$i":"delete","$v":"Skrap"},{"$i":"cancel","$v":"Kanselleer"},{"$i":"apps","$v":"Toepassings"},{"$i":"menu","$v":"Kieslys"},{"$i":"notifications","$v":"Kennisgewings"},{"$i":"speed-dial","$v":"Spoedskakel"},{"$i":"select","$v":"Kies"},{"$i":"move","$v":"Verskuif"},{"$i":"ok","$v":"Goed"},{"$i":"set","$v":"Stel"},{"$i":"edit","$v":"Wysig"},{"$i":"call","$v":"Skakel"},{"$i":"message","$v":"Boodskap"},{"$i":"options","$v":"Opsies"},{"$i":"assign","$v":"Ken toe"},{"$i":"remove","$v":"Verwyder"},{"$i":"replace","$v":"Vervang"},{"$i":"more","$v":"Meer"},{"$i":"settings","$v":"Instellings"},{"$i":"contacts","$v":"Kontakte"},{"$i":"list-view","$v":"Kyk na Lys"},{"$i":"grid-view","$v":"Raster-aansig"},{"$i":"single-view","$v":"Enkel Aansig"},{"$i":"skip","$v":"Slaan oor"},{"$i":"shortcuts","$v":"Kortpaaie"},{"$i":"next","$v":"Volgende"},{"$i":"instant-settings","$v":"Onmiddelike instellings"},{"$i":"flashlight","$v":"Flitslig"},{"$i":"brightness","$v":"Helderheid"},{"$i":"volume","$v":"Volume"},{"$i":"camera","$v":"Kamera"},{"$i":"calculator","$v":"Sakrekenaar"},{"$i":"airplane-mode","$v":"Vliegtuigmodus"},{"$i":"wifi","$v":"Wi-Fi"},{"$i":"bluetooth","$v":"Bluetooth"},{"$i":"cellular-data","$v":"Sellulêre Data"},{"$i":"on","$v":"Aan"},{"$i":"off","$v":"Af"},{"$i":"percentage-number","$v":[{"t":"idOrVar","v":"number"},"%"]},{"$i":"voicemail","$v":"Stempos"},{"$i":"speed-dial-not-empty","ariaLabel":[{"t":"idOrVar","v":"order"},", ",{"t":"idOrVar","v":"name"}]},{"$i":"speed-dial-empty","ariaLabel":[{"t":"idOrVar","v":"order"},", leeg"]},{"$i":"remove-speed-dial","$v":["Is jy seker jy wil ",{"t":"idOrVar","v":"name"}," van Spoedbel verwyder?"]},{"$i":"replace-speed-dial","$v":["Is jy seker jy wil ",{"t":"idOrVar","v":"name"}," met ",{"t":"idOrVar","v":"subName"}," vervang?"]},{"$i":"assign-speed-dial","$v":["Kontak was nie as spoedbel op knoppie ",{"t":"idOrVar","v":"n"}," bygevoeg nie. Ken nou toe?"]},{"$i":"assign-voicemail","$v":"Stemposnommer is nie gestel nie."},{"$i":"alert-for-contacts-without-number","$v":"Daar is geen kontakte met foonnommer beskikbaar."},{"$i":"option-remove","$v":"Verwyder  van spoedbel"},{"$i":"option-replace","$v":"Vervang"},{"$i":"all-apps","$v":"Alle toepassings"},{"$i":"uninstall","$v":"Deïnstalleer"},{"$i":"confirm-to-uninstall-app","$v":["Wil jy die ",{"t":"idOrVar","v":"appName"},"-toepassing deïnstalleer?"]},{"$i":"confirm-to-unpin-bookmark","$v":"Haal merker van webwerf af?"},{"$i":"unpin","$v":"Onpen"},{"$i":"rename","$v":"Hernoem"},{"$i":"title","$v":"Titel"},{"$i":"add-to-existing-contact","$v":"Voeg by bestaande kontak"},{"$i":"create-new-contact","$v":"Skep nuwe kontak"},{"$i":"sending","$v":"Stuur tans…"},{"$i":"video-call","$v":"Video-oproep"},{"$i":"rtt-call","$v":"RTT oproep"},{"$i":"callAirplaneModeTitle","$v":"Vliegtuigmodus geaktiveer"},{"$i":"callAirplaneModeMessage","$v":"Om ‘n oproep te maak moet jy vliegtuigmodus deaktiveer in instellings."},{"$i":"emergencyDialogTitle","$v":"Geen netwerkverbinding"},{"$i":"emergencyDialogBodyBadNumber","$v":"Om ‘n oproep te maak moet die telefoon aan ‘n netwerk gekoppel wees."},{"$i":"emergencyDialogBodyDeviceNotAccepted","$v":"Noodoproepe word nie deur die netwerk toegelaat nie."},{"$i":"invalidNumberToDialTitle","$v":"Ongeldige foonnommer."},{"$i":"invalidNumberToDialMessage","$v":"Die foonnommer wat jy skakel is ongeldig."},{"$i":"emergency-call-only","$v":"Slegs noodoproepe"},{"$i":"emergency-call-error","$v":[{"t":"idOrVar","v":"number"}," is nie ‘n noodnommer nie."]},{"$i":"numberIsBusyTitle","$v":"Nommer is beset"},{"$i":"numberIsBusyMessage","$v":"Die nommer is tans beset. Probeer asseblief later weer."},{"$i":"fdnIsActiveTitle","$v":"VBN aktief"},{"$i":"fdnIsActiveMessage","$v":["VBN (Vasgestelde Belnommers) is geaktiveer en die volgende nommer is nie in jou VBN-lys nie: ",{"t":"idOrVar","v":"number"}]},{"$i":"otherConnectionInUseTitle","$v":"Ander verbinding in gebruik"},{"$i":"otherConnectionInUseMessage","$v":"Jy het ‘n aktiewe oproep op ‘n ander verbinding. Jy kan slegs een verbinding op ‘n slag gebruik."},{"$i":"GenericFailure","$v":"Generiese mislukking"},{"$i":"CallFailed","$v":"Oproep het misluk"},{"$i":"scCallBarring","$v":"Oproepblokkering"},{"$i":"scCallForwarding","$v":"Oproepaanstuur"},{"$i":"scClip","$v":"Inkomende Beller ID"},{"$i":"scClir","$v":"Uitgaande Beller ID"},{"$i":"scPwd","$v":"Wagwoord verander"},{"$i":"scCallWaiting","$v":"Wagoproepdiens"},{"$i":"scPin","$v":"PIN verander"},{"$i":"scPin2","$v":"PIN2 verander"},{"$i":"scPuk","$v":"Ontblok PIN"},{"$i":"scPuk2","$v":"Ontblok PIN2"},{"$i":"scImei","$v":"IMEI"},{"$i":"scMeid","$v":"MEID"},{"$i":"scUssd","$v":"USSD"},{"$i":"deviceIsUnlocked","$v":"Toestel is ongeslote"},{"$i":"simUnlockCodeAccepted","$v":"SIM-ontsluitkode is aanvaar"},{"$i":"simUnlockCodeFailed","$v":"SIM-ontsluit was onsuksesvol"},{"$i":"personal","$v":"Persoonlik"},{"$i":"mobile","$v":"Selfoon"},{"$i":"home","$v":"Tuis"},{"$i":"work","$v":"Werk"},{"$i":"fax-home","$v":"Faks huis"},{"$i":"fax-office","$v":"Faks kantoor"},{"$i":"fax-other","$v":"Faks ander"},{"$i":"homescreen-settings","$v":"Tuisskerm Instellings"},{"$i":"change-wallpaper","$v":"Verander Muurpapier"},{"$i":"add-smart-collections","$v":"Voeg Slim Versamelings by"},{"$i":"edit-mode","$v":"Wysig"},{"$i":"edit-done","$v":"Klaar"},{"$i":"tutorial-for-side-menu-1","$v":"Druk Linkerknop om miniprogramme aan linkerkant te gebruik"},{"$i":"tutorial-for-instant-settings-1","$v":"Druk OP vir instellings wat gereeld gebruik word."},{"$i":"tutorial-for-notices","$v":"Druk REGS-sleutel om nuwe kennisgewings te bekyk."},{"$i":"tutorial-for-google-assistant-1","$v":"Lang druk OK om te praat."},{"$i":"tutorial-for-voice-input-1","$v":"Lang druk OK om in teksveld te praat."},{"$i":"stop-download-title","$v":["Stop ",{"t":"idOrVar","v":"name"}]},{"$i":"stop-download-body","$v":"Wil jy die aflaai wat aan die gang is stop?"},{"$i":"stop-download-action","$v":"Stop"},{"$i":"resume-download-title","$v":"Begin Aflaai weer"},{"$i":"resume-download-body","$v":["Wil jy ",{"t":"idOrVar","v":"name"}," aflaai?"]},{"$i":"resume-download-action","$v":"Laai af"},{"$i":"edit-group-header","$v":"Wysig groep"},{"$i":"tcl-wallpaper-changed","$v":"Muurpapier is verander"},{"$i":"gaia-shortcut-app-updated","$v":"Toepassing bygewerk"},{"$i":"clocks-updated","$v":"Klokke bygewerk"},{"$i":"longDateFormat","$v":"%A, %B %e"},{"$i":"app-title","$v":"My Toepassings"},{"$i":"app-uninstall","$v":[{"t":"idOrVar","v":"name"}," was gedeïnstalleer"]},{"$i":"confirmation","$v":"Bevestiging"},{"$i":"noSimCard","$v":"Geen SIM-kaart nie"},{"$i":"noService","$v":"Geen diens nie"},{"$i":"eccOnly","$v":"Emergency calls only"},{"$i":"emergencyCallsOnly","$v":"Emergency calls only"},{"$i":"searching","$v":"Soek tans…"},{"$i":"lockedSim","$v":"SIM gesluit"},{"$i":"clockDateFormat","$v":"%a, %e %b"},{"$i":"apn-sim1","$v":"APN Settings - SIM1"},{"$i":"apn-sim2","$v":"APN Settings - SIM2"},{"$i":"apnDefaultConfig","$v":"APN Default Config"},{"$i":"apn-defaultconfig-message","$v":"Set which type of apn to used"},{"$i":"apnConfigPostpay","$v":"Postpay APN"},{"$i":"apnConfigPrepay","$v":"Prepay APN"},{"$i":"qtn_sm_toast_set_ICE_first","$v":"Geen ICE-kontakte nie; gaan asseblief na Kontakinstellings of opsiekieslys van ICE-inligting om"},{"$i":"qtn_sm_toast_google_assist","$v":"Lankdruk of dubbeldruk vir Google-assistent"},{"$i":"qtn_sm_toast_sos_call_msg","$v":"Lankdruk of dubbeldruk vir SOS-oproep/SOS-boodskap"},{"$i":"nocard-eccOnly","$v":"No SIM card-Emergency calls only"},{"$i":"unusablecard-eccOnly","$v":"Unusable SIM card-Emergency calls only"},{"$i":"sim-with-index-and-carrier","$v":["SIM ",{"t":"idOrVar","v":"index"}," - ",{"t":"idOrVar","v":"carrier"}]},{"$i":"sim-without-carrier","$v":["SIM ",{"t":"idOrVar","v":"index"}]},{"$i":"call-forwarding-async","$v":["Asinkronies: ",{"t":"idOrVar","v":"async"}]},{"$i":"call-forwarding-data","$v":["Data: ",{"t":"idOrVar","v":"data"}]},{"$i":"call-forwarding-error","$v":"‘n Fout het voorgekom tydens die verkryging van die oproep se deurstuurstatus"},{"$i":"call-forwarding-fax","$v":["FAKS: ",{"t":"idOrVar","v":"fax"}]},{"$i":"call-forwarding-inactive","$v":"Onaktief"},{"$i":"call-forwarding-packet","$v":["Pakket: ",{"t":"idOrVar","v":"packet"}]},{"$i":"call-forwarding-pad","$v":["Blok: ",{"t":"idOrVar","v":"pad"}]},{"$i":"call-forwarding-sms","$v":["SMS: ",{"t":"idOrVar","v":"sms"}]},{"$i":"call-forwarding-status","$v":"Deurstuurstatus van oproep"},{"$i":"call-forwarding-sync","$v":["Sinkronies: ",{"t":"idOrVar","v":"sync"}]},{"$i":"call-forwarding-voice","$v":["Stem: ",{"t":"idOrVar","v":"voice"}]},{"$i":"call-forwarding-voice-after-seconds","$v":["Stem: ",{"t":"idOrVar","v":"voice"}," ná ",{"t":"idOrVar","v":"timeSeconds"}," sekondes"]},{"$i":"fihVersion","$v":"FIH Version"},{"$i":"serviceClassVoice","$v":"Stem"},{"$i":"serviceClassData","$v":"Data"},{"$i":"serviceClassFax","$v":"FAKS"},{"$i":"serviceClassSms","$v":"SMS"},{"$i":"serviceClassDataSync","$v":"Sinchronisasie"},{"$i":"serviceClassDataAsync","$v":"Asink"},{"$i":"serviceClassPacket","$v":"Pakkie"},{"$i":"serviceClassPad","$v":"PAD"},{"$i":"smServiceEnabled","$v":"Diens is geaktiveer"},{"$i":"smServiceDisabled","$v":"Diens is gedeaktiveer"},{"$i":"smServiceRegistered","$v":"Registrasie was suksesvol"},{"$i":"smServiceErased","$v":"Uitwissing was suksesvol"},{"$i":"smServiceInterrogated","$v":"Versoek was suksesvol"},{"$i":"smServiceNotProvisioned","$v":"Diens nie bevoorraad nie"},{"$i":"smClirPermanent","$v":"Jy kan nie die beller-ID-instelling verander nie."},{"$i":"smClirDefaultOnNextCallOn","$v":"Beller-ID se verstek is beperk. Volgende oproep: beperk"},{"$i":"smClirDefaultOnNextCallOff","$v":"Beller-ID se verstek is beperk. Volgende oproep: nie beperk nie"},{"$i":"smClirDefaultOffNextCallOn","$v":"Beller-ID se verstek is nie beperk nie. Volgende oproep: beperk"},{"$i":"smClirDefaultOffNextCallOff","$v":"Beller-ID se verstek is nie beperk nie. Volgende oproep: nie beperk nie"},{"$i":"smServiceEnabledFor","$v":"Diens is gedeaktiveer vir:"},{"$i":"smPinChanged","$v":"PIN suksesvol verander"},{"$i":"smPinUnblocked","$v":"PIN suksesvol oopgesluit"},{"$i":"smPin2Changed","$v":"PIN2 suksesvol verander"},{"$i":"smPin2Unblocked","$v":"PIN2 suksesvol oopgesluit"},{"$i":"ServiceIsEnabled","$v":"Diens is geaktiveer"},{"$i":"ServiceIsDisabled","$v":"Diens is gedeaktiveer"},{"$i":"ServiceIsEnabledFor","$v":"Diens is geaktiveer vir:"},{"$i":"emMmiError","$v":"Verbindingsprobleem of ongeldige MMI-kode"},{"$i":"emMmiErrorPasswordIncorrect","$v":"Verkeerde wagwoord"},{"$i":"emMmiErrorNotSupported","$v":"Ongeldige of Onondersteunde MMI Kode"},{"$i":"emMmiErrorInvalidAction","$v":"Ongeldige aksie"},{"$i":"emMmiErrorInvalidScCode","$v":"Ongeldige dienskode"},{"$i":"emMmiErrorBadPuk","$v":"Die POK wat jy getik het, is verkeerd."},{"$i":"emMmiErrorBadPin","$v":"Die ou PIN wat jy ingetik het, is verkeerd."},{"$i":"emMmiErrorNeedPuk2","$v":"Tik POK2 om SIM-kaart te ontblok"},{"$i":"emMmiErrorMismatchPin","$v":"Die PIN’s wat jy getik het, stem nie ooreen nie."},{"$i":"emMmiErrorInvalidPin","$v":"Tik ‘n PIN wat 4 tot 8 syfers is"},{"$i":"emMmiErrorNeedsPuk","$v":"Jou SIM-kaart is PUK-geslote"},{"$i":"emMmiErrorEnablePin","$v":"Onsuksesvol. Aktiveer SIM/RUIM-SLOT."},{"$i":"emMmiErrorMmiFdn","$v":"Werking is beperk tot slegs vasgestelde belnommers"},{"$i":"emMmiErrorStkCcUssdDial","$v":"USSD-versoek is gewysig tot BEL-versoek."},{"$i":"emMmiErrorStkCcUssdSs","$v":"USSD-versoek is gewysig tot SS-versoek."},{"$i":"emMmiErrorStkCcUssdUssd","$v":"USSD-versoek is gewysig tot nuwe USSD-versoek."},{"$i":"emMmiErrorStkCcSsDial","$v":"SS-versoek is gewysig tot BEL-versoek."},{"$i":"emMmiErrorStkCcSsUssd","$v":"SS-versoek is gewysig tot USSD-versoek."},{"$i":"emMmiErrorStkCcSsSs","$v":"SS-versoek is gewysig tot BEL-versoek"},{"$i":"emMmiErrorPinPukAttempts","$v":{"few":[{"t":"idOrVar","v":"n"}," probeerslae oor"],"many":[{"t":"idOrVar","v":"n"}," probeerslae oor"],"one":["Slegs ",{"t":"idOrVar","v":"n"}," probeerslag oor"],"other":[{"t":"idOrVar","v":"n"}," probeerslae oor"],"two":[{"t":"idOrVar","v":"n"}," probeerslae oor"]},"$x":[{"t":"idOrVar","v":"plural"},"n"]},{"$i":"emMmiErrorSimBlocked","$v":"Maksimum aantal probeerslae oorskry. SIM geblok"},{"$i":"RadioNotAvailable","$v":"Radio onbeskikbaar"},{"$i":"PasswordIncorrect","$v":"Wagwoord verkeerd"},{"$i":"SimPin2","$v":"SIM PIN2"},{"$i":"SimPuk2","$v":"SIM POK2"},{"$i":"RequestNotSupported","$v":"Versoek word nie ondersteun nie"},{"$i":"OpNotAllowedDuringVoiceCall","$v":"Bewerking word nie tydens stemoproep toegelaat nie"},{"$i":"SmsSendFailRetry","$v":"SMS se stuur misluk probeer weer"},{"$i":"SimAbsent","$v":"SIM afwesig"},{"$i":"SubscriptionNotAvailable","$v":"Intekening nie beskikbaar"},{"$i":"ModeNotSupported","$v":"Modus word nie ondersteun nie"},{"$i":"FdnCheckFailure","$v":"FDN nagaan mislukking"},{"$i":"IllegalSimOrMe","$v":"Onwettige SIM of ME"},{"$i":"DialModifiedToUssd","$v":"Bel verander na USSD"},{"$i":"DialModifiedToSs","$v":"Bel verander na SS"},{"$i":"DialModifiedToDial","$v":"Bel verander na bel"},{"$i":"UssdModifiedToDial","$v":"USSD verander om te bel"},{"$i":"UssdModifiedToSs","$v":"USSD verander na SS"},{"$i":"UssdModifiedToUssd","$v":"USSD verander na USSD"},{"$i":"SsModifiedToDial","$v":"SS verander om te bel"},{"$i":"SsModifiedToUssd","$v":"SS verander na USSD"},{"$i":"SsModifiedToSs","$v":"SS verander na SS"},{"$i":"SubscriptionNotSupported","$v":"Intekening word nie ondersteun nie"},{"$i":"InvalidParameter","$v":"Ongeldige parameter"},{"$i":"RejectedByRemote","$v":"Verwerp deur afstandbeheer"},{"$i":"GetEmptyUssdPrompt","$v":"Nulreaksie ontvang."},{"$i":"label","$v":"Etiket"},{"$i":"faxHome","$v":"Faks huis"},{"$i":"faxOffice","$v":"Faks kantoor"},{"$i":"faxOther","$v":"Faks ander"},{"$i":"another","$v":"Nog een"},{"$i":"other","$v":"Ander"},{"$i":"tcl-customTag","$v":"Persoonlike merker"},{"$i":"customTag","$v":"Persoonlike Merker","placeholder":"Persoonlike Merker"},{"$i":"current","$v":"Huidige"},{"$i":"itemWithLabel","$v":[{"t":"idOrVar","v":"label"},", ",{"t":"idOrVar","v":"item"}]},{"$i":"weekday-0-long","$v":"Sondag"},{"$i":"weekday-1-long","$v":"Maandag"},{"$i":"weekday-2-long","$v":"Dinsdag"},{"$i":"weekday-3-long","$v":"Woensdag"},{"$i":"weekday-4-long","$v":"Donderdag"},{"$i":"weekday-5-long","$v":"Vrydag"},{"$i":"weekday-6-long","$v":"Saterdag"},{"$i":"weekday-0-short","$v":"So"},{"$i":"weekday-1-short","$v":"Ma"},{"$i":"weekday-2-short","$v":"Di"},{"$i":"weekday-3-short","$v":"Wo"},{"$i":"weekday-4-short","$v":"Do"},{"$i":"weekday-5-short","$v":"Vr"},{"$i":"weekday-6-short","$v":"Sa"},{"$i":"month-0-long","$v":"Januarie"},{"$i":"month-1-long","$v":"Februarie"},{"$i":"month-2-long","$v":"Maart"},{"$i":"month-3-long","$v":"April"},{"$i":"month-4-long","$v":"Mei"},{"$i":"month-5-long","$v":"Junie"},{"$i":"month-6-long","$v":"Julie"},{"$i":"month-7-long","$v":"Augustus"},{"$i":"month-8-long","$v":"September"},{"$i":"month-9-long","$v":"Oktober"},{"$i":"month-10-long","$v":"November"},{"$i":"month-11-long","$v":"Desember"},{"$i":"month-0-genitive","$v":"Januarie"},{"$i":"month-1-genitive","$v":"Februarie"},{"$i":"month-2-genitive","$v":"Maart"},{"$i":"month-3-genitive","$v":"April"},{"$i":"month-4-genitive","$v":"Mei"},{"$i":"month-5-genitive","$v":"Junie"},{"$i":"month-6-genitive","$v":"Julie"},{"$i":"month-7-genitive","$v":"Augustus"},{"$i":"month-8-genitive","$v":"September"},{"$i":"month-9-genitive","$v":"Oktober"},{"$i":"month-10-genitive","$v":"November"},{"$i":"month-11-genitive","$v":"Desember"},{"$i":"month-0-short","$v":"Jan"},{"$i":"month-1-short","$v":"Feb"},{"$i":"month-2-short","$v":"Mrt"},{"$i":"month-3-short","$v":"Apr"},{"$i":"month-4-short","$v":"Mei"},{"$i":"month-5-short","$v":"Jun"},{"$i":"month-6-short","$v":"Jul"},{"$i":"month-7-short","$v":"Aug"},{"$i":"month-8-short","$v":"Sep"},{"$i":"month-9-short","$v":"Okt"},{"$i":"month-10-short","$v":"Nov"},{"$i":"month-11-short","$v":"Des"},{"$i":"minutes-ago-long","$v":{"few":[{"t":"idOrVar","v":"value"},"minute gelede"],"many":[{"t":"idOrVar","v":"value"},"minute gelede"],"one":"‘n minuut gelede","other":[{"t":"idOrVar","v":"value"},"minute gelede"],"two":[{"t":"idOrVar","v":"value"},"minute gelede"],"zero":"nou net"},"$x":[{"t":"idOrVar","v":"plural"},"value"]},{"$i":"hours-ago-long","$v":{"few":[{"t":"idOrVar","v":"value"}," ure gelede"],"many":[{"t":"idOrVar","v":"value"}," ure gelede"],"one":"‘n uur gelede","other":[{"t":"idOrVar","v":"value"}," ure gelede"],"two":[{"t":"idOrVar","v":"value"}," ure gelede"],"zero":"nou net"},"$x":[{"t":"idOrVar","v":"plural"},"value"]},{"$i":"days-ago-long","$v":{"few":[{"t":"idOrVar","v":"value"}," dae gelede"],"many":[{"t":"idOrVar","v":"value"}," dae gelede"],"one":"gister","other":[{"t":"idOrVar","v":"value"}," dae gelede"],"two":[{"t":"idOrVar","v":"value"}," dae gelede"],"zero":"Vandag"},"$x":[{"t":"idOrVar","v":"plural"},"value"]},{"$i":"weeks-ago-long","$v":{"few":[{"t":"idOrVar","v":"value"}," weke gelede"],"many":[{"t":"idOrVar","v":"value"}," weke gelede"],"one":"Verlede week","other":[{"t":"idOrVar","v":"value"}," weke gelede"],"two":[{"t":"idOrVar","v":"value"}," weke gelede"],"zero":"Hierdie week"},"$x":[{"t":"idOrVar","v":"plural"},"value"]},{"$i":"months-ago-long","$v":{"few":[{"t":"idOrVar","v":"value"}," maande gelede"],"many":[{"t":"idOrVar","v":"value"}," maande gelede"],"one":"Verlede maand","other":[{"t":"idOrVar","v":"value"}," maande gelede"],"two":[{"t":"idOrVar","v":"value"}," maande gelede"],"zero":"hierdie maand"},"$x":[{"t":"idOrVar","v":"plural"},"value"]},{"$i":"years-ago-long","$v":{"few":[{"t":"idOrVar","v":"value"}," jare gelede"],"many":[{"t":"idOrVar","v":"value"}," jare gelede"],"one":"Verlede jaar","other":[{"t":"idOrVar","v":"value"}," jare gelede"],"two":[{"t":"idOrVar","v":"value"}," jare gelede"],"zero":"Hierdie jaar"},"$x":[{"t":"idOrVar","v":"plural"},"value"]},{"$i":"minutes-until-long","$v":{"few":["In ",{"t":"idOrVar","v":"value"}," minute"],"many":["In ",{"t":"idOrVar","v":"value"}," minute"],"one":"In ‘n minuut","other":["In ",{"t":"idOrVar","v":"value"}," minute"],"two":["In ",{"t":"idOrVar","v":"value"}," minute"],"zero":"Nou"},"$x":[{"t":"idOrVar","v":"plural"},"value"]},{"$i":"hours-until-long","$v":{"few":["In ",{"t":"idOrVar","v":"value"}," ure"],"many":["In ",{"t":"idOrVar","v":"value"}," ure"],"one":"In ‘n uur","other":["In ",{"t":"idOrVar","v":"value"}," ure"],"two":["In ",{"t":"idOrVar","v":"value"}," ure"],"zero":"Nou"},"$x":[{"t":"idOrVar","v":"plural"},"value"]},{"$i":"days-until-long","$v":{"few":["In ",{"t":"idOrVar","v":"value"}," dae"],"many":["In ",{"t":"idOrVar","v":"value"}," dae"],"one":"môre","other":["In ",{"t":"idOrVar","v":"value"}," dae"],"two":["In ",{"t":"idOrVar","v":"value"}," dae"],"zero":"Vandag"},"$x":[{"t":"idOrVar","v":"plural"},"value"]},{"$i":"weeks-until-long","$v":{"few":["In ",{"t":"idOrVar","v":"value"}," weke"],"many":["In ",{"t":"idOrVar","v":"value"}," weke"],"one":"volgende week","other":["In ",{"t":"idOrVar","v":"value"}," weke"],"two":["In ",{"t":"idOrVar","v":"value"}," weke"],"zero":"Hierdie week"},"$x":[{"t":"idOrVar","v":"plural"},"value"]},{"$i":"months-until-long","$v":{"few":["In ",{"t":"idOrVar","v":"value"}," maande"],"many":["In ",{"t":"idOrVar","v":"value"}," maande"],"one":"Volgende maand","other":["In ",{"t":"idOrVar","v":"value"}," maande"],"two":["In ",{"t":"idOrVar","v":"value"}," maande"],"zero":"hierdie maand"},"$x":[{"t":"idOrVar","v":"plural"},"value"]},{"$i":"years-until-long","$v":{"few":["In ",{"t":"idOrVar","v":"value"}," jare"],"many":["In ",{"t":"idOrVar","v":"value"}," jare"],"one":"Volgende jaar","other":["In ",{"t":"idOrVar","v":"value"}," jare"],"two":["In ",{"t":"idOrVar","v":"value"}," jare"],"zero":"Hierdie jaar"},"$x":[{"t":"idOrVar","v":"plural"},"value"]},{"$i":"minutes-ago-short","$v":{"other":[{"t":"idOrVar","v":"value"},"m gelede"],"zero":"nou net"},"$x":[{"t":"idOrVar","v":"plural"},"value"]},{"$i":"hours-ago-short","$v":{"other":[{"t":"idOrVar","v":"value"},"u gelede"],"zero":"nou net"},"$x":[{"t":"idOrVar","v":"plural"},"value"]},{"$i":"days-ago-short","$v":{"other":[{"t":"idOrVar","v":"value"},"d gelede"],"zero":"Vandag"},"$x":[{"t":"idOrVar","v":"plural"},"value"]},{"$i":"minutes-until-short","$v":{"other":["In ",{"t":"idOrVar","v":"value"},"m"],"zero":"Nou"},"$x":[{"t":"idOrVar","v":"plural"},"value"]},{"$i":"hours-until-short","$v":{"other":["In ",{"t":"idOrVar","v":"value"}," u"],"zero":"Nou"},"$x":[{"t":"idOrVar","v":"plural"},"value"]},{"$i":"days-until-short","$v":{"other":["In ",{"t":"idOrVar","v":"value"},"d"],"zero":"Vandag"},"$x":[{"t":"idOrVar","v":"plural"},"value"]},{"$i":"incorrectDate","$v":"(verkeerde datum)"},{"$i":"dateTimeFormat_%c","$v":"%a %b %e %Y %I:%M:%S %p"},{"$i":"dateTimeFormat_%x","$v":"%m/%d/%Y"},{"$i":"dateTimeFormat_%X","$v":"%I:%M:%S %p"},{"$i":"shortTimeFormat","$v":"%I:%M %p"},{"$i":"shortTimeFormat12","$v":"%I:%M %p"},{"$i":"shortTimeFormat24","$v":"%H:%M"},{"$i":"shortDateTimeFormat","$v":"%X %I:%M %p"},{"$i":"weekStartsOnMonday","$v":"0.0"},{"$i":"firstDayOfTheWeek","$v":"0.0"},{"$i":"time_am","$v":"VM"},{"$i":"time_pm","$v":"NM"}]