[{"$i":"search-or-enter-address","placeholder":"بحث عن عنوان أو إدخاله"},{"$i":"delete-title","$v":["حذف ",{"t":"idOrVar","v":"name"}]},{"$i":"delete-body","$v":["سيتم حذف ",{"t":"idOrVar","v":"name"}," وجميع بياناته."]},{"$i":"delete","$v":"حذف"},{"$i":"cancel","$v":"إلغاء"},{"$i":"apps","$v":"التطبيقات"},{"$i":"menu","$v":"القائمة"},{"$i":"notifications","$v":"إشعارات"},{"$i":"speed-dial","$v":"اتصال سريع"},{"$i":"select","$v":"تحديد"},{"$i":"move","$v":"نقل"},{"$i":"ok","$v":"موافق"},{"$i":"set","$v":"ضبط"},{"$i":"edit","$v":"تحرير"},{"$i":"call","$v":"اتصال"},{"$i":"message","$v":"رسالة"},{"$i":"options","$v":"الخيارات"},{"$i":"assign","$v":"تعيين"},{"$i":"remove","$v":"إزالة"},{"$i":"replace","$v":"استبدال"},{"$i":"more","$v":"المزيد"},{"$i":"settings","$v":"الإعدادات"},{"$i":"contacts","$v":"جهات الاتصال"},{"$i":"list-view","$v":"عرض القائمة"},{"$i":"grid-view","$v":"عرض الشبكة"},{"$i":"single-view","$v":"طريقة عرض مفردة"},{"$i":"skip","$v":"تخطي"},{"$i":"shortcuts","$v":"الاختصارات"},{"$i":"next","$v":"التالي"},{"$i":"instant-settings","$v":"إعدادات فورية"},{"$i":"flashlight","$v":"ضوء الفلاش"},{"$i":"brightness","$v":"سطوع"},{"$i":"volume","$v":"مستوى الصوت"},{"$i":"camera","$v":"الكاميرا"},{"$i":"calculator","$v":"الحاسبة"},{"$i":"airplane-mode","$v":"وضع الطيران"},{"$i":"wifi","$v":"Wi-Fi"},{"$i":"bluetooth","$v":"بلوتوث"},{"$i":"cellular-data","$v":"بيانات الهاتف المحمول"},{"$i":"on","$v":"فعّال"},{"$i":"off","$v":"غيرفعّال"},{"$i":"percentage-number","$v":[{"t":"idOrVar","v":"number"},"%"]},{"$i":"voicemail","$v":"البريد الصوتي"},{"$i":"speed-dial-not-empty","ariaLabel":[{"t":"idOrVar","v":"order"},"، ",{"t":"idOrVar","v":"name"}]},{"$i":"speed-dial-empty","ariaLabel":[{"t":"idOrVar","v":"order"},"، فارغ"]},{"$i":"remove-speed-dial","$v":["هل تريد بالتأكيد إزالة ",{"t":"idOrVar","v":"name"}," من الاتصال السريع؟"]},{"$i":"replace-speed-dial","$v":["هل تريد بالتأكيد استبدال ",{"t":"idOrVar","v":"name"}," بـ ",{"t":"idOrVar","v":"subName"}," ؟"]},{"$i":"assign-speed-dial","$v":["لم تتم إضافة جهة الاتصال كاتصال سريع على الزر ",{"t":"idOrVar","v":"n"},". تعيين الآن؟"]},{"$i":"assign-voicemail","$v":"لم يتم تعيين رقم البريد الصوتي."},{"$i":"alert-for-contacts-without-number","$v":"لا تتوفر جهات اتصال مع رقم هاتف."},{"$i":"option-remove","$v":"إزالة من الاتصال السريع"},{"$i":"option-replace","$v":"استبدال"},{"$i":"all-apps","$v":"كل التطبيقات"},{"$i":"uninstall","$v":"إلغاء التثبيت"},{"$i":"confirm-to-uninstall-app","$v":["إزالة تثبيت تطبيق ",{"t":"idOrVar","v":"appName"},"؟"]},{"$i":"confirm-to-unpin-bookmark","$v":"إزالة تثبيت الموقع؟"},{"$i":"unpin","$v":"إلغاء التثبيت"},{"$i":"rename","$v":"إعادة تسمية"},{"$i":"title","$v":"العنوان"},{"$i":"add-to-existing-contact","$v":"إضافة إلى جهة اتصال موجودة"},{"$i":"create-new-contact","$v":"إنشاء جهة اتصال جديدة"},{"$i":"sending","$v":"جارٍ الإرسال..."},{"$i":"video-call","$v":"مكالمة فيديو"},{"$i":"rtt-call","$v":"اتصال RTT"},{"$i":"callAirplaneModeTitle","$v":"تم تنشيط وضع الطائرة"},{"$i":"callAirplaneModeMessage","$v":"لإجراء اتصال، يجب تعطيل وضع الطائرة في الإعدادات."},{"$i":"emergencyDialogTitle","$v":"لا يوجد اتصال بالشبكة"},{"$i":"emergencyDialogBodyBadNumber","$v":"لإجراء اتصال، يجب أن يكون الهاتف متصلاً بشبكة."},{"$i":"emergencyDialogBodyDeviceNotAccepted","$v":"مكالمات الطوارئ غير مسموح بها بواسطة الشبكة."},{"$i":"invalidNumberToDialTitle","$v":"رقم الهاتف غير صالح"},{"$i":"invalidNumberToDialMessage","$v":"رقم الهاتف الذي تتصل به غير صالح."},{"$i":"emergency-call-only","$v":"مكالمات الطوارئ فقط"},{"$i":"emergency-call-error","$v":[{"t":"idOrVar","v":"number"}," ليس رقم طوارئ."]},{"$i":"numberIsBusyTitle","$v":"الرقم مشغول"},{"$i":"numberIsBusyMessage","$v":"الرقم مشغول حاليًا. يرجى إعادة المحاولة لاحقًا."},{"$i":"fdnIsActiveTitle","$v":"FDN نشطة"},{"$i":"fdnIsActiveMessage","$v":["تم تنشيط FDN (أرقام الطلب الثابت) والرقم التالي غير موجود في قائمة FDN الخاصة بك: ",{"t":"idOrVar","v":"number"}]},{"$i":"otherConnectionInUseTitle","$v":"اتصال آخر قيد الاستخدام"},{"$i":"otherConnectionInUseMessage","$v":"لديك مكالمة نشطة على اتصال آخر. يمكنك استخدام اتصال واحد فقط في كل مرة."},{"$i":"GenericFailure","$v":"فشل"},{"$i":"CallFailed","$v":"فشل الاتصال"},{"$i":"scCallBarring","$v":"حظر المكالمات"},{"$i":"scCallForwarding","$v":"تحويل المكالمات"},{"$i":"scClip","$v":"المعرَف بجهة الاتصال"},{"$i":"scClir","$v":"معرف المتصل الصادر"},{"$i":"scPwd","$v":"تغيير كلمة السر"},{"$i":"scCallWaiting","$v":"إنتظار المكالمة"},{"$i":"scPin","$v":"تغيير رمز PIN"},{"$i":"scPin2","$v":"تغيير رمز PIN2"},{"$i":"scPuk","$v":"فك إقفال PIN"},{"$i":"scPuk2","$v":"فك أقفال PIN2"},{"$i":"scImei","$v":"IMEI"},{"$i":"scMeid","$v":"MEID"},{"$i":"scUssd","$v":"USSD"},{"$i":"deviceIsUnlocked","$v":"تم إلغاء قفل الجهاز"},{"$i":"simUnlockCodeAccepted","$v":"تم قبول رمز إلغاء قفل بطاقة SIM"},{"$i":"simUnlockCodeFailed","$v":"فشل إلغاء قفل بطاقة SIM"},{"$i":"personal","$v":"شخصي"},{"$i":"mobile","$v":"المحمول"},{"$i":"home","$v":"المنزل"},{"$i":"work","$v":"العمل"},{"$i":"fax-home","$v":"فاكس المنزل"},{"$i":"fax-office","$v":"فاكس المكتب"},{"$i":"fax-other","$v":"فاكس آخر"},{"$i":"homescreen-settings","$v":"إعدادات الشاشة الرئيسية"},{"$i":"change-wallpaper","$v":"تغيير الخلفية"},{"$i":"add-smart-collections","$v":"إضافة مجموعات ذكية"},{"$i":"edit-mode","$v":"تحرير"},{"$i":"edit-done","$v":"تم"},{"$i":"tutorial-for-side-menu-1","$v":"اضغط على المفتاح \"الأيسر\" للوصول إلى التطبيقات على اليمين."},{"$i":"tutorial-for-instant-settings-1","$v":"اضغط على المفتاح \"العلوي\" للإعدادات شائعة الاستخدام."},{"$i":"tutorial-for-notices","$v":"اضغط مفتاح RIGHT (يمين) لعرض الإشعارات الجديدة."},{"$i":"tutorial-for-google-assistant-1","$v":"اضغط مع الاستمرار على \"موافق\" للتحدث."},{"$i":"tutorial-for-voice-input-1","$v":"اضغط مطولًا على \"موافق\" للتحدث في حقل النص."},{"$i":"stop-download-title","$v":["إيقاف ",{"t":"idOrVar","v":"name"}]},{"$i":"stop-download-body","$v":"هل تريد إيقاف التنزيل قيد التقدم؟"},{"$i":"stop-download-action","$v":"إيقاف"},{"$i":"resume-download-title","$v":"إعادة تشغيل التنزيل"},{"$i":"resume-download-body","$v":["هل ترغب في تنزيل ",{"t":"idOrVar","v":"name"},"؟"]},{"$i":"resume-download-action","$v":"تنزيل"},{"$i":"edit-group-header","$v":"تحرير المجموعة"},{"$i":"tcl-wallpaper-changed","$v":"تم تغيير الخلفية"},{"$i":"gaia-shortcut-app-updated","$v":"تم تحديث التطبيق"},{"$i":"clocks-updated","$v":"تم تحديث الساعات"},{"$i":"longDateFormat","$v":"%A، %B %e"},{"$i":"app-title","$v":"تطبيقاتي"},{"$i":"app-uninstall","$v":["تم إلغاء تثبيت ",{"t":"idOrVar","v":"name"}]},{"$i":"confirmation","$v":"تأكيد"},{"$i":"noSimCard","$v":"لا توجد بطاقة SIM"},{"$i":"noService","$v":"لا توجد خدمة"},{"$i":"eccOnly","$v":"Emergency calls only"},{"$i":"emergencyCallsOnly","$v":"Emergency calls only"},{"$i":"searching","$v":"جارٍ البحث…"},{"$i":"lockedSim","$v":"بطاقة SIM مؤمنة"},{"$i":"clockDateFormat","$v":"%a, %e %b"},{"$i":"apn-sim1","$v":"APN Settings - SIM1"},{"$i":"apn-sim2","$v":"APN Settings - SIM2"},{"$i":"apnDefaultConfig","$v":"APN Default Config"},{"$i":"apn-defaultconfig-message","$v":"Set which type of apn to used"},{"$i":"apnConfigPostpay","$v":"Postpay APN"},{"$i":"apnConfigPrepay","$v":"Prepay APN"},{"$i":"qtn_sm_toast_set_ICE_first","$v":"لا توجد أسماء ICE، يرجى الذهاب إلى ضبط \"الأسماء\" أو قائمة خيارات معلومات ICE"},{"$i":"qtn_sm_toast_google_assist","$v":"ضغطة مطولة أو الضغط المزدوج لمساعد Google"},{"$i":"qtn_sm_toast_sos_call_msg","$v":"ضغطة مطولة أو الضغط المزدوج لاتصال SOS / رسالة SOS"},{"$i":"nocard-eccOnly","$v":"No SIM card-Emergency calls only"},{"$i":"unusablecard-eccOnly","$v":"Unusable SIM card-Emergency calls only"},{"$i":"sim-with-index-and-carrier","$v":["SIM ",{"t":"idOrVar","v":"index"}," - ",{"t":"idOrVar","v":"carrier"}]},{"$i":"sim-without-carrier","$v":["SIM ",{"t":"idOrVar","v":"index"}]},{"$i":"call-forwarding-async","$v":["غير متزامن: ",{"t":"idOrVar","v":"async"}]},{"$i":"call-forwarding-data","$v":["معلومات: ",{"t":"idOrVar","v":"data"}]},{"$i":"call-forwarding-error","$v":"حدث خطأ عند محاولة الحصول على حالة تحويل المكالمات"},{"$i":"call-forwarding-fax","$v":["فاكس: ",{"t":"idOrVar","v":"fax"}]},{"$i":"call-forwarding-inactive","$v":"غير فعال"},{"$i":"call-forwarding-packet","$v":["حزمة: ",{"t":"idOrVar","v":"packet"}]},{"$i":"call-forwarding-pad","$v":["باد: ",{"t":"idOrVar","v":"pad"}]},{"$i":"call-forwarding-sms","$v":["رسالة قصيرة: ",{"t":"idOrVar","v":"sms"}]},{"$i":"call-forwarding-status","$v":"حالة تحويل المكالمات"},{"$i":"call-forwarding-sync","$v":["متزامن: ",{"t":"idOrVar","v":"sync"}]},{"$i":"call-forwarding-voice","$v":["صوت: ",{"t":"idOrVar","v":"voice"}]},{"$i":"call-forwarding-voice-after-seconds","$v":["الصوت: ",{"t":"idOrVar","v":"voice"}," بعد ",{"t":"idOrVar","v":"timeSeconds"}," من الثواني"]},{"$i":"fihVersion","$v":"FIH Version"},{"$i":"serviceClassVoice","$v":"صوت"},{"$i":"serviceClassData","$v":"بيانات"},{"$i":"serviceClassFax","$v":"فاكس"},{"$i":"serviceClassSms","$v":"رسالة نصية"},{"$i":"serviceClassDataSync","$v":"مزامنة"},{"$i":"serviceClassDataAsync","$v":"متزامن"},{"$i":"serviceClassPacket","$v":"الحزمة"},{"$i":"serviceClassPad","$v":"PAD"},{"$i":"smServiceEnabled","$v":"تم تفعيل الخدمة"},{"$i":"smServiceDisabled","$v":"تم تعطيل الخدمة"},{"$i":"smServiceRegistered","$v":"تم التسجيل بنجاح"},{"$i":"smServiceErased","$v":"تم المحو بنجاح"},{"$i":"smServiceInterrogated","$v":"تم الطلب بنجاح"},{"$i":"smServiceNotProvisioned","$v":"خدمة غير متوفرة"},{"$i":"smClirPermanent","$v":"لا يمكنك تغيير إعداد معرف المتصل"},{"$i":"smClirDefaultOnNextCallOn","$v":"الإعدادات الافتراضية لإظهار رقم المتصل هي مقيدة. المكالمة التالية: مقيدة"},{"$i":"smClirDefaultOnNextCallOff","$v":"الإعدادات الافتراضية لإظهار رقم المتصل هي مقيدة. المكالمة التالية: غير مقيدة"},{"$i":"smClirDefaultOffNextCallOn","$v":"الإعدادات الافتراضية لإظهار رقم المتصل هي غير مقيدة. المكالمة التالية: مقيدة"},{"$i":"smClirDefaultOffNextCallOff","$v":"الإعدادات الافتراضية لإظهار رقم المتصل هي غيرمقيدة. المكالمة التالية: غير مقيدة"},{"$i":"smServiceEnabledFor","$v":"تم تفعيل الخدمة ل:"},{"$i":"smPinChanged","$v":"تمَّ تغيير PIN بنجاح"},{"$i":"smPinUnblocked","$v":"رفع الحجب عن PIN بنجاح"},{"$i":"smPin2Changed","$v":"تمَّ تغيير PIN2 بنجاح"},{"$i":"smPin2Unblocked","$v":"ُُرُفع الحجب عن PIN2 بنجاح"},{"$i":"ServiceIsEnabled","$v":"الخدمة ممكنة"},{"$i":"ServiceIsDisabled","$v":"الخدمة معطلة"},{"$i":"ServiceIsEnabledFor","$v":"الخدمة ممكنة لـ:"},{"$i":"emMmiError","$v":"مشكلة في الإتصال أو رمز MMI خاطئ"},{"$i":"emMmiErrorPasswordIncorrect","$v":"كلمة سر خاطئة"},{"$i":"emMmiErrorNotSupported","$v":"رمز MMI خاطئ أو غير مدعوم"},{"$i":"emMmiErrorInvalidAction","$v":"إجراء خاطئ."},{"$i":"emMmiErrorInvalidScCode","$v":"رمز خدمة خاطئ"},{"$i":"emMmiErrorBadPuk","$v":"رمز PUK الذي قمت بإدخاله غير صحيح"},{"$i":"emMmiErrorBadPin","$v":"PIN القديم الذي كتبته غير صحيح."},{"$i":"emMmiErrorNeedPuk2","$v":"قم بإدخال رمز PUK2 لفتح الشريحة"},{"$i":"emMmiErrorMismatchPin","$v":"لا يوجد تطابق بين رموز PIN التي أدخلتها"},{"$i":"emMmiErrorInvalidPin","$v":"قم بإدخال رمز PIN مكون من 4 إلى 8 أرقام"},{"$i":"emMmiErrorNeedsPuk","$v":"شريحتك مغلقة برمز PUK"},{"$i":"emMmiErrorEnablePin","$v":"غير ناجح , قم بتفعيل قفل ال SIM/RUIM"},{"$i":"emMmiErrorMmiFdn","$v":"العملية تقتصرعلى أرقام إاتصال ثابتة فقط"},{"$i":"emMmiErrorStkCcUssdDial","$v":"يتم تعديل طلب USSD لطلب DIAL"},{"$i":"emMmiErrorStkCcUssdSs","$v":"طلب USSD تعدل الى طلب SS"},{"$i":"emMmiErrorStkCcUssdUssd","$v":"يتم تعديل طلب USSD لطلب USSD جديد"},{"$i":"emMmiErrorStkCcSsDial","$v":"يتم تعديل الطلب SS لطلب DIAL"},{"$i":"emMmiErrorStkCcSsUssd","$v":"يتم تعديل الطلب SS لطلب USSD"},{"$i":"emMmiErrorStkCcSsSs","$v":"طلب SS تعدل الى طلب SS جديد"},{"$i":"emMmiErrorPinPukAttempts","$v":{"few":["تبقى ",{"t":"idOrVar","v":"n"}," المحاولات"],"many":["تبقى ",{"t":"idOrVar","v":"n"}," محاولة"],"one":"بقيت محاولة واحدة فقط","other":["تبقى ",{"t":"idOrVar","v":"n"}," محاولة"],"two":"تبقت محاولتين اثنتين"},"$x":[{"t":"idOrVar","v":"plural"},"n"]},{"$i":"emMmiErrorSimBlocked","$v":"لقد تجاوزت الحد الأقصى من المحولات . حُجِبت الـ SIM"},{"$i":"RadioNotAvailable","$v":"الراديو غير متوفر"},{"$i":"PasswordIncorrect","$v":"كلمة سر غير صحيحة"},{"$i":"SimPin2","$v":"SIM PIN2"},{"$i":"SimPuk2","$v":"SIM PUK2"},{"$i":"RequestNotSupported","$v":"الطلب غير مدعوم"},{"$i":"OpNotAllowedDuringVoiceCall","$v":"العملية غير مسموحة أثناء الإتصال الصوتي"},{"$i":"SmsSendFailRetry","$v":"فشل في إرسال SMS اعدالمحاولة"},{"$i":"SimAbsent","$v":"الشريحة غير موجودة"},{"$i":"SubscriptionNotAvailable","$v":"الإشتراك غير متاح"},{"$i":"ModeNotSupported","$v":"الوضع غير مدعوم"},{"$i":"FdnCheckFailure","$v":"فشل اختيار Fdn"},{"$i":"IllegalSimOrMe","$v":"SIM غير قانونية أو ME"},{"$i":"DialModifiedToUssd","$v":"طلب تعديل USSD"},{"$i":"DialModifiedToSs","$v":"طلب تعديل SS"},{"$i":"DialModifiedToDial","$v":"عدّل الإتصال الهاتفي للإتصال"},{"$i":"UssdModifiedToDial","$v":"تعديل USSD للإتصال"},{"$i":"UssdModifiedToSs","$v":"تعديل USSD إلى SS"},{"$i":"UssdModifiedToUssd","$v":"تعديل USSD إلى USSD"},{"$i":"SsModifiedToDial","$v":"تعديل SS للاتصال"},{"$i":"SsModifiedToUssd","$v":"تعديل SS إلىUSSD"},{"$i":"SsModifiedToSs","$v":"تعديل SS إلى SS"},{"$i":"SubscriptionNotSupported","$v":"الإشتراك غير مدعوم"},{"$i":"InvalidParameter","$v":"معامل غير صالح"},{"$i":"RejectedByRemote","$v":"تم الرفض من طرف الخادم"},{"$i":"GetEmptyUssdPrompt","$v":"تم تلقي رد فارغ."},{"$i":"label","$v":"تسمية"},{"$i":"faxHome","$v":"فاكس المنزل"},{"$i":"faxOffice","$v":"فاكس المكتب"},{"$i":"faxOther","$v":"فاكس آخر"},{"$i":"another","$v":"أخرى"},{"$i":"other","$v":"أخرى"},{"$i":"tcl-customTag","$v":"علامة مخصصة"},{"$i":"customTag","$v":"علامة مخصصة","placeholder":"علامة مخصصة"},{"$i":"current","$v":"الحالي"},{"$i":"itemWithLabel","$v":[{"t":"idOrVar","v":"label"},", ",{"t":"idOrVar","v":"item"}]},{"$i":"weekday-0-long","$v":"الأحد"},{"$i":"weekday-1-long","$v":"الإثنين"},{"$i":"weekday-2-long","$v":"الثلاثاء"},{"$i":"weekday-3-long","$v":"الأربعاء"},{"$i":"weekday-4-long","$v":"الخميس"},{"$i":"weekday-5-long","$v":"الجمعة"},{"$i":"weekday-6-long","$v":"السبت"},{"$i":"weekday-0-short","$v":"أحد"},{"$i":"weekday-1-short","$v":"إثنين"},{"$i":"weekday-2-short","$v":"ثلاثاء"},{"$i":"weekday-3-short","$v":"أربعاء"},{"$i":"weekday-4-short","$v":"خميس"},{"$i":"weekday-5-short","$v":"جمعة"},{"$i":"weekday-6-short","$v":"سبت"},{"$i":"month-0-long","$v":"يناير"},{"$i":"month-1-long","$v":"فبراير"},{"$i":"month-2-long","$v":"مارس"},{"$i":"month-3-long","$v":"أبريل"},{"$i":"month-4-long","$v":"مايو"},{"$i":"month-5-long","$v":"يونيو"},{"$i":"month-6-long","$v":"يوليو"},{"$i":"month-7-long","$v":"أغسطس"},{"$i":"month-8-long","$v":"سبتمبر"},{"$i":"month-9-long","$v":"أكتوبر"},{"$i":"month-10-long","$v":"نوفمبر"},{"$i":"month-11-long","$v":"ديسمبر"},{"$i":"month-0-genitive","$v":"يناير"},{"$i":"month-1-genitive","$v":"فبراير"},{"$i":"month-2-genitive","$v":"مارس"},{"$i":"month-3-genitive","$v":"أبريل"},{"$i":"month-4-genitive","$v":"مايو"},{"$i":"month-5-genitive","$v":"يونيو"},{"$i":"month-6-genitive","$v":"يوليو"},{"$i":"month-7-genitive","$v":"أغسطس"},{"$i":"month-8-genitive","$v":"سبتمبر"},{"$i":"month-9-genitive","$v":"أكتوبر"},{"$i":"month-10-genitive","$v":"نوفمبر"},{"$i":"month-11-genitive","$v":"ديسمبر"},{"$i":"month-0-short","$v":"يناير"},{"$i":"month-1-short","$v":"فبراير"},{"$i":"month-2-short","$v":"مارس"},{"$i":"month-3-short","$v":"ابريل"},{"$i":"month-4-short","$v":"مايو"},{"$i":"month-5-short","$v":"يونيو"},{"$i":"month-6-short","$v":"يوليو"},{"$i":"month-7-short","$v":"أغسطس"},{"$i":"month-8-short","$v":"سبتمبر"},{"$i":"month-9-short","$v":"أكتوبر"},{"$i":"month-10-short","$v":"نوفمبر"},{"$i":"month-11-short","$v":"ديسمبر"},{"$i":"minutes-ago-long","$v":{"few":["منذ ",{"t":"idOrVar","v":"value"}," دقائق"],"many":["منذ ",{"t":"idOrVar","v":"value"}," دقائق"],"one":"منذ دقيقة","other":["منذ ",{"t":"idOrVar","v":"value"}," دقائق"],"two":["منذ ",{"t":"idOrVar","v":"value"}," دقائق"],"zero":"الآن"},"$x":[{"t":"idOrVar","v":"plural"},"value"]},{"$i":"hours-ago-long","$v":{"few":["قبل ",{"t":"idOrVar","v":"value"}," ساعات"],"many":["قبل ",{"t":"idOrVar","v":"value"}," ساعة"],"one":"قبل ساعة واحدة","other":["قبل ",{"t":"idOrVar","v":"value"}," ساعة"],"two":"منذ ساعتين","zero":"الآن"},"$x":[{"t":"idOrVar","v":"plural"},"value"]},{"$i":"days-ago-long","$v":{"few":["قبل ",{"t":"idOrVar","v":"value"}," أيام"],"many":["قبل ",{"t":"idOrVar","v":"value"}," يوم"],"one":"الأمس","other":["قبل ",{"t":"idOrVar","v":"value"}," يوم"],"two":"قبل يومين","zero":"اليوم"},"$x":[{"t":"idOrVar","v":"plural"},"value"]},{"$i":"weeks-ago-long","$v":{"few":["منذ ",{"t":"idOrVar","v":"value"}," أسابيع"],"many":["منذ ",{"t":"idOrVar","v":"value"}," أسابيع"],"one":"الأسبوع الماضي","other":["منذ ",{"t":"idOrVar","v":"value"}," أسابيع"],"two":["منذ ",{"t":"idOrVar","v":"value"}," أسابيع"],"zero":"هذا الأسبوع"},"$x":[{"t":"idOrVar","v":"plural"},"value"]},{"$i":"months-ago-long","$v":{"few":["منذ ",{"t":"idOrVar","v":"value"}," أشهر"],"many":["منذ ",{"t":"idOrVar","v":"value"}," أشهر"],"one":"الشهر الماضي","other":["منذ ",{"t":"idOrVar","v":"value"}," أشهر"],"two":["منذ ",{"t":"idOrVar","v":"value"}," أشهر"],"zero":"هذا الشهر"},"$x":[{"t":"idOrVar","v":"plural"},"value"]},{"$i":"years-ago-long","$v":{"few":["منذ ",{"t":"idOrVar","v":"value"}," سنوات"],"many":["منذ ",{"t":"idOrVar","v":"value"}," سنة"],"one":"السنة الماضية","other":["منذ ",{"t":"idOrVar","v":"value"}," سنة"],"two":"منذ سنتين","zero":"هذه السنة"},"$x":[{"t":"idOrVar","v":"plural"},"value"]},{"$i":"minutes-until-long","$v":{"few":["خلال ",{"t":"idOrVar","v":"value"}," دقائق"],"many":["خلال ",{"t":"idOrVar","v":"value"}," دقيقة"],"one":"خلال دقيقة","other":["خلال ",{"t":"idOrVar","v":"value"}," دقيقة"],"two":"خلال دقيقتين","zero":"الآن"},"$x":[{"t":"idOrVar","v":"plural"},"value"]},{"$i":"hours-until-long","$v":{"few":["خلال ",{"t":"idOrVar","v":"value"}," ساعات"],"many":["خلال ",{"t":"idOrVar","v":"value"}," ساعة"],"one":"خلال ساعة","other":["خلال ",{"t":"idOrVar","v":"value"}," ساعة"],"two":"خلال ساعتين","zero":"الآن"},"$x":[{"t":"idOrVar","v":"plural"},"value"]},{"$i":"days-until-long","$v":{"few":["خلال ",{"t":"idOrVar","v":"value"}," أيام"],"many":["خلال ",{"t":"idOrVar","v":"value"}," يوم"],"one":"غداً","other":["خلال ",{"t":"idOrVar","v":"value"}," يوم"],"two":"خلال يومين","zero":"اليوم"},"$x":[{"t":"idOrVar","v":"plural"},"value"]},{"$i":"weeks-until-long","$v":{"few":["خلال ",{"t":"idOrVar","v":"value"}," أسابيع"],"many":["خلال ",{"t":"idOrVar","v":"value"}," أسبوع"],"one":"الأسبوع القادم","other":["خلال ",{"t":"idOrVar","v":"value"}," أسبوع"],"two":"خلال اسبوعين","zero":"هذا الأسبوع"},"$x":[{"t":"idOrVar","v":"plural"},"value"]},{"$i":"months-until-long","$v":{"few":["خلال ",{"t":"idOrVar","v":"value"}," أشهر"],"many":["خلال ",{"t":"idOrVar","v":"value"}," شهر"],"one":"الشهر القادم","other":["خلال ",{"t":"idOrVar","v":"value"}," شهر"],"two":"خلال شهرين","zero":"هذا الشهر"},"$x":[{"t":"idOrVar","v":"plural"},"value"]},{"$i":"years-until-long","$v":{"few":["خلال ",{"t":"idOrVar","v":"value"}," سنوات"],"many":["خلال ",{"t":"idOrVar","v":"value"}," سنة"],"one":"السنة القادمة","other":["خلال ",{"t":"idOrVar","v":"value"}," سنة"],"two":"خلال سنتين","zero":"هذه السنة"},"$x":[{"t":"idOrVar","v":"plural"},"value"]},{"$i":"minutes-ago-short","$v":{"other":["منذ ",{"t":"idOrVar","v":"value"}," دقيقة"],"zero":"الآن"},"$x":[{"t":"idOrVar","v":"plural"},"value"]},{"$i":"hours-ago-short","$v":{"other":["منذ ",{"t":"idOrVar","v":"value"}," س"],"zero":"الآن"},"$x":[{"t":"idOrVar","v":"plural"},"value"]},{"$i":"days-ago-short","$v":{"other":["منذ ",{"t":"idOrVar","v":"value"}," ي"],"zero":"اليوم"},"$x":[{"t":"idOrVar","v":"plural"},"value"]},{"$i":"minutes-until-short","$v":{"other":["خلال ",{"t":"idOrVar","v":"value"}," د"],"zero":"الآن"},"$x":[{"t":"idOrVar","v":"plural"},"value"]},{"$i":"hours-until-short","$v":{"other":["خلال ",{"t":"idOrVar","v":"value"}," س"],"zero":"الآن"},"$x":[{"t":"idOrVar","v":"plural"},"value"]},{"$i":"days-until-short","$v":{"other":["خلال ",{"t":"idOrVar","v":"value"}," ي"],"zero":"اليوم"},"$x":[{"t":"idOrVar","v":"plural"},"value"]},{"$i":"incorrectDate","$v":"(تاريخ غير صحيح)"},{"$i":"dateTimeFormat_%c","$v":"%a %e %b %Y %I:%M:%S %p"},{"$i":"dateTimeFormat_%x","$v":"%Y/%m/%d"},{"$i":"dateTimeFormat_%X","$v":"%I:%M:%S %p"},{"$i":"shortTimeFormat","$v":"%I:%M %p"},{"$i":"shortTimeFormat12","$v":"%I:%M %p"},{"$i":"shortTimeFormat24","$v":"%H:%M"},{"$i":"shortDateTimeFormat","$v":"%x %I:%M %p"},{"$i":"weekStartsOnMonday","$v":"0.0"},{"$i":"firstDayOfTheWeek","$v":"0.0"},{"$i":"time_am","$v":"ص"},{"$i":"time_pm","$v":"م"}]