[{"$i":"search-or-enter-address","placeholder":"Ünvanı axtar və ya daxil et"},{"$i":"delete-title","$v":[{"t":"idOrVar","v":"name"}," sil"]},{"$i":"delete-body","$v":[{"t":"idOrVar","v":"name"}," və onun bütün məlumatları silinəcək."]},{"$i":"delete","$v":"Sil"},{"$i":"cancel","$v":"Ləğv et"},{"$i":"apps","$v":"Proqramlar"},{"$i":"menu","$v":"Menyu"},{"$i":"notifications","$v":"Bildirişlər"},{"$i":"speed-dial","$v":"Sürətli Nömrə Yığımı"},{"$i":"select","$v":"Seç"},{"$i":"move","$v":"Köçür"},{"$i":"ok","$v":"OK"},{"$i":"set","$v":"Qur"},{"$i":"edit","$v":"Redaktə et"},{"$i":"call","$v":"Zəng"},{"$i":"message","$v":"Mesaj"},{"$i":"options","$v":"Seçimlər"},{"$i":"assign","$v":"Təyin et"},{"$i":"remove","$v":"Sil"},{"$i":"replace","$v":"Əvəz et"},{"$i":"more","$v":"Daha çox"},{"$i":"settings","$v":"Parametrlər"},{"$i":"contacts","$v":"Kontaktlar"},{"$i":"list-view","$v":"Siyahı görünüşü"},{"$i":"grid-view","$v":"Tor Xətləri Görünüşü"},{"$i":"single-view","$v":"Vahid görünüş"},{"$i":"skip","$v":"Ötür"},{"$i":"shortcuts","$v":"Qısa yollar"},{"$i":"next","$v":"Növbəti"},{"$i":"instant-settings","$v":"ani parametrlər"},{"$i":"flashlight","$v":"Fənər"},{"$i":"brightness","$v":"Parlaqlıq"},{"$i":"volume","$v":"Səs səviyyəsi"},{"$i":"camera","$v":"Kamera"},{"$i":"calculator","$v":"Kalkulyator"},{"$i":"airplane-mode","$v":"Təyyarə Rejimi"},{"$i":"wifi","$v":"Wi-Fi"},{"$i":"bluetooth","$v":"Bluetooth"},{"$i":"cellular-data","$v":"Mobil Məlumat"},{"$i":"on","$v":"Aktiv"},{"$i":"off","$v":"Qeyri-aktiv"},{"$i":"percentage-number","$v":[{"t":"idOrVar","v":"number"},"%"]},{"$i":"voicemail","$v":"Səsli poçt"},{"$i":"speed-dial-not-empty","ariaLabel":[{"t":"idOrVar","v":"order"},", ",{"t":"idOrVar","v":"name"}]},{"$i":"speed-dial-empty","ariaLabel":[{"t":"idOrVar","v":"order"},", boşalt"]},{"$i":"remove-speed-dial","$v":[{"t":"idOrVar","v":"name"},"-i Sürətli Nömrə Yığımından çıxarmaq istədiyinizə əminsiniz?"]},{"$i":"replace-speed-dial","$v":[{"t":"idOrVar","v":"name"}," ",{"t":"idOrVar","v":"subName"}," Ilə dəyişdirilsin?"]},{"$i":"assign-speed-dial","$v":["Kontakt ",{"t":"idOrVar","v":"n"}," düyməsində sürətli nömrə yığımı kimi təyin edilməmişdi. İndi təyin edilsin?"]},{"$i":"assign-voicemail","$v":"Səsli Poçt nömrəsi müəyyən edilməyib."},{"$i":"alert-for-contacts-without-number","$v":"Telefon nömrəsi ilə əlçatan olan kontakt yoxdur."},{"$i":"option-remove","$v":"Sür Nöm Yığım sil"},{"$i":"option-replace","$v":"Əvəz et"},{"$i":"all-apps","$v":"Bütün-proqramlar"},{"$i":"uninstall","$v":"Quraşdırmanı ləğv et"},{"$i":"confirm-to-uninstall-app","$v":[{"t":"idOrVar","v":"appName"}," silinsin?"]},{"$i":"confirm-to-unpin-bookmark","$v":"Veb-sayt ayrılsın?"},{"$i":"unpin","$v":"Çıxar"},{"$i":"rename","$v":"Adını dəyişdir"},{"$i":"title","$v":"Başlıq"},{"$i":"add-to-existing-contact","$v":"Mövcud kontakta əlavə et"},{"$i":"create-new-contact","$v":"Yeni kontakt yarat"},{"$i":"sending","$v":"Göndə​rilir…"},{"$i":"video-call","$v":"Video zəng"},{"$i":"rtt-call","$v":"RTT zəngi"},{"$i":"callAirplaneModeTitle","$v":"Təyyarə rejimi activ edildi"},{"$i":"callAirplaneModeMessage","$v":"Zəng etmək üçün parametrlərdə təyyarə rejimini qeyri-aktiv etməlisiniz."},{"$i":"emergencyDialogTitle","$v":"Heç bir şəbəkə bağlantısı yoxdur"},{"$i":"emergencyDialogBodyBadNumber","$v":"Zəng etmək üçün telefon şəbəkəyə qoşulmalıdır."},{"$i":"emergencyDialogBodyDeviceNotAccepted","$v":"Təcili zənglərə şəbəkə tərəfindən icazə verilmir."},{"$i":"invalidNumberToDialTitle","$v":"Yanlış telefon nömrəsi"},{"$i":"invalidNumberToDialMessage","$v":"Zəng etdiyiniz telefon nömrəsi etibarsızdır."},{"$i":"emergency-call-only","$v":"Yalnız Təcili Zəng"},{"$i":"emergency-call-error","$v":[{"t":"idOrVar","v":"number"}," təcili nömrə deyil."]},{"$i":"numberIsBusyTitle","$v":"Nömrə məşğuldur"},{"$i":"numberIsBusyMessage","$v":"Nömrə hazırda məşğuldur. Daha sonra yenidən cəhd edin."},{"$i":"fdnIsActiveTitle","$v":"FDN aktivdir"},{"$i":"fdnIsActiveMessage","$v":["FDN (Sabit Nömrə Yığımı Nömrələri) aktiv edildi və aşağıdakı nömrə FDN siyahınızda deyil: ",{"t":"idOrVar","v":"number"}]},{"$i":"otherConnectionInUseTitle","$v":"Dig bağl istif edilir"},{"$i":"otherConnectionInUseMessage","$v":"Sizin başqa bağlantıda aktiv zənginiz var. Eyni vaxtda yalnız bir bağlantı istifadə edə bilərsiniz."},{"$i":"GenericFailure","$v":"Ümumi uğursuzluq"},{"$i":"CallFailed","$v":"Zəng baş tutmadı"},{"$i":"scCallBarring","$v":"Zəng qadağası"},{"$i":"scCallForwarding","$v":"Zəng yönləndirmə"},{"$i":"scClip","$v":"Gələn Zəngedənin ID-si"},{"$i":"scClir","$v":"Gedən Zəngedənin ID-si"},{"$i":"scPwd","$v":"Parol dəyişikliyi"},{"$i":"scCallWaiting","$v":"Zəng gözləmə"},{"$i":"scPin","$v":"PIN dəyişmə"},{"$i":"scPin2","$v":"PIN2 dəyişmə"},{"$i":"scPuk","$v":"PIN-i blokdan aç"},{"$i":"scPuk2","$v":"PIN2 blokdan aç"},{"$i":"scImei","$v":"IMEI"},{"$i":"scMeid","$v":"MEID"},{"$i":"scUssd","$v":"USSD"},{"$i":"deviceIsUnlocked","$v":"Cihaz kiliddən çıxarıldı"},{"$i":"simUnlockCodeAccepted","$v":"SIM kiliddən çıxarma kodu qəbul edildi"},{"$i":"simUnlockCodeFailed","$v":"SIM-in kiliddən çıxarılması uğursuz oldu"},{"$i":"personal","$v":"Şəxsi"},{"$i":"mobile","$v":"Mobil"},{"$i":"home","$v":"Ev"},{"$i":"work","$v":"İş"},{"$i":"fax-home","$v":"Faks ev"},{"$i":"fax-office","$v":"Faks ofis"},{"$i":"fax-other","$v":"Faks digər"},{"$i":"homescreen-settings","$v":"Ana ekran Parametrləri"},{"$i":"change-wallpaper","$v":"Divar kağızını dəyiş"},{"$i":"add-smart-collections","$v":"Smart Kolleksiyalar əlavə et"},{"$i":"edit-mode","$v":"Redaktə et"},{"$i":"edit-done","$v":"Hazırdır"},{"$i":"tutorial-for-side-menu-1","$v":"Soldakı proqramlara giriş üçün SOL düyməsini basın."},{"$i":"tutorial-for-instant-settings-1","$v":"Ümumi parametrlər üçün YUXARI düyməsini basın."},{"$i":"tutorial-for-notices","$v":"Yeni bildirişlərə baxmaq üçün SAĞ düyməsini basın."},{"$i":"tutorial-for-google-assistant-1","$v":"Danışmaq üçün OK düyməsini basıb saxlayın."},{"$i":"tutorial-for-voice-input-1","$v":"Mətn sahəsində danışmaq üçün OK düyməsini basıb saxlayın."},{"$i":"stop-download-title","$v":["Bunu dayandır: ",{"t":"idOrVar","v":"name"}]},{"$i":"stop-download-body","$v":"Davam edən yükləməni saxlamaq istəyirsiniz?"},{"$i":"stop-download-action","$v":"Dayandır"},{"$i":"resume-download-title","$v":"Yükləməni Təkrar başla"},{"$i":"resume-download-body","$v":["Yükləmək istəyirsiniz ",{"t":"idOrVar","v":"name"},"?"]},{"$i":"resume-download-action","$v":"Yükləmə"},{"$i":"edit-group-header","$v":"qrupu redaktə et"},{"$i":"tcl-wallpaper-changed","$v":"Divar kağızı dəyişildi"},{"$i":"gaia-shortcut-app-updated","$v":"Proq. Yeniləndi"},{"$i":"clocks-updated","$v":"Saatlar yeniləndi"},{"$i":"longDateFormat","$v":"%A, %B %e"},{"$i":"app-title","$v":"Proqramlarım"},{"$i":"app-uninstall","$v":[{"t":"idOrVar","v":"name"}," silinmişdi"]},{"$i":"confirmation","$v":"Təsdiq"},{"$i":"noSimCard","$v":"Heç bir SIM kart yoxdur"},{"$i":"noService","$v":"Xidmət yoxdur"},{"$i":"eccOnly","$v":"Emergency calls only"},{"$i":"emergencyCallsOnly","$v":"Emergency calls only"},{"$i":"searching","$v":"Axtarılır..."},{"$i":"lockedSim","$v":"Kilidli SIM"},{"$i":"clockDateFormat","$v":"%a, %e %b"},{"$i":"apn-sim1","$v":"APN Settings - SIM1"},{"$i":"apn-sim2","$v":"APN Settings - SIM2"},{"$i":"apnDefaultConfig","$v":"APN Default Config"},{"$i":"apn-defaultconfig-message","$v":"Set which type of apn to used"},{"$i":"apnConfigPostpay","$v":"Postpay APN"},{"$i":"apnConfigPrepay","$v":"Prepay APN"},{"$i":"qtn_sm_toast_set_ICE_first","$v":"ICE kontaktları yoxdur, ilk olaraq onları təyin etmək üçün Kontakt parametrlərinə və ya ICE məlumatlarının seçim menyusuna keçin."},{"$i":"qtn_sm_toast_google_assist","$v":"Google assistent üçün basıb saxlayın və ya iki dəfə basın"},{"$i":"qtn_sm_toast_sos_call_msg","$v":"SOS zəngi/SOS mesajı üçün basıb saxlayın və ya iki dəfə basın"},{"$i":"nocard-eccOnly","$v":"No SIM card-Emergency calls only"},{"$i":"unusablecard-eccOnly","$v":"Unusable SIM card-Emergency calls only"},{"$i":"sim-with-index-and-carrier","$v":["SIM ",{"t":"idOrVar","v":"index"}," - ",{"t":"idOrVar","v":"carrier"}]},{"$i":"sim-without-carrier","$v":["SIM ",{"t":"idOrVar","v":"index"}]},{"$i":"call-forwarding-async","$v":["Asinxron: ",{"t":"idOrVar","v":"async"}]},{"$i":"call-forwarding-data","$v":["Məlumat: ",{"t":"idOrVar","v":"data"}]},{"$i":"call-forwarding-error","$v":"Zəng yönləndirmə statusunu çıxararkən xəta baş verdi"},{"$i":"call-forwarding-fax","$v":["FAKS: ",{"t":"idOrVar","v":"fax"}]},{"$i":"call-forwarding-inactive","$v":"Qeyri-aktiv"},{"$i":"call-forwarding-packet","$v":["Paket: ",{"t":"idOrVar","v":"packet"}]},{"$i":"call-forwarding-pad","$v":["PAD: ",{"t":"idOrVar","v":"pad"}]},{"$i":"call-forwarding-sms","$v":["SMS: ",{"t":"idOrVar","v":"sms"}]},{"$i":"call-forwarding-status","$v":"Zəng yönləndirmə statusu"},{"$i":"call-forwarding-sync","$v":["Sinxron: ",{"t":"idOrVar","v":"sync"}]},{"$i":"call-forwarding-voice","$v":["Səs: ",{"t":"idOrVar","v":"voice"}]},{"$i":"call-forwarding-voice-after-seconds","$v":["Səs: ",{"t":"idOrVar","v":"voice"}," ",{"t":"idOrVar","v":"timeSeconds"}," saniyə sonra"]},{"$i":"fihVersion","$v":"FIH Version"},{"$i":"serviceClassVoice","$v":"Səs"},{"$i":"serviceClassData","$v":"Məlumat"},{"$i":"serviceClassFax","$v":"FAKS"},{"$i":"serviceClassSms","$v":"SMS"},{"$i":"serviceClassDataSync","$v":"Sinxronlaşdırma"},{"$i":"serviceClassDataAsync","$v":"Asinx"},{"$i":"serviceClassPacket","$v":"Paket"},{"$i":"serviceClassPad","$v":"PAD"},{"$i":"smServiceEnabled","$v":"Xidmət aktiv edildi"},{"$i":"smServiceDisabled","$v":"Xidmət qeyri-aktiv edildi"},{"$i":"smServiceRegistered","$v":"Qeydiyyat uğurlu oldu"},{"$i":"smServiceErased","$v":"Silinmə uğurlu oldu"},{"$i":"smServiceInterrogated","$v":"Sorğu uğurlu oldu"},{"$i":"smServiceNotProvisioned","$v":"Xidm təmin edilmədi"},{"$i":"smClirPermanent","$v":"Zəngedənin ID parametrini dəyişdirə bilməzsiniz"},{"$i":"smClirDefaultOnNextCallOn","$v":"Zənged ID məhd aid edilir. Növbəti zəng: Məhd"},{"$i":"smClirDefaultOnNextCallOff","$v":"Zəngedənin ID-si məhdudlaşdırılanlara aid edilir. Növbəti zəng: Məhdudlaşdırılmır"},{"$i":"smClirDefaultOffNextCallOn","$v":"Zəngedənin ID-si məhdudlaşdırılmayanlara aid edilir. Növbəti zəng: Məhdudlaşdırılır"},{"$i":"smClirDefaultOffNextCallOff","$v":"Zəngedənin ID-si məhdudlaşdırılmayanlara aid edilir. Növbəti zəng: Məhdudlaşdırılmır"},{"$i":"smServiceEnabledFor","$v":"Xidm akt edildi, üçün:"},{"$i":"smPinChanged","$v":"PIN uğurla dəyişdi"},{"$i":"smPinUnblocked","$v":"PIN uğurla blokdan açıldı"},{"$i":"smPin2Changed","$v":"PIN2 uğurla dəyişdi"},{"$i":"smPin2Unblocked","$v":"PIN2 uğurla blokdan açıldı"},{"$i":"ServiceIsEnabled","$v":"Xidmət aktivdir"},{"$i":"ServiceIsDisabled","$v":"Xidmət qeyri-aktivdir"},{"$i":"ServiceIsEnabledFor","$v":"Xidmət aktivdir, üçün:"},{"$i":"emMmiError","$v":"Bağlantı problemi və ya etibarsız MMI kodu"},{"$i":"emMmiErrorPasswordIncorrect","$v":"Yanlış Parol"},{"$i":"emMmiErrorNotSupported","$v":"Yanlış və ya Dəstəklənməyən MMI Code"},{"$i":"emMmiErrorInvalidAction","$v":"Yanlış hərəkət"},{"$i":"emMmiErrorInvalidScCode","$v":"Yanlış xidmət kodu"},{"$i":"emMmiErrorBadPuk","$v":"Yazdığınız PUK səhvdir"},{"$i":"emMmiErrorBadPin","$v":"Daxil etdiyiniz köhnə PIN yanlışdır."},{"$i":"emMmiErrorNeedPuk2","$v":"SIM kartı blokdan çıxarmaq üçün PUK2 daxil et"},{"$i":"emMmiErrorMismatchPin","$v":"Daxil etdiyiniz PIN-lər uyğun gəlmir"},{"$i":"emMmiErrorInvalidPin","$v":"4–8 rəqəmli PIN daxil et"},{"$i":"emMmiErrorNeedsPuk","$v":"SIM kartınız PUK-kilidləndi."},{"$i":"emMmiErrorEnablePin","$v":"Uğursuz oldu. SIM/RUIM LOCK aktiv edilsin"},{"$i":"emMmiErrorMmiFdn","$v":"Əməliy yal sabit nömrə yığımı nömrəl ilə məhdudlaş"},{"$i":"emMmiErrorStkCcUssdDial","$v":"USSD sorğusu DIAL sorğusu üçün dəyişdirilmişdir"},{"$i":"emMmiErrorStkCcUssdSs","$v":"USSD sorğusu SS sorğusu üçün dəyişdirilmişdir"},{"$i":"emMmiErrorStkCcUssdUssd","$v":"USSD sorğusu yeni USSD sorğusu üçün dəyişdirilmişdir"},{"$i":"emMmiErrorStkCcSsDial","$v":"SS sorğusu DIAL sorğusu üçün dəyişdirilmişdir"},{"$i":"emMmiErrorStkCcSsUssd","$v":"SS sorğ USSD sorğ üç dəyişdirildi"},{"$i":"emMmiErrorStkCcSsSs","$v":"SS sorğusu yeni SS sorğusu üçün dəyişdirilmişdir"},{"$i":"emMmiErrorPinPukAttempts","$v":{"few":[{"t":"idOrVar","v":"n"}," təkrar cəhd qalır"],"many":[{"t":"idOrVar","v":"n"}," təkrar cəhd qalır"],"one":["Yal ",{"t":"idOrVar","v":"n"}," cəhd qal"],"other":[{"t":"idOrVar","v":"n"}," təkrar cəhd qalır"],"two":[{"t":"idOrVar","v":"n"}," təkrar cəhd qalır"]},"$x":[{"t":"idOrVar","v":"plural"},"n"]},{"$i":"emMmiErrorSimBlocked","$v":"Təkrar cəhdlərin maksimum sayı aşıldı. SIM bloklandı"},{"$i":"RadioNotAvailable","$v":"Radio not available"},{"$i":"PasswordIncorrect","$v":"Parol yanlışdır"},{"$i":"SimPin2","$v":"SIM PIN2"},{"$i":"SimPuk2","$v":"SIM PUK2"},{"$i":"RequestNotSupported","$v":"Sorğu dəstəklənmir"},{"$i":"OpNotAllowedDuringVoiceCall","$v":"Əməliy səsli zəng zam ic verilmir"},{"$i":"SmsSendFailRetry","$v":"SMS send fail retry"},{"$i":"SimAbsent","$v":"SIM yoxdur"},{"$i":"SubscriptionNotAvailable","$v":"Abunəlik mövcud deyil"},{"$i":"ModeNotSupported","$v":"Rejim dəstəklənmir"},{"$i":"FdnCheckFailure","$v":"Fdn yoxlama uğursuzluğu"},{"$i":"IllegalSimOrMe","$v":"Qanunsuz SIM və ya ME"},{"$i":"DialModifiedToUssd","$v":"Dial modified to USSD"},{"$i":"DialModifiedToSs","$v":"Dial modified to SS"},{"$i":"DialModifiedToDial","$v":"Dial modified to dial"},{"$i":"UssdModifiedToDial","$v":"USSD nömrə yığmaq üçün dəyişdirilmişdir"},{"$i":"UssdModifiedToSs","$v":"USSD SS üçün dəyişdirilmişdir"},{"$i":"UssdModifiedToUssd","$v":"USSD USSD üçün dəyişdirilmişdir"},{"$i":"SsModifiedToDial","$v":"SS nömrə yığmaq üçün dəyişdirilmişdir"},{"$i":"SsModifiedToUssd","$v":"SS USSD üçün dəyişdirilmişdir"},{"$i":"SsModifiedToSs","$v":"SS SS üçün dəyişdirilmişdir"},{"$i":"SubscriptionNotSupported","$v":"Abunəlik dəstəklənmir"},{"$i":"InvalidParameter","$v":"Yanlış parametr"},{"$i":"RejectedByRemote","$v":"Uzaqdan rədd edildi"},{"$i":"GetEmptyUssdPrompt","$v":"Null cavab aldı."},{"$i":"label","$v":"Etiket"},{"$i":"faxHome","$v":"Faks ev"},{"$i":"faxOffice","$v":"Faks ofis"},{"$i":"faxOther","$v":"Faks digər"},{"$i":"another","$v":"Başqa"},{"$i":"other","$v":"Digər"},{"$i":"tcl-customTag","$v":"Xüsusi teq"},{"$i":"customTag","$v":"Xüsusi teq","placeholder":"Xüsusi teq"},{"$i":"current","$v":"Cari"},{"$i":"itemWithLabel","$v":[{"t":"idOrVar","v":"label"},", ",{"t":"idOrVar","v":"item"}]},{"$i":"weekday-0-long","$v":"Bazar"},{"$i":"weekday-1-long","$v":"Bazar ertəsi"},{"$i":"weekday-2-long","$v":"Çərşənbə axşamı"},{"$i":"weekday-3-long","$v":"Çərşənbə"},{"$i":"weekday-4-long","$v":"Cümə axşamı"},{"$i":"weekday-5-long","$v":"Cümə"},{"$i":"weekday-6-long","$v":"Şənbə"},{"$i":"weekday-0-short","$v":"Bazar"},{"$i":"weekday-1-short","$v":"Bazar ertəsi"},{"$i":"weekday-2-short","$v":"Çərşənbə axşamı"},{"$i":"weekday-3-short","$v":"Çərşənbə"},{"$i":"weekday-4-short","$v":"Cümə axşamı"},{"$i":"weekday-5-short","$v":"Cüm"},{"$i":"weekday-6-short","$v":"Şənbə"},{"$i":"month-0-long","$v":"Yanvar"},{"$i":"month-1-long","$v":"Fevral"},{"$i":"month-2-long","$v":"Mart"},{"$i":"month-3-long","$v":"Aprel"},{"$i":"month-4-long","$v":"May"},{"$i":"month-5-long","$v":"İyun"},{"$i":"month-6-long","$v":"İyul"},{"$i":"month-7-long","$v":"Avqust"},{"$i":"month-8-long","$v":"Sentyabr"},{"$i":"month-9-long","$v":"Oktyabr"},{"$i":"month-10-long","$v":"Noyabr"},{"$i":"month-11-long","$v":"Dekabr"},{"$i":"month-0-genitive","$v":"Yanvar"},{"$i":"month-1-genitive","$v":"Fevral"},{"$i":"month-2-genitive","$v":"Mart"},{"$i":"month-3-genitive","$v":"Aprel"},{"$i":"month-4-genitive","$v":"May"},{"$i":"month-5-genitive","$v":"İyun"},{"$i":"month-6-genitive","$v":"İyul"},{"$i":"month-7-genitive","$v":"Avqust"},{"$i":"month-8-genitive","$v":"Sentyabr"},{"$i":"month-9-genitive","$v":"Oktyabr"},{"$i":"month-10-genitive","$v":"Noyabr"},{"$i":"month-11-genitive","$v":"Dekabr"},{"$i":"month-0-short","$v":"Yan"},{"$i":"month-1-short","$v":"Fev"},{"$i":"month-2-short","$v":"Mar"},{"$i":"month-3-short","$v":"Apr"},{"$i":"month-4-short","$v":"May"},{"$i":"month-5-short","$v":"İyun"},{"$i":"month-6-short","$v":"İyul"},{"$i":"month-7-short","$v":"Avq"},{"$i":"month-8-short","$v":"Sen"},{"$i":"month-9-short","$v":"Okt"},{"$i":"month-10-short","$v":"Noy"},{"$i":"month-11-short","$v":"Dek"},{"$i":"minutes-ago-long","$v":{"few":[{"t":"idOrVar","v":"value"}," dəqiqə əvvəl"],"many":[{"t":"idOrVar","v":"value"}," dəqiqə əvvəl"],"one":"bir dəqiqə əvvəl","other":[{"t":"idOrVar","v":"value"}," dəqiqə əvvəl"],"two":[{"t":"idOrVar","v":"value"}," dəqiqə əvvəl"],"zero":"indicə"},"$x":[{"t":"idOrVar","v":"plural"},"value"]},{"$i":"hours-ago-long","$v":{"few":[{"t":"idOrVar","v":"value"}," saat əvvəl"],"many":[{"t":"idOrVar","v":"value"}," saat əvvəl"],"one":"bir saat əvvəl","other":[{"t":"idOrVar","v":"value"}," saat əvvəl"],"two":[{"t":"idOrVar","v":"value"}," saat əvvəl"],"zero":"indicə"},"$x":[{"t":"idOrVar","v":"plural"},"value"]},{"$i":"days-ago-long","$v":{"few":[{"t":"idOrVar","v":"value"}," gün əvvəl"],"many":[{"t":"idOrVar","v":"value"}," gün əvvəl"],"one":"dünən","other":[{"t":"idOrVar","v":"value"}," gün əvvəl"],"two":[{"t":"idOrVar","v":"value"}," gün əvvəl"],"zero":"bu gün"},"$x":[{"t":"idOrVar","v":"plural"},"value"]},{"$i":"weeks-ago-long","$v":{"few":[{"t":"idOrVar","v":"value"}," həftə əvvəl"],"many":[{"t":"idOrVar","v":"value"}," həftə əvvəl"],"one":"sonuncu həftə","other":[{"t":"idOrVar","v":"value"}," həftə əvvəl"],"two":[{"t":"idOrVar","v":"value"}," həftə əvvəl"],"zero":"bu həftə"},"$x":[{"t":"idOrVar","v":"plural"},"value"]},{"$i":"months-ago-long","$v":{"few":[{"t":"idOrVar","v":"value"}," ay əvvəl"],"many":[{"t":"idOrVar","v":"value"}," ay əvvəl"],"one":"sonuncu ay","other":[{"t":"idOrVar","v":"value"}," ay əvvəl"],"two":[{"t":"idOrVar","v":"value"}," ay əvvəl"],"zero":"bu ay"},"$x":[{"t":"idOrVar","v":"plural"},"value"]},{"$i":"years-ago-long","$v":{"few":[{"t":"idOrVar","v":"value"}," il əvvəl"],"many":[{"t":"idOrVar","v":"value"}," il əvvəl"],"one":"sonuncu il","other":[{"t":"idOrVar","v":"value"}," il əvvəl"],"two":[{"t":"idOrVar","v":"value"}," il əvvəl"],"zero":"bu il"},"$x":[{"t":"idOrVar","v":"plural"},"value"]},{"$i":"minutes-until-long","$v":{"few":[{"t":"idOrVar","v":"value"}," dəqiqədə"],"many":[{"t":"idOrVar","v":"value"}," dəqiqədə"],"one":"bir dəqiqədə","other":[{"t":"idOrVar","v":"value"}," dəqiqədə"],"two":[{"t":"idOrVar","v":"value"}," dəqiqədə"],"zero":"indi"},"$x":[{"t":"idOrVar","v":"plural"},"value"]},{"$i":"hours-until-long","$v":{"few":[{"t":"idOrVar","v":"value"}," saatda"],"many":[{"t":"idOrVar","v":"value"}," saatda"],"one":"bir saatda","other":[{"t":"idOrVar","v":"value"}," saatda"],"two":[{"t":"idOrVar","v":"value"}," saatda"],"zero":"indi"},"$x":[{"t":"idOrVar","v":"plural"},"value"]},{"$i":"days-until-long","$v":{"few":[{"t":"idOrVar","v":"value"}," gündə"],"many":[{"t":"idOrVar","v":"value"}," gündə"],"one":"sabah","other":[{"t":"idOrVar","v":"value"}," gündə"],"two":[{"t":"idOrVar","v":"value"}," gündə"],"zero":"bu gün"},"$x":[{"t":"idOrVar","v":"plural"},"value"]},{"$i":"weeks-until-long","$v":{"few":[{"t":"idOrVar","v":"value"}," həftədə"],"many":[{"t":"idOrVar","v":"value"}," həftədə"],"one":"növbəti həftə","other":[{"t":"idOrVar","v":"value"}," həftədə"],"two":[{"t":"idOrVar","v":"value"}," həftədə"],"zero":"bu həftə"},"$x":[{"t":"idOrVar","v":"plural"},"value"]},{"$i":"months-until-long","$v":{"few":[{"t":"idOrVar","v":"value"}," ayda"],"many":[{"t":"idOrVar","v":"value"}," ayda"],"one":"növbəti ay","other":[{"t":"idOrVar","v":"value"}," ayda"],"two":[{"t":"idOrVar","v":"value"}," ayda"],"zero":"bu ay"},"$x":[{"t":"idOrVar","v":"plural"},"value"]},{"$i":"years-until-long","$v":{"few":[{"t":"idOrVar","v":"value"}," ildə"],"many":[{"t":"idOrVar","v":"value"}," ildə"],"one":"növbəti il","other":[{"t":"idOrVar","v":"value"}," ildə"],"two":[{"t":"idOrVar","v":"value"}," ildə"],"zero":"bu il"},"$x":[{"t":"idOrVar","v":"plural"},"value"]},{"$i":"minutes-ago-short","$v":{"other":[{"t":"idOrVar","v":"value"},"d əvvəl"],"zero":"indicə"},"$x":[{"t":"idOrVar","v":"plural"},"value"]},{"$i":"hours-ago-short","$v":{"other":[{"t":"idOrVar","v":"value"},"s əvvəl"],"zero":"indicə"},"$x":[{"t":"idOrVar","v":"plural"},"value"]},{"$i":"days-ago-short","$v":{"other":[{"t":"idOrVar","v":"value"},"g əvvəl"],"zero":"bu gün"},"$x":[{"t":"idOrVar","v":"plural"},"value"]},{"$i":"minutes-until-short","$v":{"other":[{"t":"idOrVar","v":"value"}," d-də"],"zero":"indi"},"$x":[{"t":"idOrVar","v":"plural"},"value"]},{"$i":"hours-until-short","$v":{"other":[{"t":"idOrVar","v":"value"}," s-da"],"zero":"indi"},"$x":[{"t":"idOrVar","v":"plural"},"value"]},{"$i":"days-until-short","$v":{"other":[{"t":"idOrVar","v":"value"}," g-də"],"zero":"bu gün"},"$x":[{"t":"idOrVar","v":"plural"},"value"]},{"$i":"incorrectDate","$v":"(yanlış tarix)"},{"$i":"dateTimeFormat_%c","$v":"%a %b %e %Y %I:%M:%S %p"},{"$i":"dateTimeFormat_%x","$v":"%m/%d/%Y"},{"$i":"dateTimeFormat_%X","$v":"%I:%M:%S %p"},{"$i":"shortTimeFormat","$v":"%I:%M %p"},{"$i":"shortTimeFormat12","$v":"%I:%M %p"},{"$i":"shortTimeFormat24","$v":"%H:%M"},{"$i":"shortDateTimeFormat","$v":"%x %I:%M %p"},{"$i":"weekStartsOnMonday","$v":"0.0"},{"$i":"firstDayOfTheWeek","$v":"1.0"},{"$i":"time_am","$v":"AM"},{"$i":"time_pm","$v":"PM"}]