[{"$i":"search-or-enter-address","placeholder":"Traži ili unesi adresu"},{"$i":"delete-title","$v":["Izbriši ",{"t":"idOrVar","v":"name"}]},{"$i":"delete-body","$v":[{"t":"idOrVar","v":"name"}," i svi njegovi/njeni podaci će biti izbrisani."]},{"$i":"delete","$v":"Izbriši"},{"$i":"cancel","$v":"Otkaži"},{"$i":"apps","$v":"Aplikacije"},{"$i":"menu","$v":"Meni"},{"$i":"notifications","$v":"Napomene"},{"$i":"speed-dial","$v":"Brzo biranje"},{"$i":"select","$v":"Odaberi"},{"$i":"move","$v":"Premjesti"},{"$i":"ok","$v":"OK"},{"$i":"set","$v":"Postavi"},{"$i":"edit","$v":"Uredi"},{"$i":"call","$v":"Poziv"},{"$i":"message","$v":"Poruka"},{"$i":"options","$v":"Opcije"},{"$i":"assign","$v":"Dodijeli"},{"$i":"remove","$v":"Ukloni"},{"$i":"replace","$v":"Zamij."},{"$i":"more","$v":"Više"},{"$i":"settings","$v":"Postavke"},{"$i":"contacts","$v":"Kontakti"},{"$i":"list-view","$v":"Prikaz spiska"},{"$i":"grid-view","$v":"Prikaz koordinatne mreže"},{"$i":"single-view","$v":"Jednostruki prikaz"},{"$i":"skip","$v":"Preskoči"},{"$i":"shortcuts","$v":"Prečice"},{"$i":"next","$v":"Sljedeće"},{"$i":"instant-settings","$v":"instant podešavanja"},{"$i":"flashlight","$v":"Bat. lampa"},{"$i":"brightness","$v":"Osvjetljenje"},{"$i":"volume","$v":"Jačina zvuka"},{"$i":"camera","$v":"Fotoaparat"},{"$i":"calculator","$v":"Kalkulator"},{"$i":"airplane-mode","$v":"Način rada u avionu"},{"$i":"wifi","$v":"Wi-Fi"},{"$i":"bluetooth","$v":"Bluetooth"},{"$i":"cellular-data","$v":"Mobilni podaci"},{"$i":"on","$v":"Uklj."},{"$i":"off","$v":"Isklj."},{"$i":"percentage-number","$v":[{"t":"idOrVar","v":"number"},"%"]},{"$i":"voicemail","$v":"Govorna pošta"},{"$i":"speed-dial-not-empty","ariaLabel":[{"t":"idOrVar","v":"order"},", ",{"t":"idOrVar","v":"name"}]},{"$i":"speed-dial-empty","ariaLabel":[{"t":"idOrVar","v":"order"},", prazno"]},{"$i":"remove-speed-dial","$v":["Jeste li sigurni da želite ukloniti ",{"t":"idOrVar","v":"name"}," iz brzog biranja?"]},{"$i":"replace-speed-dial","$v":["Jeste li sigurni da želite zamijeniti ",{"t":"idOrVar","v":"name"}," sa ",{"t":"idOrVar","v":"subName"}," ?"]},{"$i":"assign-speed-dial","$v":["Kontakt nije dodat u brzo biranje na ",{"t":"idOrVar","v":"n"},". Dodaj sada?"]},{"$i":"assign-voicemail","$v":"Broj govorne pošte nije postavljen."},{"$i":"alert-for-contacts-without-number","$v":"Nisu dostupni kontakti s brojevima telefona."},{"$i":"option-remove","$v":"Ukloni iz brzog biranja"},{"$i":"option-replace","$v":"Zamij."},{"$i":"all-apps","$v":"Sve aplikacije"},{"$i":"uninstall","$v":"Deinstaliraj"},{"$i":"confirm-to-uninstall-app","$v":["Deinstalirati aplikaciju ",{"t":"idOrVar","v":"appName"},"?"]},{"$i":"confirm-to-unpin-bookmark","$v":"Otkačiti web lokaciju?"},{"$i":"unpin","$v":"Skini oznaku"},{"$i":"rename","$v":"Preimenuj"},{"$i":"title","$v":"Zanimanje"},{"$i":"add-to-existing-contact","$v":"Dodaj postojećem kontaktu"},{"$i":"create-new-contact","$v":"Kreiraj novi kontakt"},{"$i":"sending","$v":"Slanje…"},{"$i":"video-call","$v":"Video poziv"},{"$i":"rtt-call","$v":"RTT poziv"},{"$i":"callAirplaneModeTitle","$v":"Režim u avionu aktiviran"},{"$i":"callAirplaneModeMessage","$v":"Da biste uputili poziv, potrebno je onemogućiti režim u avionu u podešavanjima."},{"$i":"emergencyDialogTitle","$v":"Nema internet veze"},{"$i":"emergencyDialogBodyBadNumber","$v":"Da biste uputili poziv, telefon mora biti povezan na mrežu."},{"$i":"emergencyDialogBodyDeviceNotAccepted","$v":"Pozive u nuždi ne dozvoljava mreža."},{"$i":"invalidNumberToDialTitle","$v":"Nevažeći broj telefona"},{"$i":"invalidNumberToDialMessage","$v":"Broj telefona koji zovete nije važeći."},{"$i":"emergency-call-only","$v":"Samo pozivi u nuždi"},{"$i":"emergency-call-error","$v":[{"t":"idOrVar","v":"number"}," nije broj za hitne slučajeve."]},{"$i":"numberIsBusyTitle","$v":"Broj je zauzet"},{"$i":"numberIsBusyMessage","$v":"Broj je trenutno zauzet. Pokušajte ponovo kasnije."},{"$i":"fdnIsActiveTitle","$v":"FDN je aktiviran"},{"$i":"fdnIsActiveMessage","$v":["FDN (brojevi fiksnog biranja) je aktiviran i sljedeći broj nije na vašoj FDN listi: ",{"t":"idOrVar","v":"number"}]},{"$i":"otherConnectionInUseTitle","$v":"Druga veza u upotrebi"},{"$i":"otherConnectionInUseMessage","$v":"Imate aktivan poziv na druoj vezi. Ne možete koristiti obje veze u isto vrijeme."},{"$i":"GenericFailure","$v":"Generički neuspjeh"},{"$i":"CallFailed","$v":"Poziv nije uspio"},{"$i":"scCallBarring","$v":"Zabrana poziva"},{"$i":"scCallForwarding","$v":"Preusmj. poz."},{"$i":"scClip","$v":"ID pozivaoca"},{"$i":"scClir","$v":"ID odlaznog pozivaoca"},{"$i":"scPwd","$v":"Promjenjena lozinka"},{"$i":"scCallWaiting","$v":"Poziv na ček"},{"$i":"scPin","$v":"Promjena PIN koda"},{"$i":"scPin2","$v":"Promjena PIN2 koda"},{"$i":"scPuk","$v":"Deblokiraj PIN kôd"},{"$i":"scPuk2","$v":"Deblokiraj PIN2 kôd"},{"$i":"scImei","$v":"IMEI"},{"$i":"scMeid","$v":"MEID"},{"$i":"scUssd","$v":"USSD"},{"$i":"deviceIsUnlocked","$v":"Uređaj je otključan"},{"$i":"simUnlockCodeAccepted","$v":"Kôd za otključavanje SIM-a je prihvaćen"},{"$i":"simUnlockCodeFailed","$v":"Neuspješno otključavanje SIM-a"},{"$i":"personal","$v":"Lično"},{"$i":"mobile","$v":"Mobilni"},{"$i":"home","$v":"Kućni"},{"$i":"work","$v":"Posao"},{"$i":"fax-home","$v":"Kućni faks"},{"$i":"fax-office","$v":"Uredski faks"},{"$i":"fax-other","$v":"Drugi faks"},{"$i":"homescreen-settings","$v":"Podešavanja početnog ekrana"},{"$i":"change-wallpaper","$v":"Promijeni sliku pozadine"},{"$i":"add-smart-collections","$v":"Dodaj pametne kolekcije"},{"$i":"edit-mode","$v":"Uredi"},{"$i":"edit-done","$v":"Završeno"},{"$i":"tutorial-for-side-menu-1","$v":"Pritisnite tipku LIJEVO za pristup aplikacijama s lijeva."},{"$i":"tutorial-for-instant-settings-1","$v":"Pritisnite tipku GORE za često korištene postavke."},{"$i":"tutorial-for-notices","$v":"Pritisnite tipku DESNO da vidite nova obavještenja."},{"$i":"tutorial-for-google-assistant-1","$v":"Pritisnite dugo Uredu da biste govorili."},{"$i":"tutorial-for-voice-input-1","$v":"Pritisnite dugo Uredu da biste govorili u polju za tekst."},{"$i":"stop-download-title","$v":["Zaustavi ",{"t":"idOrVar","v":"name"}]},{"$i":"stop-download-body","$v":"Želite li zaustaviti preuzimanje u toku?"},{"$i":"stop-download-action","$v":"Zaustavi"},{"$i":"resume-download-title","$v":"Restartuj preuzimanje"},{"$i":"resume-download-body","$v":["Želite li preuzeti ",{"t":"idOrVar","v":"name"},"?"]},{"$i":"resume-download-action","$v":"Preuzmi"},{"$i":"edit-group-header","$v":"Uredi grupu"},{"$i":"tcl-wallpaper-changed","$v":"Pozadina promijenjena"},{"$i":"gaia-shortcut-app-updated","$v":"Aplikacija ažurirana"},{"$i":"clocks-updated","$v":"Satovi ažurirani"},{"$i":"longDateFormat","$v":"%A, %B %e"},{"$i":"app-title","$v":"Moje aplikacije"},{"$i":"app-uninstall","$v":[{"t":"idOrVar","v":"name"}," je deinstaliran"]},{"$i":"confirmation","$v":"Potvrda"},{"$i":"noSimCard","$v":"Nema SIM kartice"},{"$i":"noService","$v":"Nema usluge"},{"$i":"eccOnly","$v":"Emergency calls only"},{"$i":"emergencyCallsOnly","$v":"Emergency calls only"},{"$i":"searching","$v":"Pretraživanje..."},{"$i":"lockedSim","$v":"Zaključana SIM kartica"},{"$i":"clockDateFormat","$v":"%a, %e %b"},{"$i":"apn-sim1","$v":"APN Settings - SIM1"},{"$i":"apn-sim2","$v":"APN Settings - SIM2"},{"$i":"apnDefaultConfig","$v":"APN Default Config"},{"$i":"apn-defaultconfig-message","$v":"Set which type of apn to used"},{"$i":"apnConfigPostpay","$v":"Postpay APN"},{"$i":"apnConfigPrepay","$v":"Prepay APN"},{"$i":"qtn_sm_toast_set_ICE_first","$v":"Nema ICE kontakata Idite na postavke kontakata ili meni opcija ICE informacija da ih postavite."},{"$i":"qtn_sm_toast_google_assist","$v":"Dugo pritisnite ili dvaput pritisnite za Google Assistanta"},{"$i":"qtn_sm_toast_sos_call_msg","$v":"Dugo pritisnite ili dvaput pritisnite za SOS poziv/SOS poruku"},{"$i":"nocard-eccOnly","$v":"No SIM card-Emergency calls only"},{"$i":"unusablecard-eccOnly","$v":"Unusable SIM card-Emergency calls only"},{"$i":"sim-with-index-and-carrier","$v":["SIM ",{"t":"idOrVar","v":"index"}," - ",{"t":"idOrVar","v":"carrier"}]},{"$i":"sim-without-carrier","$v":["SIM ",{"t":"idOrVar","v":"index"}]},{"$i":"call-forwarding-async","$v":["Asinhroni: ",{"t":"idOrVar","v":"async"}]},{"$i":"call-forwarding-data","$v":["Podaci: ",{"t":"idOrVar","v":"data"}]},{"$i":"call-forwarding-error","$v":"Došlo je do greške tokom preuzimanja statusa proslijeđivanja poziva"},{"$i":"call-forwarding-fax","$v":["FAKS: ",{"t":"idOrVar","v":"fax"}]},{"$i":"call-forwarding-inactive","$v":"Neaktivno"},{"$i":"call-forwarding-packet","$v":["Paket: ",{"t":"idOrVar","v":"packet"}]},{"$i":"call-forwarding-pad","$v":["PAD: ",{"t":"idOrVar","v":"pad"}]},{"$i":"call-forwarding-sms","$v":["SMS: ",{"t":"idOrVar","v":"sms"}]},{"$i":"call-forwarding-status","$v":"Status preusmj. poziva"},{"$i":"call-forwarding-sync","$v":["Sinhroni: ",{"t":"idOrVar","v":"sync"}]},{"$i":"call-forwarding-voice","$v":["Glas: ",{"t":"idOrVar","v":"voice"}]},{"$i":"call-forwarding-voice-after-seconds","$v":["Glas: ",{"t":"idOrVar","v":"voice"}," nakon ",{"t":"idOrVar","v":"timeSeconds"}," s"]},{"$i":"fihVersion","$v":"FIH Version"},{"$i":"serviceClassVoice","$v":"Govor"},{"$i":"serviceClassData","$v":"Podaci"},{"$i":"serviceClassFax","$v":"FAKS"},{"$i":"serviceClassSms","$v":"SMS"},{"$i":"serviceClassDataSync","$v":"Sinhronizuj"},{"$i":"serviceClassDataAsync","$v":"Async"},{"$i":"serviceClassPacket","$v":"Paket"},{"$i":"serviceClassPad","$v":"PAD"},{"$i":"smServiceEnabled","$v":"Usluga je omog."},{"$i":"smServiceDisabled","$v":"Usluga je onemogućena"},{"$i":"smServiceRegistered","$v":"Registracija uspješna"},{"$i":"smServiceErased","$v":"Brisanje uspješno"},{"$i":"smServiceInterrogated","$v":"Zahtjev uspješan"},{"$i":"smServiceNotProvisioned","$v":"Usluga nije obezbjeđena"},{"$i":"smClirPermanent","$v":"Možete promijeniti postavku ID pozivaoca"},{"$i":"smClirDefaultOnNextCallOn","$v":"ID pozivatelja zabranjen. Sljedeći poziv: zabranjen"},{"$i":"smClirDefaultOnNextCallOff","$v":"ID pozivatelja ograničen. Sljedeći poziv: nije ograničen"},{"$i":"smClirDefaultOffNextCallOn","$v":"ID pozivatelja nije zabranjen. Sljedeći poziv: zabranjen"},{"$i":"smClirDefaultOffNextCallOff","$v":"ID pozivatelja nije zabranjen. Sljedeći poziv: nije zabranjen"},{"$i":"smServiceEnabledFor","$v":"Usluga je omog. za:"},{"$i":"smPinChanged","$v":"PIN uspješno promijenjen"},{"$i":"smPinUnblocked","$v":"PIN uspješno odblokiran"},{"$i":"smPin2Changed","$v":"PIN2 uspješno promijenjen"},{"$i":"smPin2Unblocked","$v":"PIN2 uspješno odblokiran"},{"$i":"ServiceIsEnabled","$v":"Usluga je omog."},{"$i":"ServiceIsDisabled","$v":"Usluga je onemog."},{"$i":"ServiceIsEnabledFor","$v":"Usluga je omog. za:"},{"$i":"emMmiError","$v":"Probem sa povezivanjem ili nepravilan MMI kod"},{"$i":"emMmiErrorPasswordIncorrect","$v":"Netačna lozinka"},{"$i":"emMmiErrorNotSupported","$v":"Nevažeći ili nepodržan MMI kôd"},{"$i":"emMmiErrorInvalidAction","$v":"Nevažeća akcija"},{"$i":"emMmiErrorInvalidScCode","$v":"Nevažeći broj servisa"},{"$i":"emMmiErrorBadPuk","$v":"PUK kôd koji ste unijeli nije tačan"},{"$i":"emMmiErrorBadPin","$v":"Stari PIN kôd koji ste unijeli nije tačan."},{"$i":"emMmiErrorNeedPuk2","$v":"Unesi PUK2 da otključate SIM karticu"},{"$i":"emMmiErrorMismatchPin","$v":"PIN kodovi koje ste unijeli se ne poklapaju"},{"$i":"emMmiErrorInvalidPin","$v":"Unesi PIN koji sadrži od 4 do 8 brojeva"},{"$i":"emMmiErrorNeedsPuk","$v":"Vaša SIM kartica je zaključana PUK kodom"},{"$i":"emMmiErrorEnablePin","$v":"Neuspješno. Omogući SIM/RUIM LOCK"},{"$i":"emMmiErrorMmiFdn","$v":"Radnja ograničena samo na brojeve za fiksno biranje"},{"$i":"emMmiErrorStkCcUssdDial","$v":"USSD zahtjev je modificiran za zahtjev ZVANJA"},{"$i":"emMmiErrorStkCcUssdSs","$v":"USSD zahtjev je modificiran za SS zahtjev"},{"$i":"emMmiErrorStkCcUssdUssd","$v":"USSD zahtjev je modificiran za novi USSD zahtjev"},{"$i":"emMmiErrorStkCcSsDial","$v":"SS zahtjev je modificiran za zahtjev ZVANJA"},{"$i":"emMmiErrorStkCcSsUssd","$v":"SS zahtjev modificiran za USSD zahtjev"},{"$i":"emMmiErrorStkCcSsSs","$v":"SS zahtjev modificiran za novi SS zahtjev"},{"$i":"emMmiErrorPinPukAttempts","$v":{"few":[{"t":"idOrVar","v":"n"}," pokušaja ostalo"],"many":[{"t":"idOrVar","v":"n"}," pokušaja ostalo"],"one":["Preostao samo ",{"t":"idOrVar","v":"n"}," pokušaj"],"other":[{"t":"idOrVar","v":"n"}," pokušaja ostalo"],"two":[{"t":"idOrVar","v":"n"}," pokušaja ostalo"]},"$x":[{"t":"idOrVar","v":"plural"},"n"]},{"$i":"emMmiErrorSimBlocked","$v":"Dostignut je maksimalni broj pokušaja. SIM kartica blokirana."},{"$i":"RadioNotAvailable","$v":"Radio not available"},{"$i":"PasswordIncorrect","$v":"Netačna lozinka"},{"$i":"SimPin2","$v":"SIM PIN2"},{"$i":"SimPuk2","$v":"SIM PUK2"},{"$i":"RequestNotSupported","$v":"Zahtjev nije podržan"},{"$i":"OpNotAllowedDuringVoiceCall","$v":"Radnja nije dozvoljena tokom govornog poziva"},{"$i":"SmsSendFailRetry","$v":"Neuspješno ponovno slanje SMS poruke"},{"$i":"SimAbsent","$v":"Nema SIM kartice"},{"$i":"SubscriptionNotAvailable","$v":"Pretplata nije dostupna"},{"$i":"ModeNotSupported","$v":"Režim nije podržan"},{"$i":"FdnCheckFailure","$v":"Neuspjela provjera Fdn-a"},{"$i":"IllegalSimOrMe","$v":"Nelegalna SIM ili ME"},{"$i":"DialModifiedToUssd","$v":"Dial modified to USSD"},{"$i":"DialModifiedToSs","$v":"Dial modified to SS"},{"$i":"DialModifiedToDial","$v":"Dial modified to dial"},{"$i":"UssdModifiedToDial","$v":"USSD modificiran za zvanje"},{"$i":"UssdModifiedToSs","$v":"USSD modificiran za SS"},{"$i":"UssdModifiedToUssd","$v":"USSD modificiran za USSD"},{"$i":"SsModifiedToDial","$v":"SS modificiran za zvanje"},{"$i":"SsModifiedToUssd","$v":"SS modificiran za USSD"},{"$i":"SsModifiedToSs","$v":"SS modificiran za SS"},{"$i":"SubscriptionNotSupported","$v":"Pretplata nije podržana"},{"$i":"InvalidParameter","$v":"Nevažeći parametar"},{"$i":"RejectedByRemote","$v":"Odbačeno daljinski"},{"$i":"GetEmptyUssdPrompt","$v":"Primljen je nulti odgovor."},{"$i":"label","$v":"Oznaka"},{"$i":"faxHome","$v":"Kućni faks"},{"$i":"faxOffice","$v":"Uredski faks"},{"$i":"faxOther","$v":"Drugi faks"},{"$i":"another","$v":"Još jedna"},{"$i":"other","$v":"Ostalo"},{"$i":"tcl-customTag","$v":"Prilagođena oznaka"},{"$i":"customTag","$v":"Prilagođena oznaka","placeholder":"Prilagođena oznaka"},{"$i":"current","$v":"Trenutno"},{"$i":"itemWithLabel","$v":[{"t":"idOrVar","v":"label"},", ",{"t":"idOrVar","v":"item"}]},{"$i":"weekday-0-long","$v":"Nedjelja"},{"$i":"weekday-1-long","$v":"Ponedjeljak"},{"$i":"weekday-2-long","$v":"Utorak"},{"$i":"weekday-3-long","$v":"Srijeda"},{"$i":"weekday-4-long","$v":"Četvrtak"},{"$i":"weekday-5-long","$v":"Petak"},{"$i":"weekday-6-long","$v":"Subota"},{"$i":"weekday-0-short","$v":"Ned."},{"$i":"weekday-1-short","$v":"Pon."},{"$i":"weekday-2-short","$v":"Uto."},{"$i":"weekday-3-short","$v":"Sri."},{"$i":"weekday-4-short","$v":"Čet."},{"$i":"weekday-5-short","$v":"Pet."},{"$i":"weekday-6-short","$v":"Sub."},{"$i":"month-0-long","$v":"Januar"},{"$i":"month-1-long","$v":"Februar"},{"$i":"month-2-long","$v":"Mart"},{"$i":"month-3-long","$v":"April"},{"$i":"month-4-long","$v":"Maj"},{"$i":"month-5-long","$v":"Juni"},{"$i":"month-6-long","$v":"Juli"},{"$i":"month-7-long","$v":"Avgust"},{"$i":"month-8-long","$v":"Septembar"},{"$i":"month-9-long","$v":"Oktobar"},{"$i":"month-10-long","$v":"Novembar"},{"$i":"month-11-long","$v":"Decembar"},{"$i":"month-0-genitive","$v":"Januar"},{"$i":"month-1-genitive","$v":"Februar"},{"$i":"month-2-genitive","$v":"Mart"},{"$i":"month-3-genitive","$v":"April"},{"$i":"month-4-genitive","$v":"Maj"},{"$i":"month-5-genitive","$v":"Juni"},{"$i":"month-6-genitive","$v":"Juli"},{"$i":"month-7-genitive","$v":"Avgust"},{"$i":"month-8-genitive","$v":"Septembar"},{"$i":"month-9-genitive","$v":"Oktobar"},{"$i":"month-10-genitive","$v":"Novembar"},{"$i":"month-11-genitive","$v":"Decembar"},{"$i":"month-0-short","$v":"Jan."},{"$i":"month-1-short","$v":"Feb."},{"$i":"month-2-short","$v":"Mart"},{"$i":"month-3-short","$v":"Apr."},{"$i":"month-4-short","$v":"Maj"},{"$i":"month-5-short","$v":"Juni"},{"$i":"month-6-short","$v":"Juli"},{"$i":"month-7-short","$v":"Avg."},{"$i":"month-8-short","$v":"Sep."},{"$i":"month-9-short","$v":"Okt."},{"$i":"month-10-short","$v":"Nov."},{"$i":"month-11-short","$v":"Dec."},{"$i":"minutes-ago-long","$v":{"few":["Prije ",{"t":"idOrVar","v":"value"}," minute/a"],"many":["Prije ",{"t":"idOrVar","v":"value"}," minute/a"],"one":"prije jedan minut","other":["Prije ",{"t":"idOrVar","v":"value"}," minute/a"],"two":["Prije ",{"t":"idOrVar","v":"value"}," minute/a"],"zero":"sada"},"$x":[{"t":"idOrVar","v":"plural"},"value"]},{"$i":"hours-ago-long","$v":{"few":["Prije ",{"t":"idOrVar","v":"value"}," sata/i"],"many":["Prije ",{"t":"idOrVar","v":"value"}," sata/i"],"one":"prije sat vremena","other":["Prije ",{"t":"idOrVar","v":"value"}," sata/i"],"two":["Prije ",{"t":"idOrVar","v":"value"}," sata/i"],"zero":"sada"},"$x":[{"t":"idOrVar","v":"plural"},"value"]},{"$i":"days-ago-long","$v":{"few":["prije ",{"t":"idOrVar","v":"value"}," dana"],"many":["prije ",{"t":"idOrVar","v":"value"}," dana"],"one":"jučer","other":["prije ",{"t":"idOrVar","v":"value"}," dana"],"two":["prije ",{"t":"idOrVar","v":"value"}," dana"],"zero":"danas"},"$x":[{"t":"idOrVar","v":"plural"},"value"]},{"$i":"weeks-ago-long","$v":{"few":["Prije ",{"t":"idOrVar","v":"value"}," sedmice/a"],"many":["Prije ",{"t":"idOrVar","v":"value"}," sedmice/a"],"one":"prošle sedmice","other":["Prije ",{"t":"idOrVar","v":"value"}," sedmice/a"],"two":["Prije ",{"t":"idOrVar","v":"value"}," sedmice/a"],"zero":"ova sedmica"},"$x":[{"t":"idOrVar","v":"plural"},"value"]},{"$i":"months-ago-long","$v":{"few":["Prije ",{"t":"idOrVar","v":"value"}," mjeseca/i"],"many":["Prije ",{"t":"idOrVar","v":"value"}," mjeseca/i"],"one":"prošli mjesec","other":["Prije ",{"t":"idOrVar","v":"value"}," mjeseca/i"],"two":["Prije ",{"t":"idOrVar","v":"value"}," mjeseca/i"],"zero":"ovaj mjesec"},"$x":[{"t":"idOrVar","v":"plural"},"value"]},{"$i":"years-ago-long","$v":{"few":["Prije ",{"t":"idOrVar","v":"value"}," godine/a"],"many":["Prije ",{"t":"idOrVar","v":"value"}," godine/a"],"one":"prošle godine","other":["Prije ",{"t":"idOrVar","v":"value"}," godine/a"],"two":["Prije ",{"t":"idOrVar","v":"value"}," godine/a"],"zero":"ova godina"},"$x":[{"t":"idOrVar","v":"plural"},"value"]},{"$i":"minutes-until-long","$v":{"few":["za ",{"t":"idOrVar","v":"value"}," minuta"],"many":["za ",{"t":"idOrVar","v":"value"}," minuta"],"one":"za minut","other":["za ",{"t":"idOrVar","v":"value"}," minuta"],"two":["za ",{"t":"idOrVar","v":"value"}," minuta"],"zero":"sada"},"$x":[{"t":"idOrVar","v":"plural"},"value"]},{"$i":"hours-until-long","$v":{"few":["za ",{"t":"idOrVar","v":"value"}," sati"],"many":["za ",{"t":"idOrVar","v":"value"}," sati"],"one":"za sat","other":["za ",{"t":"idOrVar","v":"value"}," sati"],"two":["za ",{"t":"idOrVar","v":"value"}," sati"],"zero":"sada"},"$x":[{"t":"idOrVar","v":"plural"},"value"]},{"$i":"days-until-long","$v":{"few":["za ",{"t":"idOrVar","v":"value"}," dana"],"many":["za ",{"t":"idOrVar","v":"value"}," dana"],"one":"sutra","other":["za ",{"t":"idOrVar","v":"value"}," dana"],"two":["za ",{"t":"idOrVar","v":"value"}," dana"],"zero":"danas"},"$x":[{"t":"idOrVar","v":"plural"},"value"]},{"$i":"weeks-until-long","$v":{"few":["za ",{"t":"idOrVar","v":"value"}," sedmica"],"many":["za ",{"t":"idOrVar","v":"value"}," sedmica"],"one":"sljedeća sedmica","other":["za ",{"t":"idOrVar","v":"value"}," sedmica"],"two":["za ",{"t":"idOrVar","v":"value"}," sedmica"],"zero":"ova sedmica"},"$x":[{"t":"idOrVar","v":"plural"},"value"]},{"$i":"months-until-long","$v":{"few":["za ",{"t":"idOrVar","v":"value"}," mjeseci"],"many":["za ",{"t":"idOrVar","v":"value"}," mjeseci"],"one":"sljedeći mjesec","other":["za ",{"t":"idOrVar","v":"value"}," mjeseci"],"two":["za ",{"t":"idOrVar","v":"value"}," mjeseci"],"zero":"ovaj mjesec"},"$x":[{"t":"idOrVar","v":"plural"},"value"]},{"$i":"years-until-long","$v":{"few":["za ",{"t":"idOrVar","v":"value"}," godina"],"many":["za ",{"t":"idOrVar","v":"value"}," godina"],"one":"sljedeća godina","other":["za ",{"t":"idOrVar","v":"value"}," godina"],"two":["za ",{"t":"idOrVar","v":"value"}," godina"],"zero":"ova godina"},"$x":[{"t":"idOrVar","v":"plural"},"value"]},{"$i":"minutes-ago-short","$v":{"other":["Prije ",{"t":"idOrVar","v":"value"},"m"],"zero":"sada"},"$x":[{"t":"idOrVar","v":"plural"},"value"]},{"$i":"hours-ago-short","$v":{"other":["Prije ",{"t":"idOrVar","v":"value"},"h"],"zero":"sada"},"$x":[{"t":"idOrVar","v":"plural"},"value"]},{"$i":"days-ago-short","$v":{"other":["Prije ",{"t":"idOrVar","v":"value"},"d"],"zero":"danas"},"$x":[{"t":"idOrVar","v":"plural"},"value"]},{"$i":"minutes-until-short","$v":{"other":["za ",{"t":"idOrVar","v":"value"},"m"],"zero":"sada"},"$x":[{"t":"idOrVar","v":"plural"},"value"]},{"$i":"hours-until-short","$v":{"other":["za ",{"t":"idOrVar","v":"value"},"s"],"zero":"sada"},"$x":[{"t":"idOrVar","v":"plural"},"value"]},{"$i":"days-until-short","$v":{"other":["za ",{"t":"idOrVar","v":"value"},"d"],"zero":"danas"},"$x":[{"t":"idOrVar","v":"plural"},"value"]},{"$i":"incorrectDate","$v":"(netačan datum)"},{"$i":"dateTimeFormat_%c","$v":"%a %b %e %Y %I:%M:%S %p"},{"$i":"dateTimeFormat_%x","$v":"%m/%d/%Y"},{"$i":"dateTimeFormat_%X","$v":"%I:%M:%S %p"},{"$i":"shortTimeFormat","$v":"%I:%M %p"},{"$i":"shortTimeFormat12","$v":"%I:%M %p"},{"$i":"shortTimeFormat24","$v":"%H:%M"},{"$i":"shortDateTimeFormat","$v":"%x %I:%M %p"},{"$i":"weekStartsOnMonday","$v":"0.0"},{"$i":"firstDayOfTheWeek","$v":"1.0"},{"$i":"time_am","$v":"AM"},{"$i":"time_pm","$v":"PM"}]