[{"$i":"search-or-enter-address","placeholder":"Αναζ. ή εισαγ. διεύθυνσης"},{"$i":"delete-title","$v":["Διαγραφή του στοιχείου ",{"t":"idOrVar","v":"name"}]},{"$i":"delete-body","$v":["Το ",{"t":"idOrVar","v":"name"}," και όλα τα δεδομένα του θα διαγραφούν."]},{"$i":"delete","$v":"Διαγραφή"},{"$i":"cancel","$v":"Ακύρωση"},{"$i":"apps","$v":"Εφαρμογές"},{"$i":"menu","$v":"Μενού"},{"$i":"notifications","$v":"Ειδοποιήσεις"},{"$i":"speed-dial","$v":"Ταχεία κλήση"},{"$i":"select","$v":"Επιλογή"},{"$i":"move","$v":"Μετακίνηση"},{"$i":"ok","$v":"OK"},{"$i":"set","$v":"Ορισμός"},{"$i":"edit","$v":"Επεξεργασία"},{"$i":"call","$v":"Κλήση"},{"$i":"message","$v":"Μήνυμα"},{"$i":"options","$v":"Επιλογές"},{"$i":"assign","$v":"Αντιστοίχιση"},{"$i":"remove","$v":"Κατάργηση"},{"$i":"replace","$v":"Αντικατάσταση"},{"$i":"more","$v":"Περισσότερα"},{"$i":"settings","$v":"Ρυθμίσεις"},{"$i":"contacts","$v":"Επαφές"},{"$i":"list-view","$v":"Προβολή λίστας"},{"$i":"grid-view","$v":"Προβολή πλέγματος"},{"$i":"single-view","$v":"Μονή προβολή"},{"$i":"skip","$v":"Παράλειψη"},{"$i":"shortcuts","$v":"Συντομεύσεις"},{"$i":"next","$v":"Επόμενο"},{"$i":"instant-settings","$v":"Άμεσες ρυθμίσεις"},{"$i":"flashlight","$v":"Φακός"},{"$i":"brightness","$v":"Φωτεινότητα"},{"$i":"volume","$v":"Ένταση"},{"$i":"camera","$v":"Κάμερα"},{"$i":"calculator","$v":"Αριθμομηχανή"},{"$i":"airplane-mode","$v":"Λειτουργία πτήσης"},{"$i":"wifi","$v":"Wi-Fi"},{"$i":"bluetooth","$v":"Bluetooth"},{"$i":"cellular-data","$v":"Δεδομένα κινητής τηλεφωνίας"},{"$i":"on","$v":"Ενεργοποίηση"},{"$i":"off","$v":"Απενεργοποίηση"},{"$i":"percentage-number","$v":[{"t":"idOrVar","v":"number"},"%"]},{"$i":"voicemail","$v":"Τηλεφωνητής"},{"$i":"speed-dial-not-empty","ariaLabel":[{"t":"idOrVar","v":"order"},", ",{"t":"idOrVar","v":"name"}]},{"$i":"speed-dial-empty","ariaLabel":[{"t":"idOrVar","v":"order"},", κενό"]},{"$i":"remove-speed-dial","$v":["Είστε βέβαιοι ότι θέλετε να αφαιρέσετε το ",{"t":"idOrVar","v":"name"}," από τους αρ. ταχείας κλήσης;"]},{"$i":"replace-speed-dial","$v":["Είστε βέβαιοι ότι θέλετε να αντικαταστήσετε το ",{"t":"idOrVar","v":"name"}," με το ",{"t":"idOrVar","v":"subName"},";"]},{"$i":"assign-speed-dial","$v":["Η επαφή δεν προστέθηκε ως ταχεία κλήση στο κουμπί ",{"t":"idOrVar","v":"n"},". Αντιστοίχιση τώρα;"]},{"$i":"assign-voicemail","$v":"Δεν έχει οριστεί αριθμός τηλεφωνητή."},{"$i":"alert-for-contacts-without-number","$v":"Δεν υπάρχουν διαθέσιμες επαφές με αριθμό τηλεφώνου."},{"$i":"option-remove","$v":"Κατάργ. από αρ. ταχείας κλήσης"},{"$i":"option-replace","$v":"Αντικατάσταση"},{"$i":"all-apps","$v":"Όλες οι εφαρμογές"},{"$i":"uninstall","$v":"Απεγκατάσταση"},{"$i":"confirm-to-uninstall-app","$v":["Να απεγκατασταθεί η εφαρμογή ",{"t":"idOrVar","v":"appName"},";"]},{"$i":"confirm-to-unpin-bookmark","$v":"Αφαίρεση του ιστότοπου;"},{"$i":"unpin","$v":"Ξεκαρφίτσωμα"},{"$i":"rename","$v":"Μετονομασία"},{"$i":"title","$v":"Τίτλος"},{"$i":"add-to-existing-contact","$v":"Προσθήκη σε υπάρχουσα επαφή"},{"$i":"create-new-contact","$v":"Δημ. νέας επαφής"},{"$i":"sending","$v":"Αποστ…"},{"$i":"video-call","$v":"Κλήση βίντεο"},{"$i":"rtt-call","$v":"Κλήση RTT"},{"$i":"callAirplaneModeTitle","$v":"Λειτ. πτήσης ενεργοποιημένη"},{"$i":"callAirplaneModeMessage","$v":"Για πραγματοπ. κλήσεων, πρέπει να απενεργοποιήσετε τη λειτ. πτήσης στις ρυθμίσεις."},{"$i":"emergencyDialogTitle","$v":"Χωρίς σύνδεση δικτύου"},{"$i":"emergencyDialogBodyBadNumber","$v":"Για να πραγματοποιήσετε κλήσεις, το τηλέφωνο πρέπει να είναι συνδεδεμένο σε δίκτυο."},{"$i":"emergencyDialogBodyDeviceNotAccepted","$v":"Οι επείγουσες κλήσεις δεν επιτρέπονται από το δίκτυο."},{"$i":"invalidNumberToDialTitle","$v":"Μη έγκυρος αριθμός τηλεφώνου"},{"$i":"invalidNumberToDialMessage","$v":"Ο αριθμός τηλεφώνου που καλείτε δεν είναι έγκυρος."},{"$i":"emergency-call-only","$v":"Μόνο επείγουσα κλήση"},{"$i":"emergency-call-error","$v":["Το ",{"t":"idOrVar","v":"number"}," δεν είναι αριθμός επείγουσας κλήσης."]},{"$i":"numberIsBusyTitle","$v":"Αρ. κατειλημμένος"},{"$i":"numberIsBusyMessage","$v":"Ο αριθμός είναι κατειλημμένος. Δοκιμάστε ξανά αργότερα."},{"$i":"fdnIsActiveTitle","$v":"Λειτουργία FDN ενεργή"},{"$i":"fdnIsActiveMessage","$v":["Η λειτουργία FDN (Αριθμοί επιτρεπτών κλήσεων) είναι ενεργοποιημένη και ο παρακάτω αριθμός δεν υπάρχει στον κατάλογο FDN: ",{"t":"idOrVar","v":"number"}]},{"$i":"otherConnectionInUseTitle","$v":"Χρησιμοπ. άλλη σύνδεση"},{"$i":"otherConnectionInUseMessage","$v":"Υπάρχει ενεργή κλήση σε άλλη σύνδεση. Μπορείτε να χρησιμοποιείτε μόνο μία σύνδεση τη φορά."},{"$i":"GenericFailure","$v":"Γενικό σφάλμα"},{"$i":"CallFailed","$v":"Η κλήση απέτυχε"},{"$i":"scCallBarring","$v":"Φραγή κλήσεων"},{"$i":"scCallForwarding","$v":"Προώθηση κλήσεων"},{"$i":"scClip","$v":"Αναγνωριστικό καλούντα"},{"$i":"scClir","$v":"ID καλούντος εξερχ. κλ."},{"$i":"scPwd","$v":"Αλλαγή κωδ. πρόσβασης"},{"$i":"scCallWaiting","$v":"Κλήση σε αναμονή"},{"$i":"scPin","$v":"Αλλαγή PIN"},{"$i":"scPin2","$v":"Αλλαγή PIN2"},{"$i":"scPuk","$v":"Ξεμπλοκ. PIN"},{"$i":"scPuk2","$v":"Ξεμπλοκ. PIN2"},{"$i":"scImei","$v":"IMEI"},{"$i":"scMeid","$v":"MEID"},{"$i":"scUssd","$v":"USSD"},{"$i":"deviceIsUnlocked","$v":"Η συσκευή είναι ξεκλειδωμένη"},{"$i":"simUnlockCodeAccepted","$v":"Ο κωδικός ξεκλειδώματος SIM έγινε δεκτός"},{"$i":"simUnlockCodeFailed","$v":"Επιτυχές ξεκλείδωμα SIM"},{"$i":"personal","$v":"Προσωπικό"},{"$i":"mobile","$v":"Κινητό"},{"$i":"home","$v":"Σπίτι"},{"$i":"work","$v":"Εργασία"},{"$i":"fax-home","$v":"Φαξ οικίας"},{"$i":"fax-office","$v":"Φαξ γραφείου"},{"$i":"fax-other","$v":"Άλλο φαξ"},{"$i":"homescreen-settings","$v":"Ρυθμίσεις αρχικής οθόνης"},{"$i":"change-wallpaper","$v":"Αλλαγή ταπετσαρίας"},{"$i":"add-smart-collections","$v":"Προσθήκη έξυπνων συλλογών"},{"$i":"edit-mode","$v":"Επεξεργασία"},{"$i":"edit-done","$v":"Τέλος"},{"$i":"tutorial-for-side-menu-1","$v":"Πιέστε το πλήκτρο ΑΡΙΣΤΕΡΑ για πρόσβαση στις εφαρμογές στα αριστερά."},{"$i":"tutorial-for-instant-settings-1","$v":"Πιέστε το ΠΑΝΩ για τις συνήθεις ρυθμίσεις."},{"$i":"tutorial-for-notices","$v":"Πατήστε το ΔΕΞΙ πλήκτρο για να δείτε τις νέες ειδοποιήσεις."},{"$i":"tutorial-for-google-assistant-1","$v":"Πατήστε παρατεταμένα το Εντάξει για να μιλήσετε."},{"$i":"tutorial-for-voice-input-1","$v":"Πατήστε παρατεταμένα το Εντάξει για να μιλήσετε στο πεδίο κειμένου."},{"$i":"stop-download-title","$v":["Διακοπή ",{"t":"idOrVar","v":"name"}]},{"$i":"stop-download-body","$v":"Θέλετε να διακόψετε την τρέχουσα λήψη;"},{"$i":"stop-download-action","$v":"Διακοπή"},{"$i":"resume-download-title","$v":"Επανέναρξη λήψης"},{"$i":"resume-download-body","$v":["Θέλετε να γίνει λήψη του ",{"t":"idOrVar","v":"name"},";"]},{"$i":"resume-download-action","$v":"Λήψη"},{"$i":"edit-group-header","$v":"Επεξεργασία ομάδας"},{"$i":"tcl-wallpaper-changed","$v":"Η ταπετσαρία άλλαξε"},{"$i":"gaia-shortcut-app-updated","$v":"Η εφαρμογή ενημερώθηκε"},{"$i":"clocks-updated","$v":"Τα ρολόγια ενημερώθηκαν"},{"$i":"longDateFormat","$v":"%A, %B %e"},{"$i":"app-title","$v":"Οι εφαρμογές μου"},{"$i":"app-uninstall","$v":["Η εγκατάσταση του ",{"t":"idOrVar","v":"name"}," καταργήθηκε"]},{"$i":"confirmation","$v":"Επιβεβαίωση"},{"$i":"noSimCard","$v":"Χωρίς κάρτα SIM"},{"$i":"noService","$v":"Καμία υπηρεσία"},{"$i":"eccOnly","$v":"Emergency calls only"},{"$i":"emergencyCallsOnly","$v":"Emergency calls only"},{"$i":"searching","$v":"Αναζήτηση…"},{"$i":"lockedSim","$v":"Κλειδωμένη SIM"},{"$i":"clockDateFormat","$v":"%a, %e %b"},{"$i":"apn-sim1","$v":"APN Settings - SIM1"},{"$i":"apn-sim2","$v":"APN Settings - SIM2"},{"$i":"apnDefaultConfig","$v":"APN Default Config"},{"$i":"apn-defaultconfig-message","$v":"Set which type of apn to used"},{"$i":"apnConfigPostpay","$v":"Postpay APN"},{"$i":"apnConfigPrepay","$v":"Prepay APN"},{"$i":"qtn_sm_toast_set_ICE_first","$v":"Δεν υπάρχουν επαφές έκτ. ανάγκης. Μεταβείτε αρχικά στις ρυθμίσεις Επαφών ή στο μενού επιλογών των στοιχείων επαφών έκτ. ανάγκης για να "},{"$i":"qtn_sm_toast_google_assist","$v":"Πιέστε παρατεταμένα ή δύο φορές για Google assistant."},{"$i":"qtn_sm_toast_sos_call_msg","$v":"Πιέστε παρατεταμένα ή δύο φορές για κλήση/μήνυμα SOS."},{"$i":"nocard-eccOnly","$v":"No SIM card-Emergency calls only"},{"$i":"unusablecard-eccOnly","$v":"Unusable SIM card-Emergency calls only"},{"$i":"sim-with-index-and-carrier","$v":["SIM ",{"t":"idOrVar","v":"index"}," - ",{"t":"idOrVar","v":"carrier"}]},{"$i":"sim-without-carrier","$v":["SIM ",{"t":"idOrVar","v":"index"}]},{"$i":"call-forwarding-async","$v":["Ασύγχρονο: ",{"t":"idOrVar","v":"async"}]},{"$i":"call-forwarding-data","$v":["Δεδομένα: ",{"t":"idOrVar","v":"data"}]},{"$i":"call-forwarding-error","$v":"Παρουσιάστηκε σφάλμα κατά την ανάκτηση κατάστασης προώθησης κλήσεων"},{"$i":"call-forwarding-fax","$v":["ΦΑΞ: ",{"t":"idOrVar","v":"fax"}]},{"$i":"call-forwarding-inactive","$v":"Ανενεργός"},{"$i":"call-forwarding-packet","$v":["Πακέτο: ",{"t":"idOrVar","v":"packet"}]},{"$i":"call-forwarding-pad","$v":["PAD: ",{"t":"idOrVar","v":"pad"}]},{"$i":"call-forwarding-sms","$v":["SMS: ",{"t":"idOrVar","v":"sms"}]},{"$i":"call-forwarding-status","$v":"Κατάσταση προώθησης κλήσεων"},{"$i":"call-forwarding-sync","$v":["Σύγχρονη λειτουργία: ",{"t":"idOrVar","v":"sync"}]},{"$i":"call-forwarding-voice","$v":["Φωνητ.: ",{"t":"idOrVar","v":"voice"}]},{"$i":"call-forwarding-voice-after-seconds","$v":["Φωνή: ",{"t":"idOrVar","v":"voice"}," μετά από ",{"t":"idOrVar","v":"timeSeconds"}," δευτερόλεπτα"]},{"$i":"fihVersion","$v":"FIH Version"},{"$i":"serviceClassVoice","$v":"Ομιλία"},{"$i":"serviceClassData","$v":"Δεδομένα"},{"$i":"serviceClassFax","$v":"ΦΑΞ"},{"$i":"serviceClassSms","$v":"SMS"},{"$i":"serviceClassDataSync","$v":"Συγχρονισμός"},{"$i":"serviceClassDataAsync","$v":"Ασύγχρονο"},{"$i":"serviceClassPacket","$v":"Πακέτο"},{"$i":"serviceClassPad","$v":"PAD"},{"$i":"smServiceEnabled","$v":"Η υπηρ. ενεργοπ."},{"$i":"smServiceDisabled","$v":"Η υπηρεσία έχει απενεργοποιηθεί"},{"$i":"smServiceRegistered","$v":"Η εγγραφή ήταν επιτυχής"},{"$i":"smServiceErased","$v":"Η διαγραφή ήταν επιτυχής"},{"$i":"smServiceInterrogated","$v":"Το αίτημα υποβλήθηκε επιτυχώς"},{"$i":"smServiceNotProvisioned","$v":"Η υπηρ. δεν έχει προετοιμ."},{"$i":"smClirPermanent","$v":"Μπορείτε να αλλάξετε τη ρύθμιση αναγνώρισης καλούντα"},{"$i":"smClirDefaultOnNextCallOn","$v":"Το προεπιλ. αναγνωρ. καλούντα είναι \"περιορισμένος\". Επόμενη κλήση: Περιορισμένος"},{"$i":"smClirDefaultOnNextCallOff","$v":"Το προεπιλ. αναγνωρ. καλούντα είναι \"περιορισμένος\". Επόμενη κλήση: Μη περιορισμένος"},{"$i":"smClirDefaultOffNextCallOn","$v":"Το προεπιλ. αναγνωρ. καλούντα είναι \"μη περιορισμένος\". Επόμενη κλήση: Περιορισμένος"},{"$i":"smClirDefaultOffNextCallOff","$v":"Το προεπιλ. αναγνωριστικό καλούντα είναι \"μη περιορισμένος\". Επόμενη κλήση: Μη περιορισμένος"},{"$i":"smServiceEnabledFor","$v":"Η υπηρ. ενεργοπ. για:"},{"$i":"smPinChanged","$v":"Επιτυχής αλλαγή PIN"},{"$i":"smPinUnblocked","$v":"Το PIN ξεμπλοκαρίστηκε"},{"$i":"smPin2Changed","$v":"Επιτυχής αλλαγή PIN2"},{"$i":"smPin2Unblocked","$v":"Το PIN2 ξεμπλοκαρίστηκε"},{"$i":"ServiceIsEnabled","$v":"Η υπηρεσία είναι ενεργ."},{"$i":"ServiceIsDisabled","$v":"Η υπηρεσία είναι απενεργ."},{"$i":"ServiceIsEnabledFor","$v":"Η υπηρ. ενεργοπ. για:"},{"$i":"emMmiError","$v":"Πρόβλημα σύνδεσης ή μη έγκυρος κωδικός MMI"},{"$i":"emMmiErrorPasswordIncorrect","$v":"Εσφαλμένος κωδικός πρόσβασης"},{"$i":"emMmiErrorNotSupported","$v":"Μη έγκυρος ή μη υποστηριζόμενος κωδικός MMI"},{"$i":"emMmiErrorInvalidAction","$v":"Μη έγκυρη ενέργεια"},{"$i":"emMmiErrorInvalidScCode","$v":"Μη έγκυρος κωδικός υπηρεσίας"},{"$i":"emMmiErrorBadPuk","$v":"Το PUK που πληκτρολογήσατε είναι εσφαλμένο"},{"$i":"emMmiErrorBadPin","$v":"Το παλιό PIN που πληκτρολογήσατε είναι εσφαλμένο."},{"$i":"emMmiErrorNeedPuk2","$v":"Εισαγ. το PUK2 για να ξεμπλοκ. την κάρτα SIM"},{"$i":"emMmiErrorMismatchPin","$v":"Οι κωδικοί PIN που πληκτρολογήσατε δεν συμφωνούν"},{"$i":"emMmiErrorInvalidPin","$v":"Εισαγάγετε PIN με 4 έως 8 αριθμούς"},{"$i":"emMmiErrorNeedsPuk","$v":"Η κάρτα SIM έχει κλείδωμα PUK"},{"$i":"emMmiErrorEnablePin","$v":"Μη επιτυχής. Ενεργοποίηση ΚΛΕΙΔΩΜΑΤΟΣ SIM/RUIM"},{"$i":"emMmiErrorMmiFdn","$v":"Η λειτ. περιορίζεται μόνο σε αριθμ. επιτρεπ. κλήσ."},{"$i":"emMmiErrorStkCcUssdDial","$v":"Το αίτημα USSD άλλαξε σε αίτημα DIAL"},{"$i":"emMmiErrorStkCcUssdSs","$v":"Το αίτημα USSD άλλαξε σε αίτημα SS"},{"$i":"emMmiErrorStkCcUssdUssd","$v":"Το αίτημα USSD άλλαξε σε αίτημα νέου USSD"},{"$i":"emMmiErrorStkCcSsDial","$v":"Το αίτημα SS άλλαξε σε αίτημα DIAL"},{"$i":"emMmiErrorStkCcSsUssd","$v":"Το αίτημα SS άλλαξε σε αίτημα USSD"},{"$i":"emMmiErrorStkCcSsSs","$v":"Το αίτημα SS άλλαξε σε αίτημα νέου SS"},{"$i":"emMmiErrorPinPukAttempts","$v":{"few":["Απομένουν ",{"t":"idOrVar","v":"n"}," προσπάθειες"],"many":["Απομένουν ",{"t":"idOrVar","v":"n"}," προσπάθειες"],"one":["Μένει μόνο ",{"t":"idOrVar","v":"n"}," προσπάθεια"],"other":["Απομένουν ",{"t":"idOrVar","v":"n"}," προσπάθειες"],"two":["Απομένουν ",{"t":"idOrVar","v":"n"}," προσπάθειες"]},"$x":[{"t":"idOrVar","v":"plural"},"n"]},{"$i":"emMmiErrorSimBlocked","$v":"Έχετε υπερβεί τον μέγιστο αριθμό επαναλήψεων. Η SIM μπλοκαρίστηκε"},{"$i":"RadioNotAvailable","$v":"Radio not available"},{"$i":"PasswordIncorrect","$v":"Λάθος κωδ. πρόσβ."},{"$i":"SimPin2","$v":"PIN2 SIM"},{"$i":"SimPuk2","$v":"PUK2 SIM"},{"$i":"RequestNotSupported","$v":"Μη υποστηριζόμενο αίτημα"},{"$i":"OpNotAllowedDuringVoiceCall","$v":"Δεν επιτρέπ. κατά τη διάρκ. κλήσης ομιλ."},{"$i":"SmsSendFailRetry","$v":"Αποτυχ. αποστ. SMS. Επαν."},{"$i":"SimAbsent","$v":"Χωρίς SIM"},{"$i":"SubscriptionNotAvailable","$v":"Η συνδρομή δεν είναι διαθέσιμη"},{"$i":"ModeNotSupported","$v":"Μη υποστηρ. λειτουρ."},{"$i":"FdnCheckFailure","$v":"Σφάλμα ελέγχου FDN"},{"$i":"IllegalSimOrMe","$v":"Μη έγκυρη SIM ή ME"},{"$i":"DialModifiedToUssd","$v":"Dial modified to USSD"},{"$i":"DialModifiedToSs","$v":"Dial modified to SS"},{"$i":"DialModifiedToDial","$v":"Dial modified to dial"},{"$i":"UssdModifiedToDial","$v":"Αλλαγή USSD σε κλήση"},{"$i":"UssdModifiedToSs","$v":"Αλλαγή USSD σε SS"},{"$i":"UssdModifiedToUssd","$v":"Αλλαγή USSD σε USSD"},{"$i":"SsModifiedToDial","$v":"Αλλαγή SS σε κλήση"},{"$i":"SsModifiedToUssd","$v":"Αλλαγή SS σε USSD"},{"$i":"SsModifiedToSs","$v":"Αλλαγή SS σε SS"},{"$i":"SubscriptionNotSupported","$v":"Η συνδρομή δεν υποστηρίζεται"},{"$i":"InvalidParameter","$v":"Μη έγκυρη παράμετρος"},{"$i":"RejectedByRemote","$v":"Απορρ. από απομακρ. σύνδεση"},{"$i":"GetEmptyUssdPrompt","$v":"Παραλήφθηκε μηδενική απάντηση."},{"$i":"label","$v":"Ετικέτα"},{"$i":"faxHome","$v":"Φαξ οικίας"},{"$i":"faxOffice","$v":"Φαξ γραφείου"},{"$i":"faxOther","$v":"Άλλο φαξ"},{"$i":"another","$v":"Άλλο"},{"$i":"other","$v":"Άλλο"},{"$i":"tcl-customTag","$v":"Προσαρμοσμένη ετικέτα"},{"$i":"customTag","$v":"Προσαρμοσμένη ετικέτα","placeholder":"Προσαρμοσμένη ετικέτα"},{"$i":"current","$v":"Τρέχον"},{"$i":"itemWithLabel","$v":[{"t":"idOrVar","v":"label"},", ",{"t":"idOrVar","v":"item"}]},{"$i":"weekday-0-long","$v":"Κυριακή"},{"$i":"weekday-1-long","$v":"Δευτέρα"},{"$i":"weekday-2-long","$v":"Τρίτη"},{"$i":"weekday-3-long","$v":"Τετάρτη"},{"$i":"weekday-4-long","$v":"Πέμπτη"},{"$i":"weekday-5-long","$v":"Παρασκευή"},{"$i":"weekday-6-long","$v":"Σάββατο"},{"$i":"weekday-0-short","$v":"Κυρ"},{"$i":"weekday-1-short","$v":"Δευ"},{"$i":"weekday-2-short","$v":"Τρ"},{"$i":"weekday-3-short","$v":"Τετ"},{"$i":"weekday-4-short","$v":"Πέμ"},{"$i":"weekday-5-short","$v":"Παρ"},{"$i":"weekday-6-short","$v":"Σάβ"},{"$i":"month-0-long","$v":"Ιανουάριος"},{"$i":"month-1-long","$v":"Φεβρουάριος"},{"$i":"month-2-long","$v":"Μάρτιος"},{"$i":"month-3-long","$v":"Απρίλιος"},{"$i":"month-4-long","$v":"Μάιος"},{"$i":"month-5-long","$v":"Ιούνιος"},{"$i":"month-6-long","$v":"Ιούλιος"},{"$i":"month-7-long","$v":"Αύγουστος"},{"$i":"month-8-long","$v":"Σεπτέμβριος"},{"$i":"month-9-long","$v":"Οκτώβριος"},{"$i":"month-10-long","$v":"Νοέμβριος"},{"$i":"month-11-long","$v":"Δεκέμβριος"},{"$i":"month-0-genitive","$v":"Ιανουάριος"},{"$i":"month-1-genitive","$v":"Φεβρουάριος"},{"$i":"month-2-genitive","$v":"Μάρτιος"},{"$i":"month-3-genitive","$v":"Απρίλιος"},{"$i":"month-4-genitive","$v":"Μάι"},{"$i":"month-5-genitive","$v":"Ιούνιος"},{"$i":"month-6-genitive","$v":"Ιούλιος"},{"$i":"month-7-genitive","$v":"Αύγουστος"},{"$i":"month-8-genitive","$v":"Σεπτέμβριος"},{"$i":"month-9-genitive","$v":"Οκτώβριος"},{"$i":"month-10-genitive","$v":"Νοέμβριος"},{"$i":"month-11-genitive","$v":"Δεκέμβριος"},{"$i":"month-0-short","$v":"Ιαν"},{"$i":"month-1-short","$v":"Φεβ"},{"$i":"month-2-short","$v":"Μάρ"},{"$i":"month-3-short","$v":"Απρ"},{"$i":"month-4-short","$v":"Μάι"},{"$i":"month-5-short","$v":"Ιούν"},{"$i":"month-6-short","$v":"Ιούλ"},{"$i":"month-7-short","$v":"Αύγ"},{"$i":"month-8-short","$v":"Σεπ"},{"$i":"month-9-short","$v":"Οκτ"},{"$i":"month-10-short","$v":"Νοέ"},{"$i":"month-11-short","$v":"Δεκ"},{"$i":"minutes-ago-long","$v":{"few":[{"t":"idOrVar","v":"value"}," λεπτά πριν"],"many":[{"t":"idOrVar","v":"value"}," λεπτά πριν"],"one":"ένα λεπτό πριν","other":[{"t":"idOrVar","v":"value"}," λεπτά πριν"],"two":[{"t":"idOrVar","v":"value"}," λεπτά πριν"],"zero":"μόλις τώρα"},"$x":[{"t":"idOrVar","v":"plural"},"value"]},{"$i":"hours-ago-long","$v":{"few":[{"t":"idOrVar","v":"value"}," ώρες πριν"],"many":[{"t":"idOrVar","v":"value"}," ώρες πριν"],"one":"πριν από μία ώρα","other":[{"t":"idOrVar","v":"value"}," ώρες πριν"],"two":[{"t":"idOrVar","v":"value"}," ώρες πριν"],"zero":"μόλις τώρα"},"$x":[{"t":"idOrVar","v":"plural"},"value"]},{"$i":"days-ago-long","$v":{"few":[{"t":"idOrVar","v":"value"}," ημέρες πριν"],"many":[{"t":"idOrVar","v":"value"}," ημέρες πριν"],"one":"χθες","other":[{"t":"idOrVar","v":"value"}," ημέρες πριν"],"two":[{"t":"idOrVar","v":"value"}," ημέρες πριν"],"zero":"σήμερα"},"$x":[{"t":"idOrVar","v":"plural"},"value"]},{"$i":"weeks-ago-long","$v":{"few":[{"t":"idOrVar","v":"value"}," εβδομάδες πριν"],"many":[{"t":"idOrVar","v":"value"}," εβδομάδες πριν"],"one":"προηγούμενη εβδομάδα","other":[{"t":"idOrVar","v":"value"}," εβδομάδες πριν"],"two":[{"t":"idOrVar","v":"value"}," εβδομάδες πριν"],"zero":"αυτήν την εβδομάδα"},"$x":[{"t":"idOrVar","v":"plural"},"value"]},{"$i":"months-ago-long","$v":{"few":[{"t":"idOrVar","v":"value"}," μήνες πριν"],"many":[{"t":"idOrVar","v":"value"}," μήνες πριν"],"one":"τελευταίος μήνας","other":[{"t":"idOrVar","v":"value"}," μήνες πριν"],"two":[{"t":"idOrVar","v":"value"}," μήνες πριν"],"zero":"αυτόν τον μήνα"},"$x":[{"t":"idOrVar","v":"plural"},"value"]},{"$i":"years-ago-long","$v":{"few":[{"t":"idOrVar","v":"value"}," έτη πριν"],"many":[{"t":"idOrVar","v":"value"}," έτη πριν"],"one":"προηγούμενο έτος","other":[{"t":"idOrVar","v":"value"}," έτη πριν"],"two":[{"t":"idOrVar","v":"value"}," έτη πριν"],"zero":"αυτό το έτος"},"$x":[{"t":"idOrVar","v":"plural"},"value"]},{"$i":"minutes-until-long","$v":{"few":["σε ",{"t":"idOrVar","v":"value"}," λεπτά"],"many":["σε ",{"t":"idOrVar","v":"value"}," λεπτά"],"one":"σε ένα λεπτό","other":["σε ",{"t":"idOrVar","v":"value"}," λεπτά"],"two":["σε ",{"t":"idOrVar","v":"value"}," λεπτά"],"zero":"τώρα"},"$x":[{"t":"idOrVar","v":"plural"},"value"]},{"$i":"hours-until-long","$v":{"few":["σε ",{"t":"idOrVar","v":"value"}," ώρες"],"many":["σε ",{"t":"idOrVar","v":"value"}," ώρες"],"one":"σε μια ώρα","other":["σε ",{"t":"idOrVar","v":"value"}," ώρες"],"two":["σε ",{"t":"idOrVar","v":"value"}," ώρες"],"zero":"τώρα"},"$x":[{"t":"idOrVar","v":"plural"},"value"]},{"$i":"days-until-long","$v":{"few":["σε ",{"t":"idOrVar","v":"value"}," ημέρες"],"many":["σε ",{"t":"idOrVar","v":"value"}," ημέρες"],"one":"αύριο","other":["σε ",{"t":"idOrVar","v":"value"}," ημέρες"],"two":["σε ",{"t":"idOrVar","v":"value"}," ημέρες"],"zero":"σήμερα"},"$x":[{"t":"idOrVar","v":"plural"},"value"]},{"$i":"weeks-until-long","$v":{"few":["σε ",{"t":"idOrVar","v":"value"}," εβδομάδες"],"many":["σε ",{"t":"idOrVar","v":"value"}," εβδομάδες"],"one":"επόμενη εβδομάδα","other":["σε ",{"t":"idOrVar","v":"value"}," εβδομάδες"],"two":["σε ",{"t":"idOrVar","v":"value"}," εβδομάδες"],"zero":"αυτήν την εβδομάδα"},"$x":[{"t":"idOrVar","v":"plural"},"value"]},{"$i":"months-until-long","$v":{"few":["σε ",{"t":"idOrVar","v":"value"}," μήνες"],"many":["σε ",{"t":"idOrVar","v":"value"}," μήνες"],"one":"επόμενος μήνας","other":["σε ",{"t":"idOrVar","v":"value"}," μήνες"],"two":["σε ",{"t":"idOrVar","v":"value"}," μήνες"],"zero":"αυτόν τον μήνα"},"$x":[{"t":"idOrVar","v":"plural"},"value"]},{"$i":"years-until-long","$v":{"few":["σε ",{"t":"idOrVar","v":"value"}," έτη"],"many":["σε ",{"t":"idOrVar","v":"value"}," έτη"],"one":"επόμενο έτος","other":["σε ",{"t":"idOrVar","v":"value"}," έτη"],"two":["σε ",{"t":"idOrVar","v":"value"}," έτη"],"zero":"αυτό το έτος"},"$x":[{"t":"idOrVar","v":"plural"},"value"]},{"$i":"minutes-ago-short","$v":{"other":[{"t":"idOrVar","v":"value"}," μήνα πριν"],"zero":"μόλις τώρα"},"$x":[{"t":"idOrVar","v":"plural"},"value"]},{"$i":"hours-ago-short","$v":{"other":[{"t":"idOrVar","v":"value"}," ώρες πριν"],"zero":"μόλις τώρα"},"$x":[{"t":"idOrVar","v":"plural"},"value"]},{"$i":"days-ago-short","$v":{"other":[{"t":"idOrVar","v":"value"}," ημ. πριν"],"zero":"σήμερα"},"$x":[{"t":"idOrVar","v":"plural"},"value"]},{"$i":"minutes-until-short","$v":{"other":["σε ",{"t":"idOrVar","v":"value"}," λεπτ."],"zero":"τώρα"},"$x":[{"t":"idOrVar","v":"plural"},"value"]},{"$i":"hours-until-short","$v":{"other":["σε ",{"t":"idOrVar","v":"value"}," ώρ."],"zero":"τώρα"},"$x":[{"t":"idOrVar","v":"plural"},"value"]},{"$i":"days-until-short","$v":{"other":["σε ",{"t":"idOrVar","v":"value"}," ημ."],"zero":"σήμερα"},"$x":[{"t":"idOrVar","v":"plural"},"value"]},{"$i":"incorrectDate","$v":"(εσφαλμένη ημερομηνία)"},{"$i":"dateTimeFormat_%c","$v":"%a %b %e %Y %I:%M:%S %p"},{"$i":"dateTimeFormat_%x","$v":"%m/%d/%Y"},{"$i":"dateTimeFormat_%X","$v":"%I:%M:%S %p"},{"$i":"shortTimeFormat","$v":"%I:%M %p"},{"$i":"shortTimeFormat12","$v":"%I:%M %p"},{"$i":"shortTimeFormat24","$v":"%H:%M"},{"$i":"shortDateTimeFormat","$v":"%x %I:%M %p"},{"$i":"weekStartsOnMonday","$v":"0.0"},{"$i":"firstDayOfTheWeek","$v":"1.0"},{"$i":"time_am","$v":"ΠΜ"},{"$i":"time_pm","$v":"ΜΜ"}]