[{"$i":"search-or-enter-address","placeholder":"Buscar o ingresar dirección"},{"$i":"delete-title","$v":["Eliminar ",{"t":"idOrVar","v":"name"}]},{"$i":"delete-body","$v":[{"t":"idOrVar","v":"name"}," y todos los datos serán eliminados."]},{"$i":"delete","$v":"Eliminar"},{"$i":"cancel","$v":"Cancelar"},{"$i":"apps","$v":"Aplicaciones"},{"$i":"menu","$v":"Menú"},{"$i":"notifications","$v":"Avisos"},{"$i":"speed-dial","$v":"Discado rápido"},{"$i":"select","$v":"Selec."},{"$i":"move","$v":"Mover"},{"$i":"ok","$v":"Aceptar"},{"$i":"set","$v":"Establecer"},{"$i":"edit","$v":"Editar"},{"$i":"call","$v":"llamada"},{"$i":"message","$v":"Mensaje"},{"$i":"options","$v":"Opciones"},{"$i":"assign","$v":"Asignar"},{"$i":"remove","$v":"Quitar"},{"$i":"replace","$v":"Reemplazar"},{"$i":"more","$v":"Más"},{"$i":"settings","$v":"Ajustes"},{"$i":"contacts","$v":"Contactos"},{"$i":"list-view","$v":"Vista de lista"},{"$i":"grid-view","$v":"Vista cuadrícula"},{"$i":"single-view","$v":"Vista única"},{"$i":"skip","$v":"Omitir"},{"$i":"shortcuts","$v":"Atajos"},{"$i":"next","$v":"Siguiente"},{"$i":"instant-settings","$v":"ajustes instantáneos"},{"$i":"flashlight","$v":"Linterna"},{"$i":"brightness","$v":"Brillo"},{"$i":"volume","$v":"Volumen"},{"$i":"camera","$v":"Cámara"},{"$i":"calculator","$v":"Calculadora"},{"$i":"airplane-mode","$v":"Modo avión"},{"$i":"wifi","$v":"Wi-Fi"},{"$i":"bluetooth","$v":"Bluetooth"},{"$i":"cellular-data","$v":"Datos móviles"},{"$i":"on","$v":"Encendido"},{"$i":"off","$v":"Apagado"},{"$i":"percentage-number","$v":[{"t":"idOrVar","v":"number"},"%"]},{"$i":"voicemail","$v":"Correo de voz"},{"$i":"speed-dial-not-empty","ariaLabel":[{"t":"idOrVar","v":"order"},", ",{"t":"idOrVar","v":"name"}]},{"$i":"speed-dial-empty","ariaLabel":[{"t":"idOrVar","v":"order"},", vacío"]},{"$i":"remove-speed-dial","$v":["¿Seguro que desea quitar ",{"t":"idOrVar","v":"name"}," de la marcación rápida?"]},{"$i":"replace-speed-dial","$v":["¿Seguro que desea reemplazar ",{"t":"idOrVar","v":"name"}," por ",{"t":"idOrVar","v":"subName"},"?"]},{"$i":"assign-speed-dial","$v":["El contacto no se añadió como marcación rápida en el botón ",{"t":"idOrVar","v":"n"},". ¿Desea asignarlo ahora?"]},{"$i":"assign-voicemail","$v":"El número del buzón de voz no se ha configurado."},{"$i":"alert-for-contacts-without-number","$v":"Ningún contacto tiene el número de teléfono disponible."},{"$i":"option-remove","$v":"Quitar de la marcación rápida"},{"$i":"option-replace","$v":"Reemplazar"},{"$i":"all-apps","$v":"Todas las aplicaciones"},{"$i":"uninstall","$v":"Desinstalar"},{"$i":"confirm-to-uninstall-app","$v":["¿Desea desinstalar la aplicación ",{"t":"idOrVar","v":"appName"},"?"]},{"$i":"confirm-to-unpin-bookmark","$v":"¿Desanclar el sitio web?"},{"$i":"unpin","$v":"Soltar"},{"$i":"rename","$v":"Renombrar"},{"$i":"title","$v":"Título"},{"$i":"add-to-existing-contact","$v":"Añadir a contacto existente"},{"$i":"create-new-contact","$v":"Crear contacto nuevo"},{"$i":"sending","$v":"Enviando…"},{"$i":"video-call","$v":"Videollamada"},{"$i":"rtt-call","$v":"Llamada RTT"},{"$i":"callAirplaneModeTitle","$v":"Modo de avión activado"},{"$i":"callAirplaneModeMessage","$v":"Para realizar una llamada precisa deshabilitar el modo de avión en ajustes."},{"$i":"emergencyDialogTitle","$v":"Sin conexión de red"},{"$i":"emergencyDialogBodyBadNumber","$v":"Para realizar una llamada, el teléfono debe estar conectado a la red."},{"$i":"emergencyDialogBodyDeviceNotAccepted","$v":"Las llamadas de emergencia no son permitidas por la red."},{"$i":"invalidNumberToDialTitle","$v":"Número de teléfono inválido"},{"$i":"invalidNumberToDialMessage","$v":"El número de teléfono al que está llamando no es válido."},{"$i":"emergency-call-only","$v":"Solamente Llamada de Emergencia"},{"$i":"emergency-call-error","$v":[{"t":"idOrVar","v":"number"}," no es un número de emergencia."]},{"$i":"numberIsBusyTitle","$v":"Número ocupado"},{"$i":"numberIsBusyMessage","$v":"El número está ahora ocupado. Inténtelo de nuevo más tarde."},{"$i":"fdnIsActiveTitle","$v":"FDN activo"},{"$i":"fdnIsActiveMessage","$v":["Se activa FDN (Números de discado fijos) y el número siguiente aparece en su lista FDN: ",{"t":"idOrVar","v":"number"}]},{"$i":"otherConnectionInUseTitle","$v":"Otra conexión en uso"},{"$i":"otherConnectionInUseMessage","$v":"Tiene una llamada activa en otra conexión. Solo puede usar una conexión a la vez."},{"$i":"GenericFailure","$v":"Falla genérica"},{"$i":"CallFailed","$v":"Error de llamada"},{"$i":"scCallBarring","$v":"Restricción de llamadas"},{"$i":"scCallForwarding","$v":"Reenvío de llamada"},{"$i":"scClip","$v":"Identificador de llamada entrante"},{"$i":"scClir","$v":"Identificador de llamada saliente"},{"$i":"scPwd","$v":"Cambio de contraseña"},{"$i":"scCallWaiting","$v":"Llamada en espera"},{"$i":"scPin","$v":"Cambio de PIN"},{"$i":"scPin2","$v":"Cambio de PIN2"},{"$i":"scPuk","$v":"Desbloquear PIN"},{"$i":"scPuk2","$v":"Desbloquear PIN2"},{"$i":"scImei","$v":"IMEI"},{"$i":"scMeid","$v":"MEID"},{"$i":"scUssd","$v":"USSD"},{"$i":"deviceIsUnlocked","$v":"El dispositivo está desbloqueado."},{"$i":"simUnlockCodeAccepted","$v":"Se ha aceptado el código de desbloqueo de la SIM."},{"$i":"simUnlockCodeFailed","$v":"No se ha podido desbloquear la SIM."},{"$i":"personal","$v":"Personal"},{"$i":"mobile","$v":"Móvil"},{"$i":"home","$v":"Hogar"},{"$i":"work","$v":"Trabajo"},{"$i":"fax-home","$v":"Fax de casa"},{"$i":"fax-office","$v":"Fax de la oficina"},{"$i":"fax-other","$v":"Otro fax"},{"$i":"homescreen-settings","$v":"Ajustes de pantalla de inicio"},{"$i":"change-wallpaper","$v":"Cambiar fondo"},{"$i":"add-smart-collections","$v":"Añadir Colecciones inteligentes"},{"$i":"edit-mode","$v":"Editar"},{"$i":"edit-done","$v":"Listo"},{"$i":"tutorial-for-side-menu-1","$v":"Pulse la tecla de la izquierda para acceder a las aplicaciones de la izquierda."},{"$i":"tutorial-for-instant-settings-1","$v":"Pulse la tecla hacia arriba para obtener los ajustes utilizados habitualmente."},{"$i":"tutorial-for-notices","$v":"Pulse la tecla derecha para ver las notificaciones nuevas."},{"$i":"tutorial-for-google-assistant-1","$v":"Mantenga pulsado Aceptar unos segundos para hablar."},{"$i":"tutorial-for-voice-input-1","$v":"Mantenga pulsado Aceptar unos segundos para ingresar texto en el campo mediante la voz."},{"$i":"stop-download-title","$v":["Detener ",{"t":"idOrVar","v":"name"}]},{"$i":"stop-download-body","$v":"¿Desea detener la descarga en curso?"},{"$i":"stop-download-action","$v":"Detener"},{"$i":"resume-download-title","$v":"Reiniciar Descarga"},{"$i":"resume-download-body","$v":["¿Desea descargar ",{"t":"idOrVar","v":"name"},"?"]},{"$i":"resume-download-action","$v":"Descargar"},{"$i":"edit-group-header","$v":"Editar grupo"},{"$i":"tcl-wallpaper-changed","$v":"Fondo cambiado"},{"$i":"gaia-shortcut-app-updated","$v":"Aplicación actualizada"},{"$i":"clocks-updated","$v":"Relojes actualizados"},{"$i":"longDateFormat","$v":"%A, %B %e"},{"$i":"app-title","$v":"Mis aplicaciones"},{"$i":"app-uninstall","$v":[{"t":"idOrVar","v":"name"}," fue desinstalado"]},{"$i":"confirmation","$v":"Confirmación"},{"$i":"noSimCard","$v":"Sin tarjeta SIM"},{"$i":"noService","$v":"Sin servicio"},{"$i":"eccOnly","$v":"Emergency calls only"},{"$i":"emergencyCallsOnly","$v":"Emergency calls only"},{"$i":"searching","$v":"Buscandoâ€¦"},{"$i":"lockedSim","$v":"SIM bloqueada"},{"$i":"clockDateFormat","$v":"%a, %e %b"},{"$i":"apn-sim1","$v":"APN Settings - SIM1"},{"$i":"apn-sim2","$v":"APN Settings - SIM2"},{"$i":"apnDefaultConfig","$v":"APN Default Config"},{"$i":"apn-defaultconfig-message","$v":"Set which type of apn to used"},{"$i":"apnConfigPostpay","$v":"Postpay APN"},{"$i":"apnConfigPrepay","$v":"Prepay APN"},{"$i":"qtn_sm_toast_set_ICE_first","$v":"No hay contactos de emergencia. Vaya a la configuración de contactos u opción de menú de la información de emergencia"},{"$i":"qtn_sm_toast_google_assist","$v":"Mantenga presionado o presione dos veces para ir al asistente de Google"},{"$i":"qtn_sm_toast_sos_call_msg","$v":"Mantenga presionado o presione dos veces para ir a llamada o mensaje SOS"},{"$i":"nocard-eccOnly","$v":"No SIM card-Emergency calls only"},{"$i":"unusablecard-eccOnly","$v":"Unusable SIM card-Emergency calls only"},{"$i":"sim-with-index-and-carrier","$v":["SIM ",{"t":"idOrVar","v":"index"}," - ",{"t":"idOrVar","v":"carrier"}]},{"$i":"sim-without-carrier","$v":["SIM ",{"t":"idOrVar","v":"index"}]},{"$i":"call-forwarding-async","$v":["Asincrónico: ",{"t":"idOrVar","v":"async"}]},{"$i":"call-forwarding-data","$v":["Datos: ",{"t":"idOrVar","v":"data"}]},{"$i":"call-forwarding-error","$v":"Ocurrió un error mientras se recuperaba el estado de reenvío de llamada"},{"$i":"call-forwarding-fax","$v":["FAX: ",{"t":"idOrVar","v":"fax"}]},{"$i":"call-forwarding-inactive","$v":"Inactivo"},{"$i":"call-forwarding-packet","$v":["Paquete: ",{"t":"idOrVar","v":"packet"}]},{"$i":"call-forwarding-pad","$v":["PAD: ",{"t":"idOrVar","v":"pad"}]},{"$i":"call-forwarding-sms","$v":["SMS: ",{"t":"idOrVar","v":"sms"}]},{"$i":"call-forwarding-status","$v":"Estado de reenvío de llamada"},{"$i":"call-forwarding-sync","$v":["Sincrónico: ",{"t":"idOrVar","v":"sync"}]},{"$i":"call-forwarding-voice","$v":["Voz: ",{"t":"idOrVar","v":"voice"}]},{"$i":"call-forwarding-voice-after-seconds","$v":["Voz: ",{"t":"idOrVar","v":"voice"}," tras ",{"t":"idOrVar","v":"timeSeconds"}," segundos"]},{"$i":"fihVersion","$v":"FIH Version"},{"$i":"serviceClassVoice","$v":"Voz"},{"$i":"serviceClassData","$v":"Datos"},{"$i":"serviceClassFax","$v":"FAX"},{"$i":"serviceClassSms","$v":"SMS"},{"$i":"serviceClassDataSync","$v":"Sinc"},{"$i":"serviceClassDataAsync","$v":"Asinc"},{"$i":"serviceClassPacket","$v":"Paquete"},{"$i":"serviceClassPad","$v":"PAD"},{"$i":"smServiceEnabled","$v":"Servicio no habilitado"},{"$i":"smServiceDisabled","$v":"El servicio ha sido deshabilitado"},{"$i":"smServiceRegistered","$v":"Registro no exitoso"},{"$i":"smServiceErased","$v":"Borrado no exitoso"},{"$i":"smServiceInterrogated","$v":"Solicitud no exitosa"},{"$i":"smServiceNotProvisioned","$v":"Servicio no provisto"},{"$i":"smClirPermanent","$v":"Usted no puede cambiar el ajuste de la identificación de la llamada"},{"$i":"smClirDefaultOnNextCallOn","$v":"Predeterminados de identificación de llamada a restringirse. Próxima llamada: Restringida"},{"$i":"smClirDefaultOnNextCallOff","$v":"Predeterminados de identificación de llamada a restringirse. Próxima llamada: No restringido"},{"$i":"smClirDefaultOffNextCallOn","$v":"Predeterminado de identificación de llamada a no restringirse. Próxima llamada: Restringida"},{"$i":"smClirDefaultOffNextCallOff","$v":"Predeterminado de identificación de llamada a no restringirse. Próxima llamada: No restringido"},{"$i":"smServiceEnabledFor","$v":"Servicio no habilitado para:"},{"$i":"smPinChanged","$v":"PIN cambiado con éxito"},{"$i":"smPinUnblocked","$v":"PIN desbloqueado con éxito"},{"$i":"smPin2Changed","$v":"PIN2 cambiado con éxito"},{"$i":"smPin2Unblocked","$v":"PIN2 desbloqueado con éxito"},{"$i":"ServiceIsEnabled","$v":"El servicio no está habilitado"},{"$i":"ServiceIsDisabled","$v":"El servicio está deshabilitado"},{"$i":"ServiceIsEnabledFor","$v":"El servicio está habilitado para:"},{"$i":"emMmiError","$v":"Problema de conexión o código MMI inválido"},{"$i":"emMmiErrorPasswordIncorrect","$v":"Contraseña incorrecta"},{"$i":"emMmiErrorNotSupported","$v":"Código MMI inválido o no admitido"},{"$i":"emMmiErrorInvalidAction","$v":"Acción inválida"},{"$i":"emMmiErrorInvalidScCode","$v":"Código de servicio inválido"},{"$i":"emMmiErrorBadPuk","$v":"El PUK que ingresó no es correcto"},{"$i":"emMmiErrorBadPin","$v":"El PIN antiguo que ingresó no es correcto"},{"$i":"emMmiErrorNeedPuk2","$v":"Ingresar PUK2 para desbloquear tarjeta SIM"},{"$i":"emMmiErrorMismatchPin","$v":"Los PIN que ingresó no concuerdan"},{"$i":"emMmiErrorInvalidPin","$v":"Ingresar un PIN que tenga de 4 a 8 números"},{"$i":"emMmiErrorNeedsPuk","$v":"Su tarjeta SIM está bloqueada con PUK"},{"$i":"emMmiErrorEnablePin","$v":"No exitoso. Habilitar BLOQUEO SIM/RUIM"},{"$i":"emMmiErrorMmiFdn","$v":"La operación se restringe a números de discado fijos solamente"},{"$i":"emMmiErrorStkCcUssdDial","$v":"La solicitud USSD se modifica para la solicitud DISCADO"},{"$i":"emMmiErrorStkCcUssdSs","$v":"La solicitud USSD se modifica para la solicitud SS"},{"$i":"emMmiErrorStkCcUssdUssd","$v":"La solicitud USSD se modifica para la solicitud USSD nueva"},{"$i":"emMmiErrorStkCcSsDial","$v":"La solicitud SS se modifica para la solicitud DISCADO"},{"$i":"emMmiErrorStkCcSsUssd","$v":"La solicitud SS se modifica para la solicitud USSD"},{"$i":"emMmiErrorStkCcSsSs","$v":"La solicitud SS se modifica para la solicitud SS nueva"},{"$i":"emMmiErrorPinPukAttempts","$v":{"few":["Quedan ",{"t":"idOrVar","v":"n"}," reintentos"],"many":["Quedan ",{"t":"idOrVar","v":"n"}," reintentos"],"one":["Solamente queda ",{"t":"idOrVar","v":"n"}," reintento"],"other":["Quedan ",{"t":"idOrVar","v":"n"}," reintentos"],"two":["Quedan ",{"t":"idOrVar","v":"n"}," reintentos"]},"$x":[{"t":"idOrVar","v":"plural"},"n"]},{"$i":"emMmiErrorSimBlocked","$v":"Se excedió el número máximo de reintentos. SIM bloqueado"},{"$i":"RadioNotAvailable","$v":"Radio no disponible"},{"$i":"PasswordIncorrect","$v":"Contraseña incorrecta"},{"$i":"SimPin2","$v":"SIM PIN2"},{"$i":"SimPuk2","$v":"SIM PUK2"},{"$i":"RequestNotSupported","$v":"Solicitud no admitida"},{"$i":"OpNotAllowedDuringVoiceCall","$v":"Operación no permitida durante la llamada de voz"},{"$i":"SmsSendFailRetry","$v":"Reintento fallo enviar SMS"},{"$i":"SimAbsent","$v":"SIM ausente"},{"$i":"SubscriptionNotAvailable","$v":"Suscripción no disponible"},{"$i":"ModeNotSupported","$v":"Modo no admitido"},{"$i":"FdnCheckFailure","$v":"Falla comprobación Fdn"},{"$i":"IllegalSimOrMe","$v":"SIM o ME ilegal"},{"$i":"DialModifiedToUssd","$v":"Discado modificado a USSD"},{"$i":"DialModifiedToSs","$v":"Discado modificado a SS"},{"$i":"DialModifiedToDial","$v":"Discado modificado a discado"},{"$i":"UssdModifiedToDial","$v":"USSD modificado a discado"},{"$i":"UssdModifiedToSs","$v":"USSD modificado a USSD"},{"$i":"UssdModifiedToUssd","$v":"USSD modificado a USSD"},{"$i":"SsModifiedToDial","$v":"SS modificado a discado"},{"$i":"SsModifiedToUssd","$v":"SS modificado a USSD"},{"$i":"SsModifiedToSs","$v":"SS modificado a SS"},{"$i":"SubscriptionNotSupported","$v":"Suscripción no admitida"},{"$i":"InvalidParameter","$v":"Parámetro inválido"},{"$i":"RejectedByRemote","$v":"Rechazado por remoto"},{"$i":"GetEmptyUssdPrompt","$v":"Se ha recibido una respuesta nula."},{"$i":"label","$v":"Etiqueta"},{"$i":"faxHome","$v":"Fax personal"},{"$i":"faxOffice","$v":"Fax de oficina"},{"$i":"faxOther","$v":"Otro fax"},{"$i":"another","$v":"Otro"},{"$i":"other","$v":"Otros"},{"$i":"tcl-customTag","$v":"Etiqueta personalizada"},{"$i":"customTag","$v":"Etiqueta personalizada","placeholder":"Etiqueta personalizada"},{"$i":"current","$v":"Actual"},{"$i":"itemWithLabel","$v":[{"t":"idOrVar","v":"label"},", ",{"t":"idOrVar","v":"item"}]},{"$i":"weekday-0-long","$v":"Domingo"},{"$i":"weekday-1-long","$v":"Lunes"},{"$i":"weekday-2-long","$v":"Martes"},{"$i":"weekday-3-long","$v":"Miércoles"},{"$i":"weekday-4-long","$v":"Jueves"},{"$i":"weekday-5-long","$v":"Viernes"},{"$i":"weekday-6-long","$v":"Sábado"},{"$i":"weekday-0-short","$v":"dom."},{"$i":"weekday-1-short","$v":"lun."},{"$i":"weekday-2-short","$v":"mar."},{"$i":"weekday-3-short","$v":"mié."},{"$i":"weekday-4-short","$v":"jue."},{"$i":"weekday-5-short","$v":"vie."},{"$i":"weekday-6-short","$v":"sáb."},{"$i":"month-0-long","$v":"Enero"},{"$i":"month-1-long","$v":"Febrero"},{"$i":"month-2-long","$v":"Marzo"},{"$i":"month-3-long","$v":"Abril"},{"$i":"month-4-long","$v":"Mayo"},{"$i":"month-5-long","$v":"Junio"},{"$i":"month-6-long","$v":"Julio"},{"$i":"month-7-long","$v":"Agosto"},{"$i":"month-8-long","$v":"Septiembre"},{"$i":"month-9-long","$v":"Octubre"},{"$i":"month-10-long","$v":"Noviembre"},{"$i":"month-11-long","$v":"Diciembre"},{"$i":"month-0-genitive","$v":"Enero"},{"$i":"month-1-genitive","$v":"Febrero"},{"$i":"month-2-genitive","$v":"Marzo"},{"$i":"month-3-genitive","$v":"Abril"},{"$i":"month-4-genitive","$v":"Mayo"},{"$i":"month-5-genitive","$v":"Junio"},{"$i":"month-6-genitive","$v":"Julio"},{"$i":"month-7-genitive","$v":"Agosto"},{"$i":"month-8-genitive","$v":"Septiembre"},{"$i":"month-9-genitive","$v":"Octubre"},{"$i":"month-10-genitive","$v":"Noviembre"},{"$i":"month-11-genitive","$v":"Diciembre"},{"$i":"month-0-short","$v":"Ene"},{"$i":"month-1-short","$v":"Feb"},{"$i":"month-2-short","$v":"Mar"},{"$i":"month-3-short","$v":"Abr"},{"$i":"month-4-short","$v":"May"},{"$i":"month-5-short","$v":"Jun"},{"$i":"month-6-short","$v":"Jul"},{"$i":"month-7-short","$v":"Ago"},{"$i":"month-8-short","$v":"Sep"},{"$i":"month-9-short","$v":"Oct"},{"$i":"month-10-short","$v":"Nov"},{"$i":"month-11-short","$v":"Dec"},{"$i":"minutes-ago-long","$v":{"few":["hace ",{"t":"idOrVar","v":"value"}," minutos"],"many":["hace ",{"t":"idOrVar","v":"value"}," minutos"],"one":"hace un minuto","other":["hace ",{"t":"idOrVar","v":"value"}," minutos"],"two":["hace ",{"t":"idOrVar","v":"value"}," minutos"],"zero":"recién"},"$x":[{"t":"idOrVar","v":"plural"},"value"]},{"$i":"hours-ago-long","$v":{"few":["hace ",{"t":"idOrVar","v":"value"}," horas"],"many":["hace ",{"t":"idOrVar","v":"value"}," horas"],"one":"hace una hora","other":["hace ",{"t":"idOrVar","v":"value"}," horas"],"two":["hace ",{"t":"idOrVar","v":"value"}," horas"],"zero":"recién"},"$x":[{"t":"idOrVar","v":"plural"},"value"]},{"$i":"days-ago-long","$v":{"few":["hace ",{"t":"idOrVar","v":"value"}," días"],"many":["hace ",{"t":"idOrVar","v":"value"}," días"],"one":"ayer","other":["hace ",{"t":"idOrVar","v":"value"}," días"],"two":["hace ",{"t":"idOrVar","v":"value"}," días"],"zero":"hoy"},"$x":[{"t":"idOrVar","v":"plural"},"value"]},{"$i":"weeks-ago-long","$v":{"few":["hace ",{"t":"idOrVar","v":"value"}," semanas"],"many":["hace ",{"t":"idOrVar","v":"value"}," semanas"],"one":"la semana pasada","other":["hace ",{"t":"idOrVar","v":"value"}," semanas"],"two":["hace ",{"t":"idOrVar","v":"value"}," semanas"],"zero":"esta semana"},"$x":[{"t":"idOrVar","v":"plural"},"value"]},{"$i":"months-ago-long","$v":{"few":["hace ",{"t":"idOrVar","v":"value"}," meses"],"many":["hace ",{"t":"idOrVar","v":"value"}," meses"],"one":"el último mes","other":["hace ",{"t":"idOrVar","v":"value"}," meses"],"two":["hace ",{"t":"idOrVar","v":"value"}," meses"],"zero":"este mes"},"$x":[{"t":"idOrVar","v":"plural"},"value"]},{"$i":"years-ago-long","$v":{"few":["hace ",{"t":"idOrVar","v":"value"}," años"],"many":["hace ",{"t":"idOrVar","v":"value"}," años"],"one":"el año pasado","other":["hace ",{"t":"idOrVar","v":"value"}," años"],"two":["hace ",{"t":"idOrVar","v":"value"}," años"],"zero":"este año"},"$x":[{"t":"idOrVar","v":"plural"},"value"]},{"$i":"minutes-until-long","$v":{"few":["en ",{"t":"idOrVar","v":"value"}," minutos"],"many":["en ",{"t":"idOrVar","v":"value"}," minutos"],"one":"en un minuto","other":["en ",{"t":"idOrVar","v":"value"}," minutos"],"two":["en ",{"t":"idOrVar","v":"value"}," minutos"],"zero":"ahora"},"$x":[{"t":"idOrVar","v":"plural"},"value"]},{"$i":"hours-until-long","$v":{"few":["en ",{"t":"idOrVar","v":"value"}," horas"],"many":["en ",{"t":"idOrVar","v":"value"}," horas"],"one":"en una hora","other":["en ",{"t":"idOrVar","v":"value"}," horas"],"two":["en ",{"t":"idOrVar","v":"value"}," horas"],"zero":"ahora"},"$x":[{"t":"idOrVar","v":"plural"},"value"]},{"$i":"days-until-long","$v":{"few":["en ",{"t":"idOrVar","v":"value"}," días"],"many":["en ",{"t":"idOrVar","v":"value"}," días"],"one":"mañana","other":["en ",{"t":"idOrVar","v":"value"}," días"],"two":["en ",{"t":"idOrVar","v":"value"}," días"],"zero":"hoy"},"$x":[{"t":"idOrVar","v":"plural"},"value"]},{"$i":"weeks-until-long","$v":{"few":["en ",{"t":"idOrVar","v":"value"}," semanas"],"many":["en ",{"t":"idOrVar","v":"value"}," semanas"],"one":"la semana que viene","other":["en ",{"t":"idOrVar","v":"value"}," semanas"],"two":["en ",{"t":"idOrVar","v":"value"}," semanas"],"zero":"esta semana"},"$x":[{"t":"idOrVar","v":"plural"},"value"]},{"$i":"months-until-long","$v":{"few":["en ",{"t":"idOrVar","v":"value"}," meses"],"many":["en ",{"t":"idOrVar","v":"value"}," meses"],"one":"el próximo mes","other":["en ",{"t":"idOrVar","v":"value"}," meses"],"two":["en ",{"t":"idOrVar","v":"value"}," meses"],"zero":"este mes"},"$x":[{"t":"idOrVar","v":"plural"},"value"]},{"$i":"years-until-long","$v":{"few":["en ",{"t":"idOrVar","v":"value"}," años"],"many":["en ",{"t":"idOrVar","v":"value"}," años"],"one":"el próximo año","other":["en ",{"t":"idOrVar","v":"value"}," años"],"two":["en ",{"t":"idOrVar","v":"value"}," años"],"zero":"este año"},"$x":[{"t":"idOrVar","v":"plural"},"value"]},{"$i":"minutes-ago-short","$v":{"other":["hace ",{"t":"idOrVar","v":"value"},"m"],"zero":"recién"},"$x":[{"t":"idOrVar","v":"plural"},"value"]},{"$i":"hours-ago-short","$v":{"other":["hace ",{"t":"idOrVar","v":"value"},"h"],"zero":"recién"},"$x":[{"t":"idOrVar","v":"plural"},"value"]},{"$i":"days-ago-short","$v":{"other":["hace ",{"t":"idOrVar","v":"value"},"d"],"zero":"hoy"},"$x":[{"t":"idOrVar","v":"plural"},"value"]},{"$i":"minutes-until-short","$v":{"other":["en ",{"t":"idOrVar","v":"value"},"m"],"zero":"ahora"},"$x":[{"t":"idOrVar","v":"plural"},"value"]},{"$i":"hours-until-short","$v":{"other":["en ",{"t":"idOrVar","v":"value"},"h"],"zero":"ahora"},"$x":[{"t":"idOrVar","v":"plural"},"value"]},{"$i":"days-until-short","$v":{"other":["en ",{"t":"idOrVar","v":"value"},"d"],"zero":"hoy"},"$x":[{"t":"idOrVar","v":"plural"},"value"]},{"$i":"incorrectDate","$v":"(fecha incorrecta)"},{"$i":"dateTimeFormat_%c","$v":"%a %b %e %Y %I:%M:%S %p"},{"$i":"dateTimeFormat_%x","$v":"%d/%m/%Y"},{"$i":"dateTimeFormat_%X","$v":"%I:%M:%S %p"},{"$i":"shortTimeFormat","$v":"%I:%M %p"},{"$i":"shortTimeFormat12","$v":"%I:%M %p"},{"$i":"shortTimeFormat24","$v":"%H:%M"},{"$i":"shortDateTimeFormat","$v":"%x %I:%M %p"},{"$i":"weekStartsOnMonday","$v":"0.0"},{"$i":"firstDayOfTheWeek","$v":"0.0"},{"$i":"time_am","$v":"AM"},{"$i":"time_pm","$v":"PM"}]