[{"$i":"search-or-enter-address","placeholder":"Hae tai anna osoite"},{"$i":"delete-title","$v":["Poista ",{"t":"idOrVar","v":"name"}]},{"$i":"delete-body","$v":[{"t":"idOrVar","v":"name"}," ja kaikki sen tiedot poistetaan."]},{"$i":"delete","$v":"Poista"},{"$i":"cancel","$v":"Peruuta"},{"$i":"apps","$v":"Sovellukset"},{"$i":"menu","$v":"Valikko"},{"$i":"notifications","$v":"Ilmoitukset"},{"$i":"speed-dial","$v":"Pikavalinta"},{"$i":"select","$v":"Valitse"},{"$i":"move","$v":"Siirrä"},{"$i":"ok","$v":"OK"},{"$i":"set","$v":"Aseta"},{"$i":"edit","$v":"Muokkaa"},{"$i":"call","$v":"Puhelu"},{"$i":"message","$v":"Viesti"},{"$i":"options","$v":"Valinnat"},{"$i":"assign","$v":"Valitse"},{"$i":"remove","$v":"Poista"},{"$i":"replace","$v":"Korvaa"},{"$i":"more","$v":"Lisää"},{"$i":"settings","$v":"Asetukset"},{"$i":"contacts","$v":"Osoitekirja"},{"$i":"list-view","$v":"Luettelonäkymä"},{"$i":"grid-view","$v":"Ruudukkonäkymä"},{"$i":"single-view","$v":"Yksittäisnäkymä"},{"$i":"skip","$v":"Ohita"},{"$i":"shortcuts","$v":"Pikavalinnat"},{"$i":"next","$v":"Seuraava"},{"$i":"instant-settings","$v":"pika-asetukset"},{"$i":"flashlight","$v":"Taskulamppu"},{"$i":"brightness","$v":"Kirkkaus"},{"$i":"volume","$v":"Äänenvoim."},{"$i":"camera","$v":"Kamera"},{"$i":"calculator","$v":"Laskin"},{"$i":"airplane-mode","$v":"Lentotila"},{"$i":"wifi","$v":"WLAN"},{"$i":"bluetooth","$v":"Bluetooth"},{"$i":"cellular-data","$v":"Mobiilitiedonsiirto"},{"$i":"on","$v":"Käytössä"},{"$i":"off","$v":"Ei käytössä"},{"$i":"percentage-number","$v":[{"t":"idOrVar","v":"number"}," %"]},{"$i":"voicemail","$v":"Vastaaja"},{"$i":"speed-dial-not-empty","ariaLabel":[{"t":"idOrVar","v":"order"},", ",{"t":"idOrVar","v":"name"}]},{"$i":"speed-dial-empty","ariaLabel":[{"t":"idOrVar","v":"order"},", tyhjä"]},{"$i":"remove-speed-dial","$v":["Haluatko varmasti poistaa kohteen ",{"t":"idOrVar","v":"name"}," pikavalinnoista?"]},{"$i":"replace-speed-dial","$v":["Haluatko varmasti korvata kohteen ",{"t":"idOrVar","v":"name"}," kohteella ",{"t":"idOrVar","v":"subName"},"?"]},{"$i":"assign-speed-dial","$v":["Yhteystietoa ei lisätty pikavalinnaksi painikkeeseen \"",{"t":"idOrVar","v":"n"},"\". Määritetäänkö nyt?"]},{"$i":"assign-voicemail","$v":"Vastaajapalvelun numeroa ei ole asetettu."},{"$i":"alert-for-contacts-without-number","$v":"Puhelinnumerollisia yhteystietoja ei ole."},{"$i":"option-remove","$v":"Poista pikavalinnoista"},{"$i":"option-replace","$v":"Korvaa"},{"$i":"all-apps","$v":"Kaikki sovellukset"},{"$i":"uninstall","$v":"Poista asennus"},{"$i":"confirm-to-uninstall-app","$v":["Poistetaanko sovelluksen ",{"t":"idOrVar","v":"appName"}," asennus?"]},{"$i":"confirm-to-unpin-bookmark","$v":"Poistetaanko verkkosivuston kiinnitys?"},{"$i":"unpin","$v":"Poista kiinnitys"},{"$i":"rename","$v":"Muuta nimi"},{"$i":"title","$v":"Otsikko"},{"$i":"add-to-existing-contact","$v":"Lisää nykyiseen yhteystietoon"},{"$i":"create-new-contact","$v":"Luo uusi yht.tieto"},{"$i":"sending","$v":"Lähetetään…"},{"$i":"video-call","$v":"Videopuhelu"},{"$i":"rtt-call","$v":"RTT-puhelu"},{"$i":"callAirplaneModeTitle","$v":"Lentotila aktivoitu"},{"$i":"callAirplaneModeMessage","$v":"Sinun on otettava lentotila pois päältä asetuksissa, jotta voit soittaa puhelun."},{"$i":"emergencyDialogTitle","$v":"Ei verkkoyhteyttä"},{"$i":"emergencyDialogBodyBadNumber","$v":"Puhelin on kytkettävä verkkoon, jotta voit soittaa puhelun."},{"$i":"emergencyDialogBodyDeviceNotAccepted","$v":"Verkko ei salli hätäpuheluja."},{"$i":"invalidNumberToDialTitle","$v":"Puhelinnumero ei kelpaa"},{"$i":"invalidNumberToDialMessage","$v":"Soitat puhelinnumeroon, joka ei ole kelvollinen."},{"$i":"emergency-call-only","$v":"Vain hätäpuhelut"},{"$i":"emergency-call-error","$v":[{"t":"idOrVar","v":"number"}," ei ole hätänumero."]},{"$i":"numberIsBusyTitle","$v":"Numero on varattu"},{"$i":"numberIsBusyMessage","$v":"Numero on tällä hetkellä varattu. Yritä uudelleen myöhemmin."},{"$i":"fdnIsActiveTitle","$v":"FDN aktiivinen"},{"$i":"fdnIsActiveMessage","$v":["FDN (sallitut numerot) on otettu käyttöön, eikä seuraava numero ole FDN-listallasi: ",{"t":"idOrVar","v":"number"}]},{"$i":"otherConnectionInUseTitle","$v":"Muu yhteys käytössä"},{"$i":"otherConnectionInUseMessage","$v":"Sinulla on aktiivinen puhelu toisessa yhteydessä. Voit käyttää vain yhtä yhteyttä kerrallaan."},{"$i":"GenericFailure","$v":"Yleinen virhe"},{"$i":"CallFailed","$v":"Puhelu epäonnistui"},{"$i":"scCallBarring","$v":"Puhelunesto"},{"$i":"scCallForwarding","$v":"Soitonsiirto"},{"$i":"scClip","$v":"Saapuva puhelun numeron lähetys"},{"$i":"scClir","$v":"Lähtevän puhelun numerotieto"},{"$i":"scPwd","$v":"Salasanan vaihto"},{"$i":"scCallWaiting","$v":"Koputuspalvelu"},{"$i":"scPin","$v":"PIN-koodin vaihto"},{"$i":"scPin2","$v":"PIN2-koodin vaihto"},{"$i":"scPuk","$v":"Avaa PIN-lukitus"},{"$i":"scPuk2","$v":"Avaa PIN2-lukitus"},{"$i":"scImei","$v":"IMEI"},{"$i":"scMeid","$v":"MEID"},{"$i":"scUssd","$v":"USSD"},{"$i":"deviceIsUnlocked","$v":"Laitteen lukitus on poistettu"},{"$i":"simUnlockCodeAccepted","$v":"SIM-kortin avauskoodi on hyväksytty"},{"$i":"simUnlockCodeFailed","$v":"SIM-kortin lukituksen poisto onnistui"},{"$i":"personal","$v":"Henkilökohtainen"},{"$i":"mobile","$v":"Matkapuhelin"},{"$i":"home","$v":"Koti"},{"$i":"work","$v":"Työ"},{"$i":"fax-home","$v":"Kotifaksi"},{"$i":"fax-office","$v":"Työfaksi"},{"$i":"fax-other","$v":"Muu faksi"},{"$i":"homescreen-settings","$v":"Aloitusnäytön asetukset"},{"$i":"change-wallpaper","$v":"Vaihda taustakuvaa"},{"$i":"add-smart-collections","$v":"Lisää älykkäitä kokoelmia"},{"$i":"edit-mode","$v":"Muokkaa"},{"$i":"edit-done","$v":"Valmis"},{"$i":"tutorial-for-side-menu-1","$v":"Paina VASEN-näppäintä käyttääksesi vasemmalla olevia sovelluksia."},{"$i":"tutorial-for-instant-settings-1","$v":"Paina YLÖS-näppäintä siirtyäksesi tavallisesti käytettyihin asetuksiin."},{"$i":"tutorial-for-notices","$v":"Paina OIKEA-näppäintä näyttääksesi uusia muistiinpanoja."},{"$i":"tutorial-for-google-assistant-1","$v":"Paina pitkään OK puhuaksesi."},{"$i":"tutorial-for-voice-input-1","$v":"Paina pitkään OK puhuaksesi tekstikentässä."},{"$i":"stop-download-title","$v":["Lopeta ",{"t":"idOrVar","v":"name"}]},{"$i":"stop-download-body","$v":"Haluatko pysäyttää käynnissä olevan latauksen?"},{"$i":"stop-download-action","$v":"Lopeta"},{"$i":"resume-download-title","$v":"Käynnistä lataus uudelleen"},{"$i":"resume-download-body","$v":["Haluatko ladata kohteen ",{"t":"idOrVar","v":"name"},"?"]},{"$i":"resume-download-action","$v":"Lataa"},{"$i":"edit-group-header","$v":"Muokkaa ryhmää"},{"$i":"tcl-wallpaper-changed","$v":"Taustakuva vaihdettu"},{"$i":"gaia-shortcut-app-updated","$v":"Sovellus päivitettiin"},{"$i":"clocks-updated","$v":"Kellot päivitetty"},{"$i":"longDateFormat","$v":"%A, %B %e"},{"$i":"app-title","$v":"Omat sovellukset"},{"$i":"app-uninstall","$v":["Kohteen ",{"t":"idOrVar","v":"name"}," asennus poistettiin"]},{"$i":"confirmation","$v":"Vahvistus"},{"$i":"noSimCard","$v":"Ei SIM-korttia"},{"$i":"noService","$v":"Ei palvelua"},{"$i":"eccOnly","$v":"Emergency calls only"},{"$i":"emergencyCallsOnly","$v":"Emergency calls only"},{"$i":"searching","$v":"Haetaan..."},{"$i":"lockedSim","$v":"Lukittu SIM"},{"$i":"clockDateFormat","$v":"%a, %e %b"},{"$i":"apn-sim1","$v":"APN Settings - SIM1"},{"$i":"apn-sim2","$v":"APN Settings - SIM2"},{"$i":"apnDefaultConfig","$v":"APN Default Config"},{"$i":"apn-defaultconfig-message","$v":"Set which type of apn to used"},{"$i":"apnConfigPostpay","$v":"Postpay APN"},{"$i":"apnConfigPrepay","$v":"Prepay APN"},{"$i":"qtn_sm_toast_set_ICE_first","$v":"Ei ICE-yhteystietoja. Siirry ICE-tietojen yhteystietoasetuksiin"},{"$i":"qtn_sm_toast_google_assist","$v":"Paina pitkään tai napauta kahdesti siirtyäksesi Google assistant -sovellukseen"},{"$i":"qtn_sm_toast_sos_call_msg","$v":"Paina pitkään tai kaksoispaina siirtyäksesi SOS-puheluun/SOS-viestiin"},{"$i":"nocard-eccOnly","$v":"No SIM card-Emergency calls only"},{"$i":"unusablecard-eccOnly","$v":"Unusable SIM card-Emergency calls only"},{"$i":"sim-with-index-and-carrier","$v":["SIM ",{"t":"idOrVar","v":"index"}," - ",{"t":"idOrVar","v":"carrier"}]},{"$i":"sim-without-carrier","$v":["SIM ",{"t":"idOrVar","v":"index"}]},{"$i":"call-forwarding-async","$v":["Asynkroninen: ",{"t":"idOrVar","v":"async"}]},{"$i":"call-forwarding-data","$v":["Data: ",{"t":"idOrVar","v":"data"}]},{"$i":"call-forwarding-error","$v":"Virhe tapahtui noudettaessa puhelun eteenpäin välityksen tilaa"},{"$i":"call-forwarding-fax","$v":["FAKSI: ",{"t":"idOrVar","v":"fax"}]},{"$i":"call-forwarding-inactive","$v":"Pois käytöstä"},{"$i":"call-forwarding-packet","$v":["Paketti: ",{"t":"idOrVar","v":"packet"}]},{"$i":"call-forwarding-pad","$v":["PAD: ",{"t":"idOrVar","v":"pad"}]},{"$i":"call-forwarding-sms","$v":["SMS: ",{"t":"idOrVar","v":"sms"}]},{"$i":"call-forwarding-status","$v":"Soitonsiirron tila"},{"$i":"call-forwarding-sync","$v":["Synkroninen: ",{"t":"idOrVar","v":"sync"}]},{"$i":"call-forwarding-voice","$v":["Ääni: ",{"t":"idOrVar","v":"voice"}]},{"$i":"call-forwarding-voice-after-seconds","$v":["Ääni: ",{"t":"idOrVar","v":"voice"}," ",{"t":"idOrVar","v":"timeSeconds"}," sekunnin kuluttua"]},{"$i":"fihVersion","$v":"FIH Version"},{"$i":"serviceClassVoice","$v":"Äänitallenteet"},{"$i":"serviceClassData","$v":"Data"},{"$i":"serviceClassFax","$v":"FAKSI"},{"$i":"serviceClassSms","$v":"SMS"},{"$i":"serviceClassDataSync","$v":"Synkronoi"},{"$i":"serviceClassDataAsync","$v":"Asynk."},{"$i":"serviceClassPacket","$v":"Paketti"},{"$i":"serviceClassPad","$v":"PAD"},{"$i":"smServiceEnabled","$v":"Palvelu otettiin käyttöön"},{"$i":"smServiceDisabled","$v":"Palvelu on poistettu käytöstä"},{"$i":"smServiceRegistered","$v":"Rekisteröityminen onnistui"},{"$i":"smServiceErased","$v":"Pyyhkiminen onnistui"},{"$i":"smServiceInterrogated","$v":"Pyyntö onnistui"},{"$i":"smServiceNotProvisioned","$v":"Palvelua ei ole saatavilla."},{"$i":"smClirPermanent","$v":"Et voi vaihtaa oman numeron lähetyksen asetusta"},{"$i":"smClirDefaultOnNextCallOn","$v":"Soittajan tietojen oletukseksi asetetaan rajoitettu. Seuraava puhelu: rajoitettu."},{"$i":"smClirDefaultOnNextCallOff","$v":"Soittajan tietojen oletukseksi asetetaan rajoitettu. Seuraava puhelu: ei rajoitettu."},{"$i":"smClirDefaultOffNextCallOn","$v":"Soittajan tietojen oletukseksi asetetaan ei rajoitettu. Seuraava puhelu: rajoitettu."},{"$i":"smClirDefaultOffNextCallOff","$v":"Soittajan tietojen oletukseksi asetetaan ei rajoitettu. Seuraava puhelu: ei rajoitettu."},{"$i":"smServiceEnabledFor","$v":"Palvelu otettiin käyttöön kohteelle:"},{"$i":"smPinChanged","$v":"PIN:n vaihto onnistui"},{"$i":"smPinUnblocked","$v":"PIN-lukituksen avaus onnistui"},{"$i":"smPin2Changed","$v":"PIN2:n vaihto onnistui"},{"$i":"smPin2Unblocked","$v":"PIN2-lukituksen avaus onnistui"},{"$i":"ServiceIsEnabled","$v":"Palvelu on otettu käyttöön"},{"$i":"ServiceIsDisabled","$v":"Palvelu on poissa käytöstä"},{"$i":"ServiceIsEnabledFor","$v":"Palvelu on otettu käyttöön kohteelle:"},{"$i":"emMmiError","$v":"Yhteysongelma tai virheellinen MMI-koodi"},{"$i":"emMmiErrorPasswordIncorrect","$v":"Virheellinen salasana"},{"$i":"emMmiErrorNotSupported","$v":"MMI-koodi ei kelpaa tai sitä ei tueta"},{"$i":"emMmiErrorInvalidAction","$v":"Toiminto ei kelpaa"},{"$i":"emMmiErrorInvalidScCode","$v":"Huoltokoodi ei kelpaa"},{"$i":"emMmiErrorBadPuk","$v":"Antamasi PUK on väärä."},{"$i":"emMmiErrorBadPin","$v":"Antamasi vanha PIN on väärä."},{"$i":"emMmiErrorNeedPuk2","$v":"Avaa SIM-kortin esto syöttämällä PUK2"},{"$i":"emMmiErrorMismatchPin","$v":"Antamasi PIN-koodit eivät täsmää."},{"$i":"emMmiErrorInvalidPin","$v":"Anna PIN, jossa on 4–8 numeroa"},{"$i":"emMmiErrorNeedsPuk","$v":"SIM-korttisi on PUK-lukittu"},{"$i":"emMmiErrorEnablePin","$v":"Epäonnistui. Ota käyttöön SIM/RUIM-LUKITUS"},{"$i":"emMmiErrorMmiFdn","$v":"Toiminto rajoitettu vain sallittuihin numeroihin"},{"$i":"emMmiErrorStkCcUssdDial","$v":"USSD-pyyntö on muokattu DIAL-pyynnöksi"},{"$i":"emMmiErrorStkCcUssdSs","$v":"USSD-pyyntö on muokattu SS-pyynnöksi"},{"$i":"emMmiErrorStkCcUssdUssd","$v":"USSD-pyyntö on muokattu uudeksi USSD-pyynnöksi"},{"$i":"emMmiErrorStkCcSsDial","$v":"SS-pyyntö on muokattu DIAL-pyynnöksi"},{"$i":"emMmiErrorStkCcSsUssd","$v":"SS-pyyntö muokattu USSD-pyynnöksi"},{"$i":"emMmiErrorStkCcSsSs","$v":"USSD-pyyntö muokattu uudeksi SS-pyynnöksi"},{"$i":"emMmiErrorPinPukAttempts","$v":{"few":[{"t":"idOrVar","v":"n"}," yritystä jäljellä"],"many":[{"t":"idOrVar","v":"n"}," yritystä jäljellä"],"one":["Vain ",{"t":"idOrVar","v":"n"}," yritys jäljellä"],"other":[{"t":"idOrVar","v":"n"}," yritystä jäljellä"],"two":[{"t":"idOrVar","v":"n"}," yritystä jäljellä"]},"$x":[{"t":"idOrVar","v":"plural"},"n"]},{"$i":"emMmiErrorSimBlocked","$v":"Yritysten enimmäismäärä saavutettu. SIM lukittu"},{"$i":"RadioNotAvailable","$v":"Radio ei saatavilla"},{"$i":"PasswordIncorrect","$v":"Virheellinen salasana"},{"$i":"SimPin2","$v":"SIM PIN2"},{"$i":"SimPuk2","$v":"SIM PUK2"},{"$i":"RequestNotSupported","$v":"Pyyntöä ei tueta"},{"$i":"OpNotAllowedDuringVoiceCall","$v":"Toiminto ei sallittu puhelun aikana"},{"$i":"SmsSendFailRetry","$v":"SMS-lähetys epäonnistui, uusi yritys"},{"$i":"SimAbsent","$v":"SIM puuttuu"},{"$i":"SubscriptionNotAvailable","$v":"Tilausta ei saatavilla"},{"$i":"ModeNotSupported","$v":"Tilaa ei tueta"},{"$i":"FdnCheckFailure","$v":"Fdn-tarkastusvirhe"},{"$i":"IllegalSimOrMe","$v":"Kielletty SIM tai ME"},{"$i":"DialModifiedToUssd","$v":"Dial modified to USSD"},{"$i":"DialModifiedToSs","$v":"Dial modified to SS"},{"$i":"DialModifiedToDial","$v":"Dial modified to dial"},{"$i":"UssdModifiedToDial","$v":"USSD muokattu tilaan numeronvalitsin"},{"$i":"UssdModifiedToSs","$v":"USSD muokattu tilaan SS"},{"$i":"UssdModifiedToUssd","$v":"USSD muokattu tilaan USSD"},{"$i":"SsModifiedToDial","$v":"SS muokattu tilaan numerovalinta"},{"$i":"SsModifiedToUssd","$v":"SS muokattu tilaan USSD"},{"$i":"SsModifiedToSs","$v":"SS muokattu tilaan SS"},{"$i":"SubscriptionNotSupported","$v":"Tilausta ei tueta"},{"$i":"InvalidParameter","$v":"Parametri ei kelpaa"},{"$i":"RejectedByRemote","$v":"Vastaanottajan hylkäämä"},{"$i":"GetEmptyUssdPrompt","$v":"Null-vastaus vastaanotettu."},{"$i":"label","$v":"Merkki"},{"$i":"faxHome","$v":"Kotifaksi"},{"$i":"faxOffice","$v":"Työfaksi"},{"$i":"faxOther","$v":"Muu faksi"},{"$i":"another","$v":"Muu"},{"$i":"other","$v":"Muu"},{"$i":"tcl-customTag","$v":"Mukautettu tagi"},{"$i":"customTag","$v":"Mukautettu tagi","placeholder":"Mukautettu tagi"},{"$i":"current","$v":"Nykyinen"},{"$i":"itemWithLabel","$v":[{"t":"idOrVar","v":"label"},", ",{"t":"idOrVar","v":"item"}]},{"$i":"weekday-0-long","$v":"Sunnuntai"},{"$i":"weekday-1-long","$v":"Maanantai"},{"$i":"weekday-2-long","$v":"Tiistai"},{"$i":"weekday-3-long","$v":"Keskiviikko"},{"$i":"weekday-4-long","$v":"Torstai"},{"$i":"weekday-5-long","$v":"Perjantai"},{"$i":"weekday-6-long","$v":"Lauantai"},{"$i":"weekday-0-short","$v":"Su"},{"$i":"weekday-1-short","$v":"Ma"},{"$i":"weekday-2-short","$v":"Ti"},{"$i":"weekday-3-short","$v":"Ke"},{"$i":"weekday-4-short","$v":"To"},{"$i":"weekday-5-short","$v":"Pe"},{"$i":"weekday-6-short","$v":"La"},{"$i":"month-0-long","$v":"Tammikuu"},{"$i":"month-1-long","$v":"Helmikuu"},{"$i":"month-2-long","$v":"Maaliskuu"},{"$i":"month-3-long","$v":"Huhtikuu"},{"$i":"month-4-long","$v":"Toukokuu"},{"$i":"month-5-long","$v":"Kesäkuu"},{"$i":"month-6-long","$v":"Heinäkuu"},{"$i":"month-7-long","$v":"Elokuu"},{"$i":"month-8-long","$v":"Syyskuu"},{"$i":"month-9-long","$v":"Lokakuu"},{"$i":"month-10-long","$v":"Marraskuu"},{"$i":"month-11-long","$v":"Joulukuu"},{"$i":"month-0-genitive","$v":"Tammikuu"},{"$i":"month-1-genitive","$v":"Helmikuu"},{"$i":"month-2-genitive","$v":"Maaliskuu"},{"$i":"month-3-genitive","$v":"Huhtikuu"},{"$i":"month-4-genitive","$v":"Toukokuu"},{"$i":"month-5-genitive","$v":"Kesäkuu"},{"$i":"month-6-genitive","$v":"Heinäkuu"},{"$i":"month-7-genitive","$v":"Elokuu"},{"$i":"month-8-genitive","$v":"Syyskuu"},{"$i":"month-9-genitive","$v":"Lokakuu"},{"$i":"month-10-genitive","$v":"Marraskuu"},{"$i":"month-11-genitive","$v":"Joulukuu"},{"$i":"month-0-short","$v":"tam"},{"$i":"month-1-short","$v":"hel"},{"$i":"month-2-short","$v":"maa"},{"$i":"month-3-short","$v":"huh"},{"$i":"month-4-short","$v":"tou"},{"$i":"month-5-short","$v":"kes"},{"$i":"month-6-short","$v":"hei"},{"$i":"month-7-short","$v":"elo"},{"$i":"month-8-short","$v":"syy"},{"$i":"month-9-short","$v":"lok"},{"$i":"month-10-short","$v":"mar"},{"$i":"month-11-short","$v":"jou"},{"$i":"minutes-ago-long","$v":{"few":[{"t":"idOrVar","v":"value"}," minuuttia sitten"],"many":[{"t":"idOrVar","v":"value"}," minuuttia sitten"],"one":"minuutti sitten","other":[{"t":"idOrVar","v":"value"}," minuuttia sitten"],"two":[{"t":"idOrVar","v":"value"}," minuuttia sitten"],"zero":"juuri nyt"},"$x":[{"t":"idOrVar","v":"plural"},"value"]},{"$i":"hours-ago-long","$v":{"few":[{"t":"idOrVar","v":"value"}," tuntia sitten"],"many":[{"t":"idOrVar","v":"value"}," tuntia sitten"],"one":"tunti sitten","other":[{"t":"idOrVar","v":"value"}," tuntia sitten"],"two":[{"t":"idOrVar","v":"value"}," tuntia sitten"],"zero":"juuri nyt"},"$x":[{"t":"idOrVar","v":"plural"},"value"]},{"$i":"days-ago-long","$v":{"few":[{"t":"idOrVar","v":"value"}," päivää sitten"],"many":[{"t":"idOrVar","v":"value"}," päivää sitten"],"one":"eilen","other":[{"t":"idOrVar","v":"value"}," päivää sitten"],"two":[{"t":"idOrVar","v":"value"}," päivää sitten"],"zero":"tänään"},"$x":[{"t":"idOrVar","v":"plural"},"value"]},{"$i":"weeks-ago-long","$v":{"few":[{"t":"idOrVar","v":"value"}," viikkoa sitten"],"many":[{"t":"idOrVar","v":"value"}," viikkoa sitten"],"one":"viime viikolla","other":[{"t":"idOrVar","v":"value"}," viikkoa sitten"],"two":[{"t":"idOrVar","v":"value"}," viikkoa sitten"],"zero":"tällä viikolla"},"$x":[{"t":"idOrVar","v":"plural"},"value"]},{"$i":"months-ago-long","$v":{"few":[{"t":"idOrVar","v":"value"}," kuukautta sitten"],"many":[{"t":"idOrVar","v":"value"}," kuukautta sitten"],"one":"viimeinen kuukausi","other":[{"t":"idOrVar","v":"value"}," kuukautta sitten"],"two":[{"t":"idOrVar","v":"value"}," kuukautta sitten"],"zero":"tässä kuussa"},"$x":[{"t":"idOrVar","v":"plural"},"value"]},{"$i":"years-ago-long","$v":{"few":[{"t":"idOrVar","v":"value"}," vuotta sitten"],"many":[{"t":"idOrVar","v":"value"}," vuotta sitten"],"one":"viime vuonna","other":[{"t":"idOrVar","v":"value"}," vuotta sitten"],"two":[{"t":"idOrVar","v":"value"}," vuotta sitten"],"zero":"tänä vuonna"},"$x":[{"t":"idOrVar","v":"plural"},"value"]},{"$i":"minutes-until-long","$v":{"few":[{"t":"idOrVar","v":"value"}," minuutin kuluttua"],"many":[{"t":"idOrVar","v":"value"}," minuutin kuluttua"],"one":"minuutin kuluttua","other":[{"t":"idOrVar","v":"value"}," minuutin kuluttua"],"two":[{"t":"idOrVar","v":"value"}," minuutin kuluttua"],"zero":"nyt"},"$x":[{"t":"idOrVar","v":"plural"},"value"]},{"$i":"hours-until-long","$v":{"few":[{"t":"idOrVar","v":"value"}," tunnin kuluttua"],"many":[{"t":"idOrVar","v":"value"}," tunnin kuluttua"],"one":"tunnin kuluttua","other":[{"t":"idOrVar","v":"value"}," tunnin kuluttua"],"two":[{"t":"idOrVar","v":"value"}," tunnin kuluttua"],"zero":"nyt"},"$x":[{"t":"idOrVar","v":"plural"},"value"]},{"$i":"days-until-long","$v":{"few":[{"t":"idOrVar","v":"value"}," päivän kuluttua"],"many":[{"t":"idOrVar","v":"value"}," päivän kuluttua"],"one":"huomenna","other":[{"t":"idOrVar","v":"value"}," päivän kuluttua"],"two":[{"t":"idOrVar","v":"value"}," päivän kuluttua"],"zero":"tänään"},"$x":[{"t":"idOrVar","v":"plural"},"value"]},{"$i":"weeks-until-long","$v":{"few":[{"t":"idOrVar","v":"value"}," viikon kuluttua"],"many":[{"t":"idOrVar","v":"value"}," viikon kuluttua"],"one":"seuraava viikko","other":[{"t":"idOrVar","v":"value"}," viikon kuluttua"],"two":[{"t":"idOrVar","v":"value"}," viikon kuluttua"],"zero":"tällä viikolla"},"$x":[{"t":"idOrVar","v":"plural"},"value"]},{"$i":"months-until-long","$v":{"few":[{"t":"idOrVar","v":"value"}," kuukauden kuluttua"],"many":[{"t":"idOrVar","v":"value"}," kuukauden kuluttua"],"one":"seuraava kuukausi","other":[{"t":"idOrVar","v":"value"}," kuukauden kuluttua"],"two":[{"t":"idOrVar","v":"value"}," kuukauden kuluttua"],"zero":"tässä kuussa"},"$x":[{"t":"idOrVar","v":"plural"},"value"]},{"$i":"years-until-long","$v":{"few":[{"t":"idOrVar","v":"value"}," vuoden kuluttua"],"many":[{"t":"idOrVar","v":"value"}," vuoden kuluttua"],"one":"seuraava vuosi","other":[{"t":"idOrVar","v":"value"}," vuoden kuluttua"],"two":[{"t":"idOrVar","v":"value"}," vuoden kuluttua"],"zero":"tänä vuonna"},"$x":[{"t":"idOrVar","v":"plural"},"value"]},{"$i":"minutes-ago-short","$v":{"other":[{"t":"idOrVar","v":"value"}," m sitten"],"zero":"juuri nyt"},"$x":[{"t":"idOrVar","v":"plural"},"value"]},{"$i":"hours-ago-short","$v":{"other":[{"t":"idOrVar","v":"value"}," h sitten"],"zero":"juuri nyt"},"$x":[{"t":"idOrVar","v":"plural"},"value"]},{"$i":"days-ago-short","$v":{"other":[{"t":"idOrVar","v":"value"}," pvää sitten"],"zero":"tänään"},"$x":[{"t":"idOrVar","v":"plural"},"value"]},{"$i":"minutes-until-short","$v":{"other":[{"t":"idOrVar","v":"value"}," m kuluttua"],"zero":"nyt"},"$x":[{"t":"idOrVar","v":"plural"},"value"]},{"$i":"hours-until-short","$v":{"other":[{"t":"idOrVar","v":"value"}," h kuluttua"],"zero":"nyt"},"$x":[{"t":"idOrVar","v":"plural"},"value"]},{"$i":"days-until-short","$v":{"other":[{"t":"idOrVar","v":"value"}," pvän kuluttua"],"zero":"tänään"},"$x":[{"t":"idOrVar","v":"plural"},"value"]},{"$i":"incorrectDate","$v":"(virheellinen päivämäärä)"},{"$i":"dateTimeFormat_%c","$v":"%a %b %e %Y %I:%M:%S %p"},{"$i":"dateTimeFormat_%x","$v":"%m/%d/%Y"},{"$i":"dateTimeFormat_%X","$v":"%I:%M:%S %p"},{"$i":"shortTimeFormat","$v":"%I:%M %p"},{"$i":"shortTimeFormat12","$v":"%I:%M %p"},{"$i":"shortTimeFormat24","$v":"%H:%M"},{"$i":"shortDateTimeFormat","$v":"%x %I:%M %p"},{"$i":"weekStartsOnMonday","$v":"0.0"},{"$i":"firstDayOfTheWeek","$v":"1.0"},{"$i":"time_am","$v":"AM"},{"$i":"time_pm","$v":"PM"}]