[{"$i":"search-or-enter-address","placeholder":"Cherchez ou saisissez l'adresse"},{"$i":"delete-title","$v":["Supprimer ",{"t":"idOrVar","v":"name"}]},{"$i":"delete-body","$v":[{"t":"idOrVar","v":"name"}," et toutes ses données seront supprimées."]},{"$i":"delete","$v":"Supprimer"},{"$i":"cancel","$v":"Annuler"},{"$i":"apps","$v":"Applications"},{"$i":"menu","$v":"Menu"},{"$i":"notifications","$v":"Avis"},{"$i":"speed-dial","$v":"Composition abrégée"},{"$i":"select","$v":"Sélectionner"},{"$i":"move","$v":"Déplacer"},{"$i":"ok","$v":"OK"},{"$i":"set","$v":"Définir"},{"$i":"edit","$v":"Modifier"},{"$i":"call","$v":"appeler"},{"$i":"message","$v":"Message"},{"$i":"options","$v":"Options"},{"$i":"assign","$v":"Attribuer"},{"$i":"remove","$v":"Supprimer"},{"$i":"replace","$v":"Remplacer"},{"$i":"more","$v":"Plus"},{"$i":"settings","$v":"Paramètres"},{"$i":"contacts","$v":"Contacts"},{"$i":"list-view","$v":"Affichage en mode liste"},{"$i":"grid-view","$v":"Affichage en mode grille"},{"$i":"single-view","$v":"Affichage unique"},{"$i":"skip","$v":"Ignorer"},{"$i":"shortcuts","$v":"Raccourcis"},{"$i":"next","$v":"Suivant"},{"$i":"instant-settings","$v":"Paramètres instantanés"},{"$i":"flashlight","$v":"Torche"},{"$i":"brightness","$v":"Luminosité"},{"$i":"volume","$v":"Volume"},{"$i":"camera","$v":"Appareil photo"},{"$i":"calculator","$v":"Calculatrice"},{"$i":"airplane-mode","$v":"Mode avion"},{"$i":"wifi","$v":"Wi-Fi"},{"$i":"bluetooth","$v":"Bluetooth"},{"$i":"cellular-data","$v":"Données cellulaires"},{"$i":"on","$v":"Activé"},{"$i":"off","$v":"Désactivé"},{"$i":"percentage-number","$v":[{"t":"idOrVar","v":"number"},"%"]},{"$i":"voicemail","$v":"Messagerie vocale"},{"$i":"speed-dial-not-empty","ariaLabel":[{"t":"idOrVar","v":"order"},", ",{"t":"idOrVar","v":"name"}]},{"$i":"speed-dial-empty","ariaLabel":[{"t":"idOrVar","v":"order"},", vide"]},{"$i":"remove-speed-dial","$v":["Voulez-vous vraiment supprimer ",{"t":"idOrVar","v":"name"}," de la composition rapide?"]},{"$i":"replace-speed-dial","$v":["Voulez-vous vraiment remplacer",{"t":"idOrVar","v":"name"}," par ",{"t":"idOrVar","v":"subName"}," ?"]},{"$i":"assign-speed-dial","$v":["Le contact n'a pas été ajouté dans la composition rapide sur le bouton ",{"t":"idOrVar","v":"n"},". L'assigner maintenant?"]},{"$i":"assign-voicemail","$v":"Le numéro de la boîte vocale n'a pas été défini."},{"$i":"alert-for-contacts-without-number","$v":"Aucun contact avec numéro de téléphone disponible."},{"$i":"option-remove","$v":"Retirer de la composition rapide"},{"$i":"option-replace","$v":"Remplacer"},{"$i":"all-apps","$v":"Toutes les applications"},{"$i":"uninstall","$v":"Désinstaller"},{"$i":"confirm-to-uninstall-app","$v":["Désinstaller l'application ",{"t":"idOrVar","v":"appName"},"?"]},{"$i":"confirm-to-unpin-bookmark","$v":"Désépingler le site Web?"},{"$i":"unpin","$v":"Détacher"},{"$i":"rename","$v":"Renommer"},{"$i":"title","$v":"Titre"},{"$i":"add-to-existing-contact","$v":"Ajouter au contact existant"},{"$i":"create-new-contact","$v":"Créer nouveau contact"},{"$i":"sending","$v":"Envoi..."},{"$i":"video-call","$v":"Appel vidéo"},{"$i":"rtt-call","$v":"Appel TTR"},{"$i":"callAirplaneModeTitle","$v":"Le mode avion est activé."},{"$i":"callAirplaneModeMessage","$v":"Vous devez désactiver le mode avion dans les paramètres pour effectuer un appel."},{"$i":"emergencyDialogTitle","$v":"Aucune connexion réseau"},{"$i":"emergencyDialogBodyBadNumber","$v":"Le téléphone doit être connecté à un réseau pour effectuer un appel."},{"$i":"emergencyDialogBodyDeviceNotAccepted","$v":"Les appels d'urgence ne sont pas permis par le réseau."},{"$i":"invalidNumberToDialTitle","$v":"Numéro de téléphone invalide"},{"$i":"invalidNumberToDialMessage","$v":"Le numéro de téléphone que vous avez composé n'est pas valide."},{"$i":"emergency-call-only","$v":"Appel d'urgence seulement"},{"$i":"emergency-call-error","$v":[{"t":"idOrVar","v":"number"}," n'est pas un numéro d'urgence."]},{"$i":"numberIsBusyTitle","$v":"Le numéro est occupé."},{"$i":"numberIsBusyMessage","$v":"Le numéro est actuellement occupé. Veuillez réessayer plus tard."},{"$i":"fdnIsActiveTitle","$v":"FDN activé"},{"$i":"fdnIsActiveMessage","$v":["Le mode FDN (numéros autorisés) est activé et le numéro suivant n'est pas sur votre liste de FDN : ",{"t":"idOrVar","v":"number"}]},{"$i":"otherConnectionInUseTitle","$v":"Autre connexion en utilisation"},{"$i":"otherConnectionInUseMessage","$v":"Vous avez un appel actif sur une autre connexion. Vous pouvez utiliser seulement une connexion à la fois."},{"$i":"GenericFailure","$v":"Défaillance générique"},{"$i":"CallFailed","$v":"Échec de l'appel"},{"$i":"scCallBarring","$v":"Interdiction d'appels"},{"$i":"scCallForwarding","$v":"Renvoi d'appel"},{"$i":"scClip","$v":"Identification de l'appelant entrant"},{"$i":"scClir","$v":"Identification de l'appelant sortant"},{"$i":"scPwd","$v":"Modification du mot de passe"},{"$i":"scCallWaiting","$v":"Appel en attente"},{"$i":"scPin","$v":"Modification du NIP"},{"$i":"scPin2","$v":"Modification du NIP2"},{"$i":"scPuk","$v":"Déverrouiller le NIP"},{"$i":"scPuk2","$v":"Déverrouiller le NIP2"},{"$i":"scImei","$v":"IMEI"},{"$i":"scMeid","$v":"MEID"},{"$i":"scUssd","$v":"USSD"},{"$i":"deviceIsUnlocked","$v":"Appareil déverrouillé"},{"$i":"simUnlockCodeAccepted","$v":"Code de déverrouillage SIM accepté"},{"$i":"simUnlockCodeFailed","$v":"Échec du déverrouillage SIM"},{"$i":"personal","$v":"Personnel"},{"$i":"mobile","$v":"Cellulaire"},{"$i":"home","$v":"Domicile"},{"$i":"work","$v":"Bureau"},{"$i":"fax-home","$v":"Télécopieur à la maison"},{"$i":"fax-office","$v":"Télécopieur au travail"},{"$i":"fax-other","$v":"Télécopieur - autre"},{"$i":"homescreen-settings","$v":"Réglages de l'écran d'accueil"},{"$i":"change-wallpaper","$v":"Modifier le papier peint"},{"$i":"add-smart-collections","$v":"Ajouter des collections intelligentes"},{"$i":"edit-mode","$v":"Modifier"},{"$i":"edit-done","$v":"Terminé"},{"$i":"tutorial-for-side-menu-1","$v":"Appuyer sur la touche de GAUCHE pour accéder aux applications de gauche."},{"$i":"tutorial-for-instant-settings-1","$v":"Appuyez sur la touche HAUT pour les paramètres couramment utilisés."},{"$i":"tutorial-for-notices","$v":"Appuyez sur la touche de DROITE pour afficher les nouvelles notifications."},{"$i":"tutorial-for-google-assistant-1","$v":"Appuyez longuement sur OK pour parler."},{"$i":"tutorial-for-voice-input-1","$v":"Appuyez longuement sur OK pour parler dans le champ de texte."},{"$i":"stop-download-title","$v":["Arrêter ",{"t":"idOrVar","v":"name"}]},{"$i":"stop-download-body","$v":"Voulez-vous arrêter le téléchargement en cours?"},{"$i":"stop-download-action","$v":"Arrêter"},{"$i":"resume-download-title","$v":"Redémarrer le téléchargement"},{"$i":"resume-download-body","$v":["Voulez-vous télécharger ",{"t":"idOrVar","v":"name"},"?"]},{"$i":"resume-download-action","$v":"Télécharger"},{"$i":"edit-group-header","$v":"Modifier le groupe"},{"$i":"tcl-wallpaper-changed","$v":"Le papier peint est modifié"},{"$i":"gaia-shortcut-app-updated","$v":"L'application est mise à jour"},{"$i":"clocks-updated","$v":"Les horloges sont mises à jour"},{"$i":"longDateFormat","$v":"%A, %B %e"},{"$i":"app-title","$v":"Mes applications"},{"$i":"app-uninstall","$v":[{"t":"idOrVar","v":"name"}," est désinstallé"]},{"$i":"confirmation","$v":"Confirmation"},{"$i":"noSimCard","$v":"Pas de carte SIM"},{"$i":"noService","$v":"Aucun service"},{"$i":"eccOnly","$v":"Emergency calls only"},{"$i":"emergencyCallsOnly","$v":"Emergency calls only"},{"$i":"searching","$v":"Recherche en cours..."},{"$i":"lockedSim","$v":"Carte SIM verrouillée"},{"$i":"clockDateFormat","$v":"%a, %e %b"},{"$i":"apn-sim1","$v":"APN Settings - SIM1"},{"$i":"apn-sim2","$v":"APN Settings - SIM2"},{"$i":"apnDefaultConfig","$v":"APN Default Config"},{"$i":"apn-defaultconfig-message","$v":"Set which type of apn to used"},{"$i":"apnConfigPostpay","$v":"Postpay APN"},{"$i":"apnConfigPrepay","$v":"Prepay APN"},{"$i":"qtn_sm_toast_set_ICE_first","$v":"Aucun contact ECU : allez dans les paramètres Contacts ou le menu des informations ECU pour la première configuration."},{"$i":"qtn_sm_toast_google_assist","$v":"Appuyez longuement ou deux fois pour l’Assistant Google"},{"$i":"qtn_sm_toast_sos_call_msg","$v":"Appuyez longuement ou deux fois pour un appel SOS / message SOS"},{"$i":"nocard-eccOnly","$v":"No SIM card-Emergency calls only"},{"$i":"unusablecard-eccOnly","$v":"Unusable SIM card-Emergency calls only"},{"$i":"sim-with-index-and-carrier","$v":["SIM ",{"t":"idOrVar","v":"index"}," - ",{"t":"idOrVar","v":"carrier"}]},{"$i":"sim-without-carrier","$v":["SIM ",{"t":"idOrVar","v":"index"}]},{"$i":"call-forwarding-async","$v":["Asynchrone : ",{"t":"idOrVar","v":"async"}]},{"$i":"call-forwarding-data","$v":["Données : ",{"t":"idOrVar","v":"data"}]},{"$i":"call-forwarding-error","$v":"Une erreur s'est produite lors de l'extraction de l'état du renvoi de l'appel."},{"$i":"call-forwarding-fax","$v":["TÉLÉCOPIE : ",{"t":"idOrVar","v":"fax"}]},{"$i":"call-forwarding-inactive","$v":"Désactivé"},{"$i":"call-forwarding-packet","$v":["Paquet : ",{"t":"idOrVar","v":"packet"}]},{"$i":"call-forwarding-pad","$v":["PAD : ",{"t":"idOrVar","v":"pad"}]},{"$i":"call-forwarding-sms","$v":["SMS : ",{"t":"idOrVar","v":"sms"}]},{"$i":"call-forwarding-status","$v":"État du renvoi d'appel"},{"$i":"call-forwarding-sync","$v":["Synchrone : ",{"t":"idOrVar","v":"sync"}]},{"$i":"call-forwarding-voice","$v":["Voix : ",{"t":"idOrVar","v":"voice"}]},{"$i":"call-forwarding-voice-after-seconds","$v":["Voix : ",{"t":"idOrVar","v":"voice"}," après ",{"t":"idOrVar","v":"timeSeconds"}," secondes"]},{"$i":"fihVersion","$v":"FIH Version"},{"$i":"serviceClassVoice","$v":"Voix"},{"$i":"serviceClassData","$v":"Données"},{"$i":"serviceClassFax","$v":"TÉLÉCOPIE"},{"$i":"serviceClassSms","$v":"SMS"},{"$i":"serviceClassDataSync","$v":"Synchronisation"},{"$i":"serviceClassDataAsync","$v":"Asynchrone"},{"$i":"serviceClassPacket","$v":"Paquet"},{"$i":"serviceClassPad","$v":"PAD"},{"$i":"smServiceEnabled","$v":"Le service a été activé."},{"$i":"smServiceDisabled","$v":"Le service a été désactivé."},{"$i":"smServiceRegistered","$v":"L'enregistrement a réussi."},{"$i":"smServiceErased","$v":"L'effacement a réussi."},{"$i":"smServiceInterrogated","$v":"La demande a réussi."},{"$i":"smServiceNotProvisioned","$v":"Service non fourni"},{"$i":"smClirPermanent","$v":"Vous ne pouvez pas modifier les réglages de l'identification de l'appelant."},{"$i":"smClirDefaultOnNextCallOn","$v":"L'identification de l'appelant est réglé à « réservée » par défaut. Appel suivant : Réservé"},{"$i":"smClirDefaultOnNextCallOff","$v":"L'identification de l'appelant est réglé à « réservée » par défaut. Appel suivant : Non réservé"},{"$i":"smClirDefaultOffNextCallOn","$v":"L'identification de l'appelant est réglée par défaut à non réservée. Appel suivant : Réservé"},{"$i":"smClirDefaultOffNextCallOff","$v":"L'identification de l'appelant est réglée par défaut à non réservée. Appel suivant : Non réservé"},{"$i":"smServiceEnabledFor","$v":"Le service a été activé pour :"},{"$i":"smPinChanged","$v":"NIP modifié avec succès"},{"$i":"smPinUnblocked","$v":"NIP déverrouillé avec succès"},{"$i":"smPin2Changed","$v":"NIP2 modifié avec succès"},{"$i":"smPin2Unblocked","$v":"NIP2 déverrouillé avec succès"},{"$i":"ServiceIsEnabled","$v":"Le service est activé"},{"$i":"ServiceIsDisabled","$v":"Le service est désactivé"},{"$i":"ServiceIsEnabledFor","$v":"Le service est activé pour :"},{"$i":"emMmiError","$v":"Problème de connexion ou code MMI invalide"},{"$i":"emMmiErrorPasswordIncorrect","$v":"Mot de passe erroné"},{"$i":"emMmiErrorNotSupported","$v":"Code MMI invalide ou non supporté"},{"$i":"emMmiErrorInvalidAction","$v":"Action invalide"},{"$i":"emMmiErrorInvalidScCode","$v":"Code de service invalide"},{"$i":"emMmiErrorBadPuk","$v":"Le PUK que vous avez saisi est erroné."},{"$i":"emMmiErrorBadPin","$v":"Le vieux NIP que vous avez saisi est erroné."},{"$i":"emMmiErrorNeedPuk2","$v":"Saisissez le PUK2 pour déverrouiller la carte SIM."},{"$i":"emMmiErrorMismatchPin","$v":"Les NIP que vous avez saisi ne sont pas les mêmes."},{"$i":"emMmiErrorInvalidPin","$v":"Saisissez un NIP composé de 4 à 8 chiffres."},{"$i":"emMmiErrorNeedsPuk","$v":"Votre carte SIM est verrouillée avec PUK."},{"$i":"emMmiErrorEnablePin","$v":"Échec Activer VERROUILLAGE SIM/RUIM"},{"$i":"emMmiErrorMmiFdn","$v":"L'action est réservée aux appels autorisés seulement."},{"$i":"emMmiErrorStkCcUssdDial","$v":"La demande de USSD est modifiée à une demande de COMPOSITION."},{"$i":"emMmiErrorStkCcUssdSs","$v":"La demande de USSD est modifiée à une demande de SS."},{"$i":"emMmiErrorStkCcUssdUssd","$v":"La demande de USSD est modifiée à une nouvelle demande de USSD."},{"$i":"emMmiErrorStkCcSsDial","$v":"La demande de SS est modifiée à une demande de COMPOSITION."},{"$i":"emMmiErrorStkCcSsUssd","$v":"La demande de SS est modifiée à une demande de USSD."},{"$i":"emMmiErrorStkCcSsSs","$v":"La demande de SS est modifiée à une nouvelle demande de SS."},{"$i":"emMmiErrorPinPukAttempts","$v":{"few":[{"t":"idOrVar","v":"n"}," relances restantes."],"many":[{"t":"idOrVar","v":"n"}," relances restantes."],"one":["Seulement ",{"t":"idOrVar","v":"n"}," relance restante"],"other":[{"t":"idOrVar","v":"n"}," relances restantes."],"two":[{"t":"idOrVar","v":"n"}," relances restantes."]},"$x":[{"t":"idOrVar","v":"plural"},"n"]},{"$i":"emMmiErrorSimBlocked","$v":"Le nombre maximum de relances est dépassé. SIM bloquée"},{"$i":"RadioNotAvailable","$v":"La radio n'est pas disponible."},{"$i":"PasswordIncorrect","$v":"Mot de passe erroné"},{"$i":"SimPin2","$v":"NIP2 de la SIM"},{"$i":"SimPuk2","$v":"PUK2 de la SIM"},{"$i":"RequestNotSupported","$v":"Demande non supportée"},{"$i":"OpNotAllowedDuringVoiceCall","$v":"Action non permise pendant l'appel vocal"},{"$i":"SmsSendFailRetry","$v":"Relance de l'envoi échoué du SMS"},{"$i":"SimAbsent","$v":"SIM absente"},{"$i":"SubscriptionNotAvailable","$v":"Inscription non disponible"},{"$i":"ModeNotSupported","$v":"Mode non supporté"},{"$i":"FdnCheckFailure","$v":"Échec de la vérification du FDN"},{"$i":"IllegalSimOrMe","$v":"SIM ou ME illégale"},{"$i":"DialModifiedToUssd","$v":"Composition modifiée à USSD"},{"$i":"DialModifiedToSs","$v":"Composition modifiée à SS"},{"$i":"DialModifiedToDial","$v":"Composition modifiée à composition"},{"$i":"UssdModifiedToDial","$v":"USSD modifiée à composition"},{"$i":"UssdModifiedToSs","$v":"USSD modifiée à SS"},{"$i":"UssdModifiedToUssd","$v":"USSD modifiée à USSD"},{"$i":"SsModifiedToDial","$v":"SS modifiée à composition"},{"$i":"SsModifiedToUssd","$v":"SS modifiée à USSD"},{"$i":"SsModifiedToSs","$v":"SS modifiée à SS"},{"$i":"SubscriptionNotSupported","$v":"Inscription non supportée"},{"$i":"InvalidParameter","$v":"Paramètre invalide"},{"$i":"RejectedByRemote","$v":"Rejeté à distance"},{"$i":"GetEmptyUssdPrompt","$v":"Aucune réponse reçue."},{"$i":"label","$v":"Étiquette"},{"$i":"faxHome","$v":"Télécopieur domicile"},{"$i":"faxOffice","$v":"Télécopieur bureau"},{"$i":"faxOther","$v":"Télécopieur autre"},{"$i":"another","$v":"Un autre"},{"$i":"other","$v":"Autre"},{"$i":"tcl-customTag","$v":"Onglet personnalisé"},{"$i":"customTag","$v":"Onglet personnalisé","placeholder":"Onglet personnalisé"},{"$i":"current","$v":"Actuel"},{"$i":"itemWithLabel","$v":[{"t":"idOrVar","v":"label"},", ",{"t":"idOrVar","v":"item"}]},{"$i":"weekday-0-long","$v":"Dimanche"},{"$i":"weekday-1-long","$v":"Lundi"},{"$i":"weekday-2-long","$v":"Mardi"},{"$i":"weekday-3-long","$v":"Mercredi"},{"$i":"weekday-4-long","$v":"Jeudi"},{"$i":"weekday-5-long","$v":"Vendredi"},{"$i":"weekday-6-long","$v":"Samedi"},{"$i":"weekday-0-short","$v":"Dim"},{"$i":"weekday-1-short","$v":"Lun"},{"$i":"weekday-2-short","$v":"Mar"},{"$i":"weekday-3-short","$v":"Mer"},{"$i":"weekday-4-short","$v":"Jeu"},{"$i":"weekday-5-short","$v":"Ven"},{"$i":"weekday-6-short","$v":"Sam"},{"$i":"month-0-long","$v":"Janvier"},{"$i":"month-1-long","$v":"Février"},{"$i":"month-2-long","$v":"Mars"},{"$i":"month-3-long","$v":"Avril"},{"$i":"month-4-long","$v":"Mai"},{"$i":"month-5-long","$v":"Juin"},{"$i":"month-6-long","$v":"Juillet"},{"$i":"month-7-long","$v":"Août"},{"$i":"month-8-long","$v":"Septembre"},{"$i":"month-9-long","$v":"Octobre"},{"$i":"month-10-long","$v":"Novembre"},{"$i":"month-11-long","$v":"Décembre"},{"$i":"month-0-genitive","$v":"Janvier"},{"$i":"month-1-genitive","$v":"Février"},{"$i":"month-2-genitive","$v":"Mars"},{"$i":"month-3-genitive","$v":"Avril"},{"$i":"month-4-genitive","$v":"Mai"},{"$i":"month-5-genitive","$v":"Juin"},{"$i":"month-6-genitive","$v":"Juillet"},{"$i":"month-7-genitive","$v":"Août"},{"$i":"month-8-genitive","$v":"Septembre"},{"$i":"month-9-genitive","$v":"Octobre"},{"$i":"month-10-genitive","$v":"Novembre"},{"$i":"month-11-genitive","$v":"Décembre"},{"$i":"month-0-short","$v":"Jan"},{"$i":"month-1-short","$v":"Fév"},{"$i":"month-2-short","$v":"Mar"},{"$i":"month-3-short","$v":"Avr"},{"$i":"month-4-short","$v":"Mai"},{"$i":"month-5-short","$v":"Jun"},{"$i":"month-6-short","$v":"Jul"},{"$i":"month-7-short","$v":"Aoû"},{"$i":"month-8-short","$v":"Sep"},{"$i":"month-9-short","$v":"Oct"},{"$i":"month-10-short","$v":"Nov"},{"$i":"month-11-short","$v":"Déc"},{"$i":"minutes-ago-long","$v":{"few":["il y a ",{"t":"idOrVar","v":"value"}," minutes"],"many":["il y a ",{"t":"idOrVar","v":"value"}," minutes"],"one":"il y a une minute","other":["il y a ",{"t":"idOrVar","v":"value"}," minutes"],"two":["il y a ",{"t":"idOrVar","v":"value"}," minutes"],"zero":"juste maintenant"},"$x":[{"t":"idOrVar","v":"plural"},"value"]},{"$i":"hours-ago-long","$v":{"few":["il y a ",{"t":"idOrVar","v":"value"}," heures"],"many":["il y a ",{"t":"idOrVar","v":"value"}," heures"],"one":"il y a une heure","other":["il y a ",{"t":"idOrVar","v":"value"}," heures"],"two":["il y a ",{"t":"idOrVar","v":"value"}," heures"],"zero":"juste maintenant"},"$x":[{"t":"idOrVar","v":"plural"},"value"]},{"$i":"days-ago-long","$v":{"few":["il y a ",{"t":"idOrVar","v":"value"}," jours"],"many":["il y a ",{"t":"idOrVar","v":"value"}," jours"],"one":"hier","other":["il y a ",{"t":"idOrVar","v":"value"}," jours"],"two":["il y a ",{"t":"idOrVar","v":"value"}," jours"],"zero":"aujourd'hui"},"$x":[{"t":"idOrVar","v":"plural"},"value"]},{"$i":"weeks-ago-long","$v":{"few":["il y a ",{"t":"idOrVar","v":"value"}," semaines"],"many":["il y a ",{"t":"idOrVar","v":"value"}," semaines"],"one":"la semaine dernière","other":["il y a ",{"t":"idOrVar","v":"value"}," semaines"],"two":["il y a ",{"t":"idOrVar","v":"value"}," semaines"],"zero":"cette semaine"},"$x":[{"t":"idOrVar","v":"plural"},"value"]},{"$i":"months-ago-long","$v":{"few":["il y a ",{"t":"idOrVar","v":"value"}," mois"],"many":["il y a ",{"t":"idOrVar","v":"value"}," mois"],"one":"le mois dernier","other":["il y a ",{"t":"idOrVar","v":"value"}," mois"],"two":["il y a ",{"t":"idOrVar","v":"value"}," mois"],"zero":"ce mois"},"$x":[{"t":"idOrVar","v":"plural"},"value"]},{"$i":"years-ago-long","$v":{"few":["il y a ",{"t":"idOrVar","v":"value"}," années"],"many":["il y a ",{"t":"idOrVar","v":"value"}," années"],"one":"l'année dernière","other":["il y a ",{"t":"idOrVar","v":"value"}," années"],"two":["il y a ",{"t":"idOrVar","v":"value"}," années"],"zero":"cette année"},"$x":[{"t":"idOrVar","v":"plural"},"value"]},{"$i":"minutes-until-long","$v":{"few":["dans ",{"t":"idOrVar","v":"value"}," minutes"],"many":["dans ",{"t":"idOrVar","v":"value"}," minutes"],"one":"dans une minute","other":["dans ",{"t":"idOrVar","v":"value"}," minutes"],"two":["dans ",{"t":"idOrVar","v":"value"}," minutes"],"zero":"maintenant"},"$x":[{"t":"idOrVar","v":"plural"},"value"]},{"$i":"hours-until-long","$v":{"few":["dans ",{"t":"idOrVar","v":"value"}," heures"],"many":["dans ",{"t":"idOrVar","v":"value"}," heures"],"one":"dans une heure","other":["dans ",{"t":"idOrVar","v":"value"}," heures"],"two":["dans ",{"t":"idOrVar","v":"value"}," heures"],"zero":"maintenant"},"$x":[{"t":"idOrVar","v":"plural"},"value"]},{"$i":"days-until-long","$v":{"few":["dans ",{"t":"idOrVar","v":"value"}," jours"],"many":["dans ",{"t":"idOrVar","v":"value"}," jours"],"one":"demain","other":["dans ",{"t":"idOrVar","v":"value"}," jours"],"two":["dans ",{"t":"idOrVar","v":"value"}," jours"],"zero":"aujourd'hui"},"$x":[{"t":"idOrVar","v":"plural"},"value"]},{"$i":"weeks-until-long","$v":{"few":["dans ",{"t":"idOrVar","v":"value"}," semaines"],"many":["dans ",{"t":"idOrVar","v":"value"}," semaines"],"one":"la semaine prochaine","other":["dans ",{"t":"idOrVar","v":"value"}," semaines"],"two":["dans ",{"t":"idOrVar","v":"value"}," semaines"],"zero":"cette semaine"},"$x":[{"t":"idOrVar","v":"plural"},"value"]},{"$i":"months-until-long","$v":{"few":["dans ",{"t":"idOrVar","v":"value"}," mois"],"many":["dans ",{"t":"idOrVar","v":"value"}," mois"],"one":"le mois prochain","other":["dans ",{"t":"idOrVar","v":"value"}," mois"],"two":["dans ",{"t":"idOrVar","v":"value"}," mois"],"zero":"ce mois"},"$x":[{"t":"idOrVar","v":"plural"},"value"]},{"$i":"years-until-long","$v":{"few":["dans ",{"t":"idOrVar","v":"value"}," années"],"many":["dans ",{"t":"idOrVar","v":"value"}," années"],"one":"l'année prochaine","other":["dans ",{"t":"idOrVar","v":"value"}," années"],"two":["dans ",{"t":"idOrVar","v":"value"}," années"],"zero":"cette année"},"$x":[{"t":"idOrVar","v":"plural"},"value"]},{"$i":"minutes-ago-short","$v":{"other":["il y a ",{"t":"idOrVar","v":"value"}," m"],"zero":"juste maintenant"},"$x":[{"t":"idOrVar","v":"plural"},"value"]},{"$i":"hours-ago-short","$v":{"other":["il y a ",{"t":"idOrVar","v":"value"}," h"],"zero":"juste maintenant"},"$x":[{"t":"idOrVar","v":"plural"},"value"]},{"$i":"days-ago-short","$v":{"other":["il y a ",{"t":"idOrVar","v":"value"}," j"],"zero":"aujourd'hui"},"$x":[{"t":"idOrVar","v":"plural"},"value"]},{"$i":"minutes-until-short","$v":{"other":["dans ",{"t":"idOrVar","v":"value"}," m"],"zero":"maintenant"},"$x":[{"t":"idOrVar","v":"plural"},"value"]},{"$i":"hours-until-short","$v":{"other":["dans ",{"t":"idOrVar","v":"value"}," h"],"zero":"maintenant"},"$x":[{"t":"idOrVar","v":"plural"},"value"]},{"$i":"days-until-short","$v":{"other":["dans ",{"t":"idOrVar","v":"value"}," j"],"zero":"aujourd'hui"},"$x":[{"t":"idOrVar","v":"plural"},"value"]},{"$i":"incorrectDate","$v":"(date erronée)"},{"$i":"dateTimeFormat_%c","$v":"%a %b %e %Y %I:%M:%S %p"},{"$i":"dateTimeFormat_%x","$v":"%m/%d/%Y"},{"$i":"dateTimeFormat_%X","$v":"%I:%M:%S %p"},{"$i":"shortTimeFormat","$v":"%I:%M %p"},{"$i":"shortTimeFormat12","$v":"%I:%M %p"},{"$i":"shortTimeFormat24","$v":"%H:%M"},{"$i":"shortDateTimeFormat","$v":"%x %I:%M %p"},{"$i":"weekStartsOnMonday","$v":"0.0"},{"$i":"firstDayOfTheWeek","$v":"0.0"},{"$i":"time_am","$v":"AM"},{"$i":"time_pm","$v":"PM"}]