[{"$i":"search-or-enter-address","placeholder":"Leita/slá inn veffang"},{"$i":"delete-title","$v":["Eyða ",{"t":"idOrVar","v":"name"}]},{"$i":"delete-body","$v":[{"t":"idOrVar","v":"name"}," og öllum gögnum þess verður eytt."]},{"$i":"delete","$v":"Eyða"},{"$i":"cancel","$v":"H. við"},{"$i":"apps","$v":"Forr."},{"$i":"menu","$v":"Valmynd"},{"$i":"notifications","$v":"Tilk."},{"$i":"speed-dial","$v":"Hraðval"},{"$i":"select","$v":"Velja"},{"$i":"move","$v":"Færa"},{"$i":"ok","$v":"Í lagi"},{"$i":"set","$v":"Stilla"},{"$i":"edit","$v":"Br."},{"$i":"call","$v":"Hringja"},{"$i":"message","$v":"Skilaboð"},{"$i":"options","$v":"Valkostir"},{"$i":"assign","$v":"Úthluta"},{"$i":"remove","$v":"Fjarlægja"},{"$i":"replace","$v":"Skipta út"},{"$i":"more","$v":"Meira"},{"$i":"settings","$v":"Still."},{"$i":"contacts","$v":"Tengil."},{"$i":"list-view","$v":"Listayfirlit"},{"$i":"grid-view","$v":"Tafla"},{"$i":"single-view","$v":"Stakt yfirlit"},{"$i":"skip","$v":"Sleppa"},{"$i":"shortcuts","$v":"Flýtileiðir"},{"$i":"next","$v":"Áfram"},{"$i":"instant-settings","$v":"skyndistillingar"},{"$i":"flashlight","$v":"Vasaljós"},{"$i":"brightness","$v":"Birtustig"},{"$i":"volume","$v":"Hljóðst."},{"$i":"camera","$v":"Myndavél"},{"$i":"calculator","$v":"Reiknivél"},{"$i":"airplane-mode","$v":"Flugstilling"},{"$i":"wifi","$v":"Wi-Fi"},{"$i":"bluetooth","$v":"Bluetooth"},{"$i":"cellular-data","$v":"Farsímagögn"},{"$i":"on","$v":"Kv."},{"$i":"off","$v":"Sl."},{"$i":"percentage-number","$v":[{"t":"idOrVar","v":"number"},"%"]},{"$i":"voicemail","$v":"Talhólf"},{"$i":"speed-dial-not-empty","ariaLabel":[{"t":"idOrVar","v":"order"},", ",{"t":"idOrVar","v":"name"}]},{"$i":"speed-dial-empty","ariaLabel":[{"t":"idOrVar","v":"order"},", tóm"]},{"$i":"remove-speed-dial","$v":["Viltu örugglega fjarlægja ",{"t":"idOrVar","v":"name"}," úr hraðvali?"]},{"$i":"replace-speed-dial","$v":["Viltu örugglega skipta ",{"t":"idOrVar","v":"name"}," út fyrir ",{"t":"idOrVar","v":"subName"},"?"]},{"$i":"assign-speed-dial","$v":["Tengilið var ekki bætt við sem hraðvali á hnappi ",{"t":"idOrVar","v":"n"},". Úthluta núna?"]},{"$i":"assign-voicemail","$v":"Talhólfsnúmer hefur ekki verið valið."},{"$i":"alert-for-contacts-without-number","$v":"Það eru engir tiltækir tengiliðir með símanúmer."},{"$i":"option-remove","$v":"Fjarlægja úr hraðvali"},{"$i":"option-replace","$v":"Skipta út"},{"$i":"all-apps","$v":"Öll forr."},{"$i":"uninstall","$v":"Fjarlægja"},{"$i":"confirm-to-uninstall-app","$v":["Fjarl. forritið ",{"t":"idOrVar","v":"appName"},"?"]},{"$i":"confirm-to-unpin-bookmark","$v":"Viltu losa festa vefsvæðið?"},{"$i":"unpin","$v":"Losa"},{"$i":"rename","$v":"Endurnefna"},{"$i":"title","$v":"Titill"},{"$i":"add-to-existing-contact","$v":"Bæta við fyrirl. tengilið"},{"$i":"create-new-contact","$v":"Búa til nýjan tengil."},{"$i":"sending","$v":"Sendir …"},{"$i":"video-call","$v":"Myndsímtal"},{"$i":"rtt-call","$v":"RTT-símtal"},{"$i":"callAirplaneModeTitle","$v":"Flugstilling virkjuð"},{"$i":"callAirplaneModeMessage","$v":"Til að hringja þarftu að slökkva á flugstillingu í stillingum."},{"$i":"emergencyDialogTitle","$v":"Engin Tenging Við Símkerfi"},{"$i":"emergencyDialogBodyBadNumber","$v":"Til að hringja þarf síminn að vera nettengdur."},{"$i":"emergencyDialogBodyDeviceNotAccepted","$v":"Símkerfið leyfir ekki neyðarsímtöl."},{"$i":"invalidNumberToDialTitle","$v":"Ógilt símanúmer"},{"$i":"invalidNumberToDialMessage","$v":"Símanúmerið sem þú hringir í er ekki gilt."},{"$i":"emergency-call-only","$v":"Aðeins neyðarsímtöl"},{"$i":"emergency-call-error","$v":[{"t":"idOrVar","v":"number"}," er ekki neyðarnúmer."]},{"$i":"numberIsBusyTitle","$v":"Númerið er á tali"},{"$i":"numberIsBusyMessage","$v":"Símanúmerið er á tali. Reyndu aftur síðar."},{"$i":"fdnIsActiveTitle","$v":"Fast númeraval virkt"},{"$i":"fdnIsActiveMessage","$v":["Fast númeraval (FDN) er virkt og eftirfarandi númer er ekki á lista yfir fast númeraval: ",{"t":"idOrVar","v":"number"}]},{"$i":"otherConnectionInUseTitle","$v":"Önnur tenging í notkun"},{"$i":"otherConnectionInUseMessage","$v":"Þú ert með símtal í gangi á annarri tengingu. Þú getur aðeins notað eina tengingu í einu."},{"$i":"GenericFailure","$v":"Almenn bilun"},{"$i":"CallFailed","$v":"Símtal mistókst"},{"$i":"scCallBarring","$v":"Útil. símt."},{"$i":"scCallForwarding","$v":"Framsend. símt."},{"$i":"scClip","$v":"Númerabirting"},{"$i":"scClir","$v":"Númerab. fyrir h. símt."},{"$i":"scPwd","$v":"Aðgangsorði breytt"},{"$i":"scCallWaiting","$v":"Símtal bíður"},{"$i":"scPin","$v":"PIN-nr. breytt"},{"$i":"scPin2","$v":"PIN2-nr. breytt"},{"$i":"scPuk","$v":"PIN-nr. fyrir opnun"},{"$i":"scPuk2","$v":"PIN2-nr. fyrir opnun"},{"$i":"scImei","$v":"IMEI-nr."},{"$i":"scMeid","$v":"MEID-nr."},{"$i":"scUssd","$v":"USSD"},{"$i":"deviceIsUnlocked","$v":"Tæki er ólæst"},{"$i":"simUnlockCodeAccepted","$v":"SIM-opnunarkóði samþ."},{"$i":"simUnlockCodeFailed","$v":"Ekki tókst að opna SIM-kort"},{"$i":"personal","$v":"Persónulegt"},{"$i":"mobile","$v":"Farsími"},{"$i":"home","$v":"Heim"},{"$i":"work","$v":"Vinna"},{"$i":"fax-home","$v":"Fax (heima)"},{"$i":"fax-office","$v":"Fax (skrifst.)"},{"$i":"fax-other","$v":"Fax (annað)"},{"$i":"homescreen-settings","$v":"Still. heimaskjás"},{"$i":"change-wallpaper","$v":"Br. veggfóðri"},{"$i":"add-smart-collections","$v":"Bæta við snjallsöfnum"},{"$i":"edit-mode","$v":"Br."},{"$i":"edit-done","$v":"Lokið"},{"$i":"tutorial-for-side-menu-1","$v":"Ýttu á VINSTRI-lykilinn til að opna forrit til vinstri."},{"$i":"tutorial-for-instant-settings-1","$v":"Ýttu á UPP-lykilinn til að opna mikið notaðar stillingar."},{"$i":"tutorial-for-notices","$v":"Ýttu á HÆGRI takkann til að sjá nýjar tilkynningar."},{"$i":"tutorial-for-google-assistant-1","$v":"Haltu Í lagi inni til að tala."},{"$i":"tutorial-for-voice-input-1","$v":"Haltu Í lagi inni til að tala í textareit."},{"$i":"stop-download-title","$v":["Stöðva ",{"t":"idOrVar","v":"name"}]},{"$i":"stop-download-body","$v":"Viltu stöðva niðurhalið sem stendur yfir?"},{"$i":"stop-download-action","$v":"Stöðva"},{"$i":"resume-download-title","$v":"Endurræsa niðurhal"},{"$i":"resume-download-body","$v":["Viltu sækja ",{"t":"idOrVar","v":"name"},"?"]},{"$i":"resume-download-action","$v":"Niðurhal"},{"$i":"edit-group-header","$v":"Br. hópi"},{"$i":"tcl-wallpaper-changed","$v":"Veggfóðri breytt"},{"$i":"gaia-shortcut-app-updated","$v":"Forr. uppf."},{"$i":"clocks-updated","$v":"Klukkur uppf."},{"$i":"longDateFormat","$v":"%A, %B %e"},{"$i":"app-title","$v":"Forr. mín"},{"$i":"app-uninstall","$v":[{"t":"idOrVar","v":"name"}," var fjarlægt"]},{"$i":"confirmation","$v":"Staðfesting"},{"$i":"noSimCard","$v":"Ekkert SIM-kort"},{"$i":"noService","$v":"Utan símkerfis"},{"$i":"eccOnly","$v":"Emergency calls only"},{"$i":"emergencyCallsOnly","$v":"Emergency calls only"},{"$i":"searching","$v":"Leitar …"},{"$i":"lockedSim","$v":"Læst SIM"},{"$i":"clockDateFormat","$v":"%a, %e %b"},{"$i":"apn-sim1","$v":"APN Settings - SIM1"},{"$i":"apn-sim2","$v":"APN Settings - SIM2"},{"$i":"apnDefaultConfig","$v":"APN Default Config"},{"$i":"apn-defaultconfig-message","$v":"Set which type of apn to used"},{"$i":"apnConfigPostpay","$v":"Postpay APN"},{"$i":"apnConfigPrepay","$v":"Prepay APN"},{"$i":"qtn_sm_toast_set_ICE_first","$v":"Engir ICE-tengiliðir, farðu í tengiliðastillingar eða valmynd ICE-upplýsinga"},{"$i":"qtn_sm_toast_google_assist","$v":"Ýttu lengi eða ýttu tvisvar fyrir Google Assistant"},{"$i":"qtn_sm_toast_sos_call_msg","$v":"Ýttu lengi eða ýttu tvisvar fyrir neyðarsímtal/neyðarskilaboð"},{"$i":"nocard-eccOnly","$v":"No SIM card-Emergency calls only"},{"$i":"unusablecard-eccOnly","$v":"Unusable SIM card-Emergency calls only"},{"$i":"sim-with-index-and-carrier","$v":["SIM ",{"t":"idOrVar","v":"index"}," - ",{"t":"idOrVar","v":"carrier"}]},{"$i":"sim-without-carrier","$v":["SIM ",{"t":"idOrVar","v":"index"}]},{"$i":"call-forwarding-async","$v":["Ósamstillt: ",{"t":"idOrVar","v":"async"}]},{"$i":"call-forwarding-data","$v":["Gögn: ",{"t":"idOrVar","v":"data"}]},{"$i":"call-forwarding-error","$v":"Villa kom upp við að sækja stöðu framsendingar símtala"},{"$i":"call-forwarding-fax","$v":["FAX: ",{"t":"idOrVar","v":"fax"}]},{"$i":"call-forwarding-inactive","$v":"Óvirkt"},{"$i":"call-forwarding-packet","$v":["Pakki: ",{"t":"idOrVar","v":"packet"}]},{"$i":"call-forwarding-pad","$v":["PAD: ",{"t":"idOrVar","v":"pad"}]},{"$i":"call-forwarding-sms","$v":["SMS: ",{"t":"idOrVar","v":"sms"}]},{"$i":"call-forwarding-status","$v":"Staða framsend. símt."},{"$i":"call-forwarding-sync","$v":["Samstillt: ",{"t":"idOrVar","v":"sync"}]},{"$i":"call-forwarding-voice","$v":["Rödd: ",{"t":"idOrVar","v":"voice"}]},{"$i":"call-forwarding-voice-after-seconds","$v":["Rödd: ",{"t":"idOrVar","v":"voice"}," eftir",{"t":"idOrVar","v":"timeSeconds"}," sekúndur"]},{"$i":"fihVersion","$v":"FIH Version"},{"$i":"serviceClassVoice","$v":"Rödd"},{"$i":"serviceClassData","$v":"Gögn"},{"$i":"serviceClassFax","$v":"FAX"},{"$i":"serviceClassSms","$v":"SMS"},{"$i":"serviceClassDataSync","$v":"Samst."},{"$i":"serviceClassDataAsync","$v":"Ósamst."},{"$i":"serviceClassPacket","$v":"Pakki"},{"$i":"serviceClassPad","$v":"PAD"},{"$i":"smServiceEnabled","$v":"Kveikt var á þjónustu"},{"$i":"smServiceDisabled","$v":"Slökkt var á þjónustu"},{"$i":"smServiceRegistered","$v":"Skráning tókst"},{"$i":"smServiceErased","$v":"Eyðing tókst"},{"$i":"smServiceInterrogated","$v":"Beiðni tókst"},{"$i":"smServiceNotProvisioned","$v":"Þjónustu ekki úthlutað"},{"$i":"smClirPermanent","$v":"Þú getur ekki breytt still. númerabirt."},{"$i":"smClirDefaultOnNextCallOn","$v":"Númerabirt. sjálfg. takm. Næ. símt.: Takm."},{"$i":"smClirDefaultOnNextCallOff","$v":"Númerabirting sjálfg. takm. Næsta símtal: Ekki takmarkað"},{"$i":"smClirDefaultOffNextCallOn","$v":"Númerabirting sjálfg. ekki takm. Næsta símtal: Takmarkað"},{"$i":"smClirDefaultOffNextCallOff","$v":"Númerabirting sjálfg. ekki takm. Næsta símtal: Ekki takmarkað"},{"$i":"smServiceEnabledFor","$v":"Kveikt var þjónustu fyrir:"},{"$i":"smPinChanged","$v":"PIN-nr. breytt"},{"$i":"smPinUnblocked","$v":"Opnað fyrir PIN-nr."},{"$i":"smPin2Changed","$v":"PIN2-nr. var breytt"},{"$i":"smPin2Unblocked","$v":"Opnað var fyrir PIN2-nr."},{"$i":"ServiceIsEnabled","$v":"Kveikt á þjónustu"},{"$i":"ServiceIsDisabled","$v":"Slökkt á þjónustu"},{"$i":"ServiceIsEnabledFor","$v":"Kveikt á þjónustu fyrir:"},{"$i":"emMmiError","$v":"Vandamál með tengingu eða ógilt MMI-nr."},{"$i":"emMmiErrorPasswordIncorrect","$v":"Rangt aðgangsorð"},{"$i":"emMmiErrorNotSupported","$v":"Ógilt eða óstutt MMI-númer"},{"$i":"emMmiErrorInvalidAction","$v":"Ógild aðgerð"},{"$i":"emMmiErrorInvalidScCode","$v":"Ógildur þjónustukóði"},{"$i":"emMmiErrorBadPuk","$v":"PUK-nr. sem þú slóst inn er rangt"},{"$i":"emMmiErrorBadPin","$v":"Gamla PIN-nr. sem þú slóst inn er rangt."},{"$i":"emMmiErrorNeedPuk2","$v":"Sláðu inn PUK2-nr. til að opna fyrir SIM-kort"},{"$i":"emMmiErrorMismatchPin","$v":"Innslegin PIN-númer stemma ekki"},{"$i":"emMmiErrorInvalidPin","$v":"Sláðu inn 4 til 8 tölustafa PIN-nr."},{"$i":"emMmiErrorNeedsPuk","$v":"SIM-kortið er varið með PUK-nr."},{"$i":"emMmiErrorEnablePin","$v":"Mist. Kv. á LÁS SIM-/RUIM-KORTS"},{"$i":"emMmiErrorMmiFdn","$v":"Aðg. er takm. við nr. í föstu númeravali"},{"$i":"emMmiErrorStkCcUssdDial","$v":"USSD-beiðni breytt í símtalsbeiðni"},{"$i":"emMmiErrorStkCcUssdSs","$v":"USSD-beiðni breytt í SS-beiðni"},{"$i":"emMmiErrorStkCcUssdUssd","$v":"USSD-beiðni breytt í nýja USSD-beiðni"},{"$i":"emMmiErrorStkCcSsDial","$v":"SS-beiðni breytt í símtalsbeiðni"},{"$i":"emMmiErrorStkCcSsUssd","$v":"SS-beiðni br. í nýja USSD-beiðni"},{"$i":"emMmiErrorStkCcSsSs","$v":"SS-beiðni br. í nýja SS-beiðni"},{"$i":"emMmiErrorPinPukAttempts","$v":{"few":[{"t":"idOrVar","v":"n"}," tilraunir eftir"],"many":[{"t":"idOrVar","v":"n"}," tilraunir eftir"],"one":["Eing. ",{"t":"idOrVar","v":"n"}," tilr. eftir"],"other":[{"t":"idOrVar","v":"n"}," tilraunir eftir"],"two":[{"t":"idOrVar","v":"n"}," tilraunir eftir"]},"$x":[{"t":"idOrVar","v":"plural"},"n"]},{"$i":"emMmiErrorSimBlocked","$v":"Hámarksfjölda tilrauna náð. Lokað fyrir SIM-kort"},{"$i":"RadioNotAvailable","$v":"Radio not available"},{"$i":"PasswordIncorrect","$v":"Rangt aðgangsorð"},{"$i":"SimPin2","$v":"PIN2-nr. SIM-korts"},{"$i":"SimPuk2","$v":"PUK2-nr. SIM-korts"},{"$i":"RequestNotSupported","$v":"Beiðni ekki studd"},{"$i":"OpNotAllowedDuringVoiceCall","$v":"Aðg. ekki leyfð meðan símt. stendur yfir"},{"$i":"SmsSendFailRetry","$v":"SMS send fail retry"},{"$i":"SimAbsent","$v":"SIM-kort greinist ekki"},{"$i":"SubscriptionNotAvailable","$v":"Áskrift ekki í boði"},{"$i":"ModeNotSupported","$v":"Stilling ekki studd"},{"$i":"FdnCheckFailure","$v":"Ath. á föstu númeravali mist."},{"$i":"IllegalSimOrMe","$v":"Ólöglegt SIM eða ME"},{"$i":"DialModifiedToUssd","$v":"Dial modified to USSD"},{"$i":"DialModifiedToSs","$v":"Dial modified to SS"},{"$i":"DialModifiedToDial","$v":"Dial modified to dial"},{"$i":"UssdModifiedToDial","$v":"USSD modified to dial"},{"$i":"UssdModifiedToSs","$v":"USSD modified to SS"},{"$i":"UssdModifiedToUssd","$v":"USSD modified to USSD"},{"$i":"SsModifiedToDial","$v":"SS modified to dial"},{"$i":"SsModifiedToUssd","$v":"SS modified to USSD"},{"$i":"SsModifiedToSs","$v":"SS modified to SS"},{"$i":"SubscriptionNotSupported","$v":"Áskrift ekki studd"},{"$i":"InvalidParameter","$v":"Ógild færibreyta"},{"$i":"RejectedByRemote","$v":"Hafnað með fjarst."},{"$i":"GetEmptyUssdPrompt","$v":"Null svar fékk."},{"$i":"label","$v":"Merki"},{"$i":"faxHome","$v":"Fax (heima)"},{"$i":"faxOffice","$v":"Fax (skrifst.)"},{"$i":"faxOther","$v":"Fax (annað)"},{"$i":"another","$v":"Annað"},{"$i":"other","$v":"Annað"},{"$i":"tcl-customTag","$v":"Sérsn. merki"},{"$i":"customTag","$v":"Sérsn. merki","placeholder":"Sérsn. merki"},{"$i":"current","$v":"Núverandi"},{"$i":"itemWithLabel","$v":[{"t":"idOrVar","v":"label"},", ",{"t":"idOrVar","v":"item"}]},{"$i":"weekday-0-long","$v":"Sunnudagur"},{"$i":"weekday-1-long","$v":"Mánudagur"},{"$i":"weekday-2-long","$v":"Þriðjudagur"},{"$i":"weekday-3-long","$v":"Miðvikudagur"},{"$i":"weekday-4-long","$v":"Fimmtudagur"},{"$i":"weekday-5-long","$v":"Föstudagur"},{"$i":"weekday-6-long","$v":"Laugardagur"},{"$i":"weekday-0-short","$v":"Sun."},{"$i":"weekday-1-short","$v":"Mán."},{"$i":"weekday-2-short","$v":"Þri."},{"$i":"weekday-3-short","$v":"Mið."},{"$i":"weekday-4-short","$v":"Fim."},{"$i":"weekday-5-short","$v":"Fös."},{"$i":"weekday-6-short","$v":"Lau."},{"$i":"month-0-long","$v":"Janúar"},{"$i":"month-1-long","$v":"Febrúar"},{"$i":"month-2-long","$v":"Mars"},{"$i":"month-3-long","$v":"Apríl"},{"$i":"month-4-long","$v":"Maí"},{"$i":"month-5-long","$v":"Júní"},{"$i":"month-6-long","$v":"Júlí"},{"$i":"month-7-long","$v":"Ágúst"},{"$i":"month-8-long","$v":"September"},{"$i":"month-9-long","$v":"Október"},{"$i":"month-10-long","$v":"Nóvember"},{"$i":"month-11-long","$v":"Desember"},{"$i":"month-0-genitive","$v":"Janúar"},{"$i":"month-1-genitive","$v":"Febrúar"},{"$i":"month-2-genitive","$v":"Mars"},{"$i":"month-3-genitive","$v":"Apríl"},{"$i":"month-4-genitive","$v":"Maí"},{"$i":"month-5-genitive","$v":"Júní"},{"$i":"month-6-genitive","$v":"Júlí"},{"$i":"month-7-genitive","$v":"Ágúst"},{"$i":"month-8-genitive","$v":"September"},{"$i":"month-9-genitive","$v":"Október"},{"$i":"month-10-genitive","$v":"Nóvember"},{"$i":"month-11-genitive","$v":"Desember"},{"$i":"month-0-short","$v":"Jan."},{"$i":"month-1-short","$v":"Feb."},{"$i":"month-2-short","$v":"Mar."},{"$i":"month-3-short","$v":"Apr."},{"$i":"month-4-short","$v":"Maí"},{"$i":"month-5-short","$v":"Jún."},{"$i":"month-6-short","$v":"Júl."},{"$i":"month-7-short","$v":"Ágú."},{"$i":"month-8-short","$v":"Sep."},{"$i":"month-9-short","$v":"Okt."},{"$i":"month-10-short","$v":"Nóv."},{"$i":"month-11-short","$v":"Des."},{"$i":"minutes-ago-long","$v":{"few":["Fyrir ",{"t":"idOrVar","v":"value"}," mín."],"many":["Fyrir ",{"t":"idOrVar","v":"value"}," mín."],"one":"fyrir mínútu","other":["Fyrir ",{"t":"idOrVar","v":"value"}," mín."],"two":["Fyrir ",{"t":"idOrVar","v":"value"}," mín."],"zero":"rétt í þessu"},"$x":[{"t":"idOrVar","v":"plural"},"value"]},{"$i":"hours-ago-long","$v":{"few":["Fyrir ",{"t":"idOrVar","v":"value"}," klst."],"many":["Fyrir ",{"t":"idOrVar","v":"value"}," klst."],"one":"fyrir klst.","other":["Fyrir ",{"t":"idOrVar","v":"value"}," klst."],"two":["Fyrir ",{"t":"idOrVar","v":"value"}," klst."],"zero":"rétt í þessu"},"$x":[{"t":"idOrVar","v":"plural"},"value"]},{"$i":"days-ago-long","$v":{"few":["Fyrir ",{"t":"idOrVar","v":"value"}," dögum"],"many":["Fyrir ",{"t":"idOrVar","v":"value"}," dögum"],"one":"í gær","other":["Fyrir ",{"t":"idOrVar","v":"value"}," dögum"],"two":["Fyrir ",{"t":"idOrVar","v":"value"}," dögum"],"zero":"í dag"},"$x":[{"t":"idOrVar","v":"plural"},"value"]},{"$i":"weeks-ago-long","$v":{"few":["Fyrir ",{"t":"idOrVar","v":"value"}," vikum"],"many":["Fyrir ",{"t":"idOrVar","v":"value"}," vikum"],"one":"í síð. viku","other":["Fyrir ",{"t":"idOrVar","v":"value"}," vikum"],"two":["Fyrir ",{"t":"idOrVar","v":"value"}," vikum"],"zero":"í þessari viku"},"$x":[{"t":"idOrVar","v":"plural"},"value"]},{"$i":"months-ago-long","$v":{"few":["Fyrir ",{"t":"idOrVar","v":"value"}," mánuðum"],"many":["Fyrir ",{"t":"idOrVar","v":"value"}," mánuðum"],"one":"í síð. mán.","other":["Fyrir ",{"t":"idOrVar","v":"value"}," mánuðum"],"two":["Fyrir ",{"t":"idOrVar","v":"value"}," mánuðum"],"zero":"í þessum mán."},"$x":[{"t":"idOrVar","v":"plural"},"value"]},{"$i":"years-ago-long","$v":{"few":["Fyrir ",{"t":"idOrVar","v":"value"}," árum"],"many":["Fyrir ",{"t":"idOrVar","v":"value"}," árum"],"one":"á síð. ári","other":["Fyrir ",{"t":"idOrVar","v":"value"}," árum"],"two":["Fyrir ",{"t":"idOrVar","v":"value"}," árum"],"zero":"á þessu ári"},"$x":[{"t":"idOrVar","v":"plural"},"value"]},{"$i":"minutes-until-long","$v":{"few":["eftir ",{"t":"idOrVar","v":"value"}," mín."],"many":["eftir ",{"t":"idOrVar","v":"value"}," mín."],"one":"eftir eina mín.","other":["eftir ",{"t":"idOrVar","v":"value"}," mín."],"two":["eftir ",{"t":"idOrVar","v":"value"}," mín."],"zero":"núna"},"$x":[{"t":"idOrVar","v":"plural"},"value"]},{"$i":"hours-until-long","$v":{"few":["eftir ",{"t":"idOrVar","v":"value"}," klst."],"many":["eftir ",{"t":"idOrVar","v":"value"}," klst."],"one":"eftir eina klst.","other":["eftir ",{"t":"idOrVar","v":"value"}," klst."],"two":["eftir ",{"t":"idOrVar","v":"value"}," klst."],"zero":"núna"},"$x":[{"t":"idOrVar","v":"plural"},"value"]},{"$i":"days-until-long","$v":{"few":["eftir ",{"t":"idOrVar","v":"value"}," daga"],"many":["eftir ",{"t":"idOrVar","v":"value"}," daga"],"one":"á morgun","other":["eftir ",{"t":"idOrVar","v":"value"}," daga"],"two":["eftir ",{"t":"idOrVar","v":"value"}," daga"],"zero":"í dag"},"$x":[{"t":"idOrVar","v":"plural"},"value"]},{"$i":"weeks-until-long","$v":{"few":["eftir ",{"t":"idOrVar","v":"value"}," vikur"],"many":["eftir ",{"t":"idOrVar","v":"value"}," vikur"],"one":"í næstu viku","other":["eftir ",{"t":"idOrVar","v":"value"}," vikur"],"two":["eftir ",{"t":"idOrVar","v":"value"}," vikur"],"zero":"í þessari viku"},"$x":[{"t":"idOrVar","v":"plural"},"value"]},{"$i":"months-until-long","$v":{"few":["eftir ",{"t":"idOrVar","v":"value"}," mán."],"many":["eftir ",{"t":"idOrVar","v":"value"}," mán."],"one":"í næsta mán.","other":["eftir ",{"t":"idOrVar","v":"value"}," mán."],"two":["eftir ",{"t":"idOrVar","v":"value"}," mán."],"zero":"í þessum mán."},"$x":[{"t":"idOrVar","v":"plural"},"value"]},{"$i":"years-until-long","$v":{"few":["eftir ",{"t":"idOrVar","v":"value"}," ár"],"many":["eftir ",{"t":"idOrVar","v":"value"}," ár"],"one":"á næsta ári","other":["eftir ",{"t":"idOrVar","v":"value"}," ár"],"two":["eftir ",{"t":"idOrVar","v":"value"}," ár"],"zero":"á þessu ári"},"$x":[{"t":"idOrVar","v":"plural"},"value"]},{"$i":"minutes-ago-short","$v":{"other":["Fyrir ",{"t":"idOrVar","v":"value"}," m."],"zero":"rétt í þessu"},"$x":[{"t":"idOrVar","v":"plural"},"value"]},{"$i":"hours-ago-short","$v":{"other":["Fyrir ",{"t":"idOrVar","v":"value"}," k."],"zero":"rétt í þessu"},"$x":[{"t":"idOrVar","v":"plural"},"value"]},{"$i":"days-ago-short","$v":{"other":["Fyrir ",{"t":"idOrVar","v":"value"}," d."],"zero":"í dag"},"$x":[{"t":"idOrVar","v":"plural"},"value"]},{"$i":"minutes-until-short","$v":{"other":["eftir ",{"t":"idOrVar","v":"value"}," m"],"zero":"núna"},"$x":[{"t":"idOrVar","v":"plural"},"value"]},{"$i":"hours-until-short","$v":{"other":["eftir ",{"t":"idOrVar","v":"value"}," k"],"zero":"núna"},"$x":[{"t":"idOrVar","v":"plural"},"value"]},{"$i":"days-until-short","$v":{"other":["eftir ",{"t":"idOrVar","v":"value"}," d"],"zero":"í dag"},"$x":[{"t":"idOrVar","v":"plural"},"value"]},{"$i":"incorrectDate","$v":"(röng dags.)"},{"$i":"dateTimeFormat_%c","$v":"%a %b %e %Y %I:%M:%S %p"},{"$i":"dateTimeFormat_%x","$v":"%m/%d/%Y"},{"$i":"dateTimeFormat_%X","$v":"%I:%M:%S %p"},{"$i":"shortTimeFormat","$v":"%I:%M %p"},{"$i":"shortTimeFormat12","$v":"%I:%M %p"},{"$i":"shortTimeFormat24","$v":"%H:%M"},{"$i":"shortDateTimeFormat","$v":"%x %I:%M %p"},{"$i":"weekStartsOnMonday","$v":"0.0"},{"$i":"firstDayOfTheWeek","$v":"1.0"},{"$i":"time_am","$v":"f.h."},{"$i":"time_pm","$v":"e.h."}]