[{"$i":"search-or-enter-address","placeholder":"Cercare o inserire l'indirizzo"},{"$i":"delete-title","$v":["Elimina ",{"t":"idOrVar","v":"name"}]},{"$i":"delete-body","$v":[{"t":"idOrVar","v":"name"}," e tutti i relativi dati verranno eliminati."]},{"$i":"delete","$v":"Elimina"},{"$i":"cancel","$v":"Annulla"},{"$i":"apps","$v":"Applicazioni"},{"$i":"menu","$v":"Menu"},{"$i":"notifications","$v":"Notifiche"},{"$i":"speed-dial","$v":"Composizione rapida"},{"$i":"select","$v":"Seleziona"},{"$i":"move","$v":"Sposta"},{"$i":"ok","$v":"OK"},{"$i":"set","$v":"Imposta"},{"$i":"edit","$v":"Modifica"},{"$i":"call","$v":"Chiama"},{"$i":"message","$v":"Messaggio"},{"$i":"options","$v":"Opzioni"},{"$i":"assign","$v":"Assegna"},{"$i":"remove","$v":"Rimuovi"},{"$i":"replace","$v":"Sostituisci"},{"$i":"more","$v":"Altro"},{"$i":"settings","$v":"Impostazioni"},{"$i":"contacts","$v":"Contatti"},{"$i":"list-view","$v":"Visualizzazione elenco"},{"$i":"grid-view","$v":"Visualizzazione griglia"},{"$i":"single-view","$v":"Visualizzazione singola"},{"$i":"skip","$v":"Salta"},{"$i":"shortcuts","$v":"Collegamenti"},{"$i":"next","$v":"Successivo"},{"$i":"instant-settings","$v":"impostazioni istantanee"},{"$i":"flashlight","$v":"Flash"},{"$i":"brightness","$v":"Luminosità"},{"$i":"volume","$v":"Volume"},{"$i":"camera","$v":"Fotocamera"},{"$i":"calculator","$v":"Calcolatrice"},{"$i":"airplane-mode","$v":"Modalità aereo"},{"$i":"wifi","$v":"Wi-Fi"},{"$i":"bluetooth","$v":"Bluetooth"},{"$i":"cellular-data","$v":"Dati cellulare"},{"$i":"on","$v":"Attivata"},{"$i":"off","$v":"Disattivata"},{"$i":"percentage-number","$v":[{"t":"idOrVar","v":"number"},"%"]},{"$i":"voicemail","$v":"Segreteria"},{"$i":"speed-dial-not-empty","ariaLabel":[{"t":"idOrVar","v":"order"},", ",{"t":"idOrVar","v":"name"}]},{"$i":"speed-dial-empty","ariaLabel":[{"t":"idOrVar","v":"order"},", vuoto"]},{"$i":"remove-speed-dial","$v":["Rimuovere ",{"t":"idOrVar","v":"name"}," da Composizione rapida?"]},{"$i":"replace-speed-dial","$v":["Sostituire ",{"t":"idOrVar","v":"name"}," con ",{"t":"idOrVar","v":"subName"}," ?"]},{"$i":"assign-speed-dial","$v":["Il contatto non è stato aggiunto come Composizione rapida al pulsante ",{"t":"idOrVar","v":"n"},". Assegnare adesso?"]},{"$i":"assign-voicemail","$v":"Numero di segreteria non impostato."},{"$i":"alert-for-contacts-without-number","$v":"Nessun contatto con numero di telefono disponibile."},{"$i":"option-remove","$v":"Rimuovi da Composizione rapida"},{"$i":"option-replace","$v":"Sostituisci"},{"$i":"all-apps","$v":"Tutte le applicazioni"},{"$i":"uninstall","$v":"Disinstalla"},{"$i":"confirm-to-uninstall-app","$v":["Disinstallare l’applicazione ",{"t":"idOrVar","v":"appName"},"?"]},{"$i":"confirm-to-unpin-bookmark","$v":"Rimuovere dall'alto il sito Web?"},{"$i":"unpin","$v":"Rimuovi"},{"$i":"rename","$v":"Rinomina"},{"$i":"title","$v":"Titolo"},{"$i":"add-to-existing-contact","$v":"Aggiungi a contatto esistente"},{"$i":"create-new-contact","$v":"Crea nuovo contatto"},{"$i":"sending","$v":"Invio in corso..."},{"$i":"video-call","$v":"Videochiamata"},{"$i":"rtt-call","$v":"Chiamata RTT"},{"$i":"callAirplaneModeTitle","$v":"Modalità aereo attivata"},{"$i":"callAirplaneModeMessage","$v":"Per effettuare una chiamata, è necessario disattivare la modalità aereo nelle impostazioni."},{"$i":"emergencyDialogTitle","$v":"Nessuna connessione di rete"},{"$i":"emergencyDialogBodyBadNumber","$v":"Per effettuare una chiamata, è necessario che il telefono sia connesso a una rete."},{"$i":"emergencyDialogBodyDeviceNotAccepted","$v":"Chiamate di emergenza non consentite dalla rete."},{"$i":"invalidNumberToDialTitle","$v":"Numero di telefono non valido"},{"$i":"invalidNumberToDialMessage","$v":"Il numero di telefono che si sta chiamando non è valido."},{"$i":"emergency-call-only","$v":"Solo chiamata di emergenza"},{"$i":"emergency-call-error","$v":[{"t":"idOrVar","v":"number"}," non è un numero di emergenza."]},{"$i":"numberIsBusyTitle","$v":"Numero occupato"},{"$i":"numberIsBusyMessage","$v":"Numero attualmente occupato. Riprovare più tardi."},{"$i":"fdnIsActiveTitle","$v":"Funzione FDN attivata"},{"$i":"fdnIsActiveMessage","$v":["Funzione Numeri selezione fissa (FDN) attivata. Il seguente numero non è nell'elenco FDN: ",{"t":"idOrVar","v":"number"}]},{"$i":"otherConnectionInUseTitle","$v":"Altra connessione in uso"},{"$i":"otherConnectionInUseMessage","$v":"Chiamata attiva su un'altra connessione. È possibile usare una sola connessione alla volta."},{"$i":"GenericFailure","$v":"Errore generico"},{"$i":"CallFailed","$v":"Chiamata non riuscita"},{"$i":"scCallBarring","$v":"Blocco chiamate"},{"$i":"scCallForwarding","$v":"Inoltro chiamate"},{"$i":"scClip","$v":"ID chiamante in arrivo"},{"$i":"scClir","$v":"ID chiamante in uscita"},{"$i":"scPwd","$v":"Cambio password"},{"$i":"scCallWaiting","$v":"Avviso di chiamata"},{"$i":"scPin","$v":"Cambio PIN"},{"$i":"scPin2","$v":"Cambio PIN2"},{"$i":"scPuk","$v":"Sblocca PIN"},{"$i":"scPuk2","$v":"Sblocca PIN2"},{"$i":"scImei","$v":"IMEI"},{"$i":"scMeid","$v":"MEID"},{"$i":"scUssd","$v":"USSD"},{"$i":"deviceIsUnlocked","$v":"Il dispositivo è sbloccato"},{"$i":"simUnlockCodeAccepted","$v":"Codice di sblocco della SIM accettato"},{"$i":"simUnlockCodeFailed","$v":"Sblocco SIM non riuscito"},{"$i":"personal","$v":"Personale"},{"$i":"mobile","$v":"Cellulare"},{"$i":"home","$v":"Casa"},{"$i":"work","$v":"Lavoro"},{"$i":"fax-home","$v":"Fax casa"},{"$i":"fax-office","$v":"Fax ufficio"},{"$i":"fax-other","$v":"Altro fax"},{"$i":"homescreen-settings","$v":"Impostazioni schermata Home"},{"$i":"change-wallpaper","$v":"Cambia sfondo"},{"$i":"add-smart-collections","$v":"Aggiungi raccolte smart"},{"$i":"edit-mode","$v":"Modifica"},{"$i":"edit-done","$v":"Fine"},{"$i":"tutorial-for-side-menu-1","$v":"Premere il tasto SINISTRA per accedere alle app a sinistra."},{"$i":"tutorial-for-instant-settings-1","$v":"Premere il tasto SU per le impostazioni più comuni."},{"$i":"tutorial-for-notices","$v":"Premere il pulsante DESTRO per visualizzare gli ultimi avvisi."},{"$i":"tutorial-for-google-assistant-1","$v":"Tenere premuto OK per parlare."},{"$i":"tutorial-for-voice-input-1","$v":"Tenere premuto OK per parlare nel campo di testo."},{"$i":"stop-download-title","$v":["Interrompi ",{"t":"idOrVar","v":"name"}]},{"$i":"stop-download-body","$v":"Interrompere il download in corso?"},{"$i":"stop-download-action","$v":"Interrompi"},{"$i":"resume-download-title","$v":"Riavvia download"},{"$i":"resume-download-body","$v":["Scaricare ",{"t":"idOrVar","v":"name"},"?"]},{"$i":"resume-download-action","$v":"Scarica"},{"$i":"edit-group-header","$v":"Modifica gruppo"},{"$i":"tcl-wallpaper-changed","$v":"Sfondo cambiato"},{"$i":"gaia-shortcut-app-updated","$v":"Applicazione aggiornata"},{"$i":"clocks-updated","$v":"Orologi aggiornati"},{"$i":"longDateFormat","$v":"%A, %B %e"},{"$i":"app-title","$v":"Le mie applicazioni"},{"$i":"app-uninstall","$v":[{"t":"idOrVar","v":"name"}," disinstallato"]},{"$i":"confirmation","$v":"Conferma"},{"$i":"noSimCard","$v":"Nessuna scheda SIM"},{"$i":"noService","$v":"Nessun servizio"},{"$i":"eccOnly","$v":"Emergency calls only"},{"$i":"emergencyCallsOnly","$v":"Emergency calls only"},{"$i":"searching","$v":"Ricerca in corso..."},{"$i":"lockedSim","$v":"SIM bloccata"},{"$i":"clockDateFormat","$v":"%a, %e %b"},{"$i":"apn-sim1","$v":"APN Settings - SIM1"},{"$i":"apn-sim2","$v":"APN Settings - SIM2"},{"$i":"apnDefaultConfig","$v":"APN Default Config"},{"$i":"apn-defaultconfig-message","$v":"Set which type of apn to used"},{"$i":"apnConfigPostpay","$v":"Postpay APN"},{"$i":"apnConfigPrepay","$v":"Prepay APN"},{"$i":"qtn_sm_toast_set_ICE_first","$v":"Nessun contatto ICE. Sceglierne subito uno andando nelle impostazioni di"},{"$i":"qtn_sm_toast_google_assist","$v":"Premere a lungo o due volte per l'assistente Google"},{"$i":"qtn_sm_toast_sos_call_msg","$v":"Premere a lungo o due volte per"},{"$i":"nocard-eccOnly","$v":"No SIM card-Emergency calls only"},{"$i":"unusablecard-eccOnly","$v":"Unusable SIM card-Emergency calls only"},{"$i":"sim-with-index-and-carrier","$v":["SIM ",{"t":"idOrVar","v":"index"}," - ",{"t":"idOrVar","v":"carrier"}]},{"$i":"sim-without-carrier","$v":["SIM ",{"t":"idOrVar","v":"index"}]},{"$i":"call-forwarding-async","$v":["Asincrono: ",{"t":"idOrVar","v":"async"}]},{"$i":"call-forwarding-data","$v":["Dati: ",{"t":"idOrVar","v":"data"}]},{"$i":"call-forwarding-error","$v":"Si è verificato un errore durante il recupero dello stato di inoltro chiamate"},{"$i":"call-forwarding-fax","$v":["FAX: ",{"t":"idOrVar","v":"fax"}]},{"$i":"call-forwarding-inactive","$v":"Non attivo"},{"$i":"call-forwarding-packet","$v":["Pacchetto: ",{"t":"idOrVar","v":"packet"}]},{"$i":"call-forwarding-pad","$v":["PAD: ",{"t":"idOrVar","v":"pad"}]},{"$i":"call-forwarding-sms","$v":["SMS: ",{"t":"idOrVar","v":"sms"}]},{"$i":"call-forwarding-status","$v":"Stato di inoltro chiamate"},{"$i":"call-forwarding-sync","$v":["Sincrono: ",{"t":"idOrVar","v":"sync"}]},{"$i":"call-forwarding-voice","$v":["Voce: ",{"t":"idOrVar","v":"voice"}]},{"$i":"call-forwarding-voice-after-seconds","$v":["Voce: ",{"t":"idOrVar","v":"voice"}," dopo ",{"t":"idOrVar","v":"timeSeconds"}," secondi"]},{"$i":"fihVersion","$v":"FIH Version"},{"$i":"serviceClassVoice","$v":"Voce"},{"$i":"serviceClassData","$v":"Dati"},{"$i":"serviceClassFax","$v":"FAX"},{"$i":"serviceClassSms","$v":"SMS"},{"$i":"serviceClassDataSync","$v":"Sincrona"},{"$i":"serviceClassDataAsync","$v":"Asincrona"},{"$i":"serviceClassPacket","$v":"Pacchetto"},{"$i":"serviceClassPad","$v":"PAD"},{"$i":"smServiceEnabled","$v":"Servizio attivato"},{"$i":"smServiceDisabled","$v":"Servizio disattivato"},{"$i":"smServiceRegistered","$v":"Registrazione eseguita"},{"$i":"smServiceErased","$v":"Cancellazione eseguita"},{"$i":"smServiceInterrogated","$v":"Richiesta eseguita"},{"$i":"smServiceNotProvisioned","$v":"Servizio non fornito"},{"$i":"smClirPermanent","$v":"Non è possibile modificare l'impostazione ID chiamante"},{"$i":"smClirDefaultOnNextCallOn","$v":"ID chiamante generalmente limitato. Prossima chiamata: limitato"},{"$i":"smClirDefaultOnNextCallOff","$v":"ID chiamante generalmente limitato. Prossima chiamata: non limitato"},{"$i":"smClirDefaultOffNextCallOn","$v":"ID chiamante generalmente non limitato. Prossima chiamata: limitato"},{"$i":"smClirDefaultOffNextCallOff","$v":"ID chiamante generalmente non limitato. Prossima chiamata: non limitato"},{"$i":"smServiceEnabledFor","$v":"Servizio attivato per:"},{"$i":"smPinChanged","$v":"PIN cambiato"},{"$i":"smPinUnblocked","$v":"PIN sbloccato"},{"$i":"smPin2Changed","$v":"PIN2 cambiato"},{"$i":"smPin2Unblocked","$v":"PIN2 sbloccato"},{"$i":"ServiceIsEnabled","$v":"Servizio attivato"},{"$i":"ServiceIsDisabled","$v":"Servizio disattivato"},{"$i":"ServiceIsEnabledFor","$v":"Servizio attivato per:"},{"$i":"emMmiError","$v":"Problema di connessione o codice MMI non valido"},{"$i":"emMmiErrorPasswordIncorrect","$v":"Password errata"},{"$i":"emMmiErrorNotSupported","$v":"Codice MMI non valido o non supportato"},{"$i":"emMmiErrorInvalidAction","$v":"Operazione non valida"},{"$i":"emMmiErrorInvalidScCode","$v":"Codice di servizio non valido"},{"$i":"emMmiErrorBadPuk","$v":"Il PUK digitato è errato."},{"$i":"emMmiErrorBadPin","$v":"Il vecchio PIN digitato è errato."},{"$i":"emMmiErrorNeedPuk2","$v":"Digitare il PUK2 per sbloccare la scheda SIM"},{"$i":"emMmiErrorMismatchPin","$v":"I PIN digitati non corrispondono"},{"$i":"emMmiErrorInvalidPin","$v":"Digitare un PIN composto da 4-8 cifre"},{"$i":"emMmiErrorNeedsPuk","$v":"Scheda SIM bloccata con il PUK"},{"$i":"emMmiErrorEnablePin","$v":"Operazione non riuscita. Attivare BLOCCO SIM/RUIM"},{"$i":"emMmiErrorMmiFdn","$v":"Operazione limitata solo ai numeri di selezione fissa"},{"$i":"emMmiErrorStkCcUssdDial","$v":"Richiesta USSD modificata in richiesta DIAL"},{"$i":"emMmiErrorStkCcUssdSs","$v":"Richiesta USSD modificata in richiesta SS"},{"$i":"emMmiErrorStkCcUssdUssd","$v":"Richiesta USSD modificata in nuova richiesta USSD"},{"$i":"emMmiErrorStkCcSsDial","$v":"Richiesta SS modificata in richiesta DIAL"},{"$i":"emMmiErrorStkCcSsUssd","$v":"Richiesta SS modificata in richiesta USSD"},{"$i":"emMmiErrorStkCcSsSs","$v":"Richiesta SS modificata in nuova richiesta SS"},{"$i":"emMmiErrorPinPukAttempts","$v":{"few":[{"t":"idOrVar","v":"n"}," tentativi rimasti"],"many":[{"t":"idOrVar","v":"n"}," tentativi rimasti"],"one":[{"t":"idOrVar","v":"n"}," tentativo rimasto"],"other":[{"t":"idOrVar","v":"n"}," tentativi rimasti"],"two":[{"t":"idOrVar","v":"n"}," tentativi rimasti"]},"$x":[{"t":"idOrVar","v":"plural"},"n"]},{"$i":"emMmiErrorSimBlocked","$v":"Numero di massimo di tentativi superato. SIM bloccata"},{"$i":"RadioNotAvailable","$v":"Radio not available"},{"$i":"PasswordIncorrect","$v":"Password errata"},{"$i":"SimPin2","$v":"PIN2 SIM"},{"$i":"SimPuk2","$v":"PUK2 SIM"},{"$i":"RequestNotSupported","$v":"Richiesta non supportata"},{"$i":"OpNotAllowedDuringVoiceCall","$v":"Operazione non consentita durante una chiamata vocale"},{"$i":"SmsSendFailRetry","$v":"Errore di invio SMS. Riprovare"},{"$i":"SimAbsent","$v":"SIM assente"},{"$i":"SubscriptionNotAvailable","$v":"Abbonamento non disponibile"},{"$i":"ModeNotSupported","$v":"Modalità non supportata"},{"$i":"FdnCheckFailure","$v":"Errore di verifica FDN"},{"$i":"IllegalSimOrMe","$v":"SIM o ME illegale"},{"$i":"DialModifiedToUssd","$v":"Dial modified to USSD"},{"$i":"DialModifiedToSs","$v":"Dial modified to SS"},{"$i":"DialModifiedToDial","$v":"Dial modified to dial"},{"$i":"UssdModifiedToDial","$v":"USSD modified to dial"},{"$i":"UssdModifiedToSs","$v":"USSD modified to SS"},{"$i":"UssdModifiedToUssd","$v":"USSD modified to USSD"},{"$i":"SsModifiedToDial","$v":"SS modified to dial"},{"$i":"SsModifiedToUssd","$v":"SS modified to USSD"},{"$i":"SsModifiedToSs","$v":"SS modified to SS"},{"$i":"SubscriptionNotSupported","$v":"Abbonamento non supportato"},{"$i":"InvalidParameter","$v":"Parametro non valido"},{"$i":"RejectedByRemote","$v":"Rifiutato in remoto"},{"$i":"GetEmptyUssdPrompt","$v":"Risposta nulla ricevuta."},{"$i":"label","$v":"Etichetta"},{"$i":"faxHome","$v":"Fax casa"},{"$i":"faxOffice","$v":"Fax ufficio"},{"$i":"faxOther","$v":"Altro fax"},{"$i":"another","$v":"Altro"},{"$i":"other","$v":"Altro"},{"$i":"tcl-customTag","$v":"Tag personalizzato"},{"$i":"customTag","$v":"Tag personalizzato","placeholder":"Tag personalizzato"},{"$i":"current","$v":"Attuale"},{"$i":"itemWithLabel","$v":[{"t":"idOrVar","v":"label"},", ",{"t":"idOrVar","v":"item"}]},{"$i":"weekday-0-long","$v":"Domenica"},{"$i":"weekday-1-long","$v":"Lunedì"},{"$i":"weekday-2-long","$v":"Martedì"},{"$i":"weekday-3-long","$v":"Mercoledì"},{"$i":"weekday-4-long","$v":"Giovedì"},{"$i":"weekday-5-long","$v":"Venerdì"},{"$i":"weekday-6-long","$v":"Sabato"},{"$i":"weekday-0-short","$v":"Dom"},{"$i":"weekday-1-short","$v":"Lun"},{"$i":"weekday-2-short","$v":"Mar"},{"$i":"weekday-3-short","$v":"Mer"},{"$i":"weekday-4-short","$v":"Gio"},{"$i":"weekday-5-short","$v":"Ven"},{"$i":"weekday-6-short","$v":"Sab"},{"$i":"month-0-long","$v":"Gennaio"},{"$i":"month-1-long","$v":"Febbraio"},{"$i":"month-2-long","$v":"Marzo"},{"$i":"month-3-long","$v":"Aprile"},{"$i":"month-4-long","$v":"Maggio"},{"$i":"month-5-long","$v":"Giugno"},{"$i":"month-6-long","$v":"Luglio"},{"$i":"month-7-long","$v":"Agosto"},{"$i":"month-8-long","$v":"Settembre"},{"$i":"month-9-long","$v":"Ottobre"},{"$i":"month-10-long","$v":"Novembre"},{"$i":"month-11-long","$v":"Dicembre"},{"$i":"month-0-genitive","$v":"Gennaio"},{"$i":"month-1-genitive","$v":"Febbraio"},{"$i":"month-2-genitive","$v":"Marzo"},{"$i":"month-3-genitive","$v":"Aprile"},{"$i":"month-4-genitive","$v":"Maggio"},{"$i":"month-5-genitive","$v":"Giugno"},{"$i":"month-6-genitive","$v":"Luglio"},{"$i":"month-7-genitive","$v":"Agosto"},{"$i":"month-8-genitive","$v":"Settembre"},{"$i":"month-9-genitive","$v":"Ottobre"},{"$i":"month-10-genitive","$v":"Novembre"},{"$i":"month-11-genitive","$v":"Dicembre"},{"$i":"month-0-short","$v":"Gen"},{"$i":"month-1-short","$v":"Feb"},{"$i":"month-2-short","$v":"Mar"},{"$i":"month-3-short","$v":"Apr"},{"$i":"month-4-short","$v":"Mag"},{"$i":"month-5-short","$v":"Giu"},{"$i":"month-6-short","$v":"Lug"},{"$i":"month-7-short","$v":"Ago"},{"$i":"month-8-short","$v":"Set"},{"$i":"month-9-short","$v":"Ott"},{"$i":"month-10-short","$v":"Nov"},{"$i":"month-11-short","$v":"Dic"},{"$i":"minutes-ago-long","$v":{"few":[{"t":"idOrVar","v":"value"}," minuti fa"],"many":[{"t":"idOrVar","v":"value"}," minuti fa"],"one":"un minuto fa","other":[{"t":"idOrVar","v":"value"}," minuti fa"],"two":[{"t":"idOrVar","v":"value"}," minuti fa"],"zero":"adesso"},"$x":[{"t":"idOrVar","v":"plural"},"value"]},{"$i":"hours-ago-long","$v":{"few":[{"t":"idOrVar","v":"value"}," ore fa"],"many":[{"t":"idOrVar","v":"value"}," ore fa"],"one":"un'ora fa","other":[{"t":"idOrVar","v":"value"}," ore fa"],"two":[{"t":"idOrVar","v":"value"}," ore fa"],"zero":"adesso"},"$x":[{"t":"idOrVar","v":"plural"},"value"]},{"$i":"days-ago-long","$v":{"few":[{"t":"idOrVar","v":"value"}," giorni fa"],"many":[{"t":"idOrVar","v":"value"}," giorni fa"],"one":"ieri","other":[{"t":"idOrVar","v":"value"}," giorni fa"],"two":[{"t":"idOrVar","v":"value"}," giorni fa"],"zero":"oggi"},"$x":[{"t":"idOrVar","v":"plural"},"value"]},{"$i":"weeks-ago-long","$v":{"few":[{"t":"idOrVar","v":"value"}," settimane fa"],"many":[{"t":"idOrVar","v":"value"}," settimane fa"],"one":"una settimana fa","other":[{"t":"idOrVar","v":"value"}," settimane fa"],"two":[{"t":"idOrVar","v":"value"}," settimane fa"],"zero":"questa settimana"},"$x":[{"t":"idOrVar","v":"plural"},"value"]},{"$i":"months-ago-long","$v":{"few":[{"t":"idOrVar","v":"value"}," mesi fa"],"many":[{"t":"idOrVar","v":"value"}," mesi fa"],"one":"un mese fa","other":[{"t":"idOrVar","v":"value"}," mesi fa"],"two":[{"t":"idOrVar","v":"value"}," mesi fa"],"zero":"questo mese"},"$x":[{"t":"idOrVar","v":"plural"},"value"]},{"$i":"years-ago-long","$v":{"few":[{"t":"idOrVar","v":"value"}," anni fa"],"many":[{"t":"idOrVar","v":"value"}," anni fa"],"one":"un anno fa","other":[{"t":"idOrVar","v":"value"}," anni fa"],"two":[{"t":"idOrVar","v":"value"}," anni fa"],"zero":"quest'anno"},"$x":[{"t":"idOrVar","v":"plural"},"value"]},{"$i":"minutes-until-long","$v":{"few":["tra ",{"t":"idOrVar","v":"value"}," minuti"],"many":["tra ",{"t":"idOrVar","v":"value"}," minuti"],"one":"tra un minuto","other":["tra ",{"t":"idOrVar","v":"value"}," minuti"],"two":["tra ",{"t":"idOrVar","v":"value"}," minuti"],"zero":"ora"},"$x":[{"t":"idOrVar","v":"plural"},"value"]},{"$i":"hours-until-long","$v":{"few":["tra ",{"t":"idOrVar","v":"value"}," ore"],"many":["tra ",{"t":"idOrVar","v":"value"}," ore"],"one":"tra un'ora","other":["tra ",{"t":"idOrVar","v":"value"}," ore"],"two":["tra ",{"t":"idOrVar","v":"value"}," ore"],"zero":"ora"},"$x":[{"t":"idOrVar","v":"plural"},"value"]},{"$i":"days-until-long","$v":{"few":["tra ",{"t":"idOrVar","v":"value"}," giorni"],"many":["tra ",{"t":"idOrVar","v":"value"}," giorni"],"one":"domani","other":["tra ",{"t":"idOrVar","v":"value"}," giorni"],"two":["tra ",{"t":"idOrVar","v":"value"}," giorni"],"zero":"oggi"},"$x":[{"t":"idOrVar","v":"plural"},"value"]},{"$i":"weeks-until-long","$v":{"few":["tra ",{"t":"idOrVar","v":"value"}," settimane"],"many":["tra ",{"t":"idOrVar","v":"value"}," settimane"],"one":"tra una settimana","other":["tra ",{"t":"idOrVar","v":"value"}," settimane"],"two":["tra ",{"t":"idOrVar","v":"value"}," settimane"],"zero":"questa settimana"},"$x":[{"t":"idOrVar","v":"plural"},"value"]},{"$i":"months-until-long","$v":{"few":["tra ",{"t":"idOrVar","v":"value"}," mesi"],"many":["tra ",{"t":"idOrVar","v":"value"}," mesi"],"one":"tra un mese","other":["tra ",{"t":"idOrVar","v":"value"}," mesi"],"two":["tra ",{"t":"idOrVar","v":"value"}," mesi"],"zero":"questo mese"},"$x":[{"t":"idOrVar","v":"plural"},"value"]},{"$i":"years-until-long","$v":{"few":["tra ",{"t":"idOrVar","v":"value"}," anni"],"many":["tra ",{"t":"idOrVar","v":"value"}," anni"],"one":"tra un anno","other":["tra ",{"t":"idOrVar","v":"value"}," anni"],"two":["tra ",{"t":"idOrVar","v":"value"}," anni"],"zero":"quest'anno"},"$x":[{"t":"idOrVar","v":"plural"},"value"]},{"$i":"minutes-ago-short","$v":{"other":[{"t":"idOrVar","v":"value"}," m fa"],"zero":"adesso"},"$x":[{"t":"idOrVar","v":"plural"},"value"]},{"$i":"hours-ago-short","$v":{"other":[{"t":"idOrVar","v":"value"}," h fa"],"zero":"adesso"},"$x":[{"t":"idOrVar","v":"plural"},"value"]},{"$i":"days-ago-short","$v":{"other":[{"t":"idOrVar","v":"value"}," g fa"],"zero":"oggi"},"$x":[{"t":"idOrVar","v":"plural"},"value"]},{"$i":"minutes-until-short","$v":{"other":["tra ",{"t":"idOrVar","v":"value"}," m"],"zero":"ora"},"$x":[{"t":"idOrVar","v":"plural"},"value"]},{"$i":"hours-until-short","$v":{"other":["tra ",{"t":"idOrVar","v":"value"}," h"],"zero":"ora"},"$x":[{"t":"idOrVar","v":"plural"},"value"]},{"$i":"days-until-short","$v":{"other":["tra ",{"t":"idOrVar","v":"value"}," g"],"zero":"oggi"},"$x":[{"t":"idOrVar","v":"plural"},"value"]},{"$i":"incorrectDate","$v":"(data errata)"},{"$i":"dateTimeFormat_%c","$v":"%a %b %e %Y %I:%M:%S %p"},{"$i":"dateTimeFormat_%x","$v":"%m/%d/%Y"},{"$i":"dateTimeFormat_%X","$v":"%I:%M:%S %p"},{"$i":"shortTimeFormat","$v":"%I:%M %p"},{"$i":"shortTimeFormat12","$v":"%I:%M %p"},{"$i":"shortTimeFormat24","$v":"%H:%M"},{"$i":"shortDateTimeFormat","$v":"%x %I:%M %p"},{"$i":"weekStartsOnMonday","$v":"0.0"},{"$i":"firstDayOfTheWeek","$v":"1.0"},{"$i":"time_am","$v":"AM"},{"$i":"time_pm","$v":"PM"}]