[{"$i":"search-or-enter-address","placeholder":"រក ឬ​បញ្ចូល​អាសយដ្ឋាន"},{"$i":"delete-title","$v":["លុប ",{"t":"idOrVar","v":"name"}]},{"$i":"delete-body","$v":[{"t":"idOrVar","v":"name"}," និង​ទិន្នន័យ​របស់​វា​ទាំង​អស់​នឹង​ត្រូវ​បាន​លុប។"]},{"$i":"delete","$v":"លុប"},{"$i":"cancel","$v":"បោះ​បង់"},{"$i":"apps","$v":"កម្មវិធី​នានា"},{"$i":"menu","$v":"ម៉ឺនុយ"},{"$i":"notifications","$v":"សេចក្ដី​ជូន​ដំណឹង"},{"$i":"speed-dial","$v":"ការហៅ​រហ័ស"},{"$i":"select","$v":"ជ្រើស"},{"$i":"move","$v":"ផ្លាស់​ទី"},{"$i":"ok","$v":"យល់ព្រម"},{"$i":"set","$v":"កំណត់"},{"$i":"edit","$v":"កែ​សម្រួល"},{"$i":"call","$v":"ការហៅ"},{"$i":"message","$v":"សារ"},{"$i":"options","$v":"ជម្រើស"},{"$i":"assign","$v":"កំណត់​ឱ្យ"},{"$i":"remove","$v":"លុប​ចេញ"},{"$i":"replace","$v":"ជំនួស"},{"$i":"more","$v":"ច្រើន​ទៀត"},{"$i":"settings","$v":"ការកំណត់"},{"$i":"contacts","$v":"ទំនាក់ទំនង"},{"$i":"list-view","$v":"ទិដ្ឋភាព​បញ្ជី"},{"$i":"grid-view","$v":"ទិដ្ឋភាព​ក្រឡា"},{"$i":"single-view","$v":"ទិដ្ឋភាព​ទោល"},{"$i":"skip","$v":"រំលង"},{"$i":"shortcuts","$v":"ផ្លូវ​កាត់"},{"$i":"next","$v":"បន្ទាប់"},{"$i":"instant-settings","$v":"ការកំណត់​ភ្លាមៗ"},{"$i":"flashlight","$v":"ភ្លើង​ចំណាំង"},{"$i":"brightness","$v":"ពន្លឺ"},{"$i":"volume","$v":"កម្រិត​សំឡេង"},{"$i":"camera","$v":"ម៉ាស៊ីន​ថត​រូប"},{"$i":"calculator","$v":"ម៉ាស៊ីន​គិត​លេខ"},{"$i":"airplane-mode","$v":"ទម្រង់​លើ​យន្តហោះ"},{"$i":"wifi","$v":"Wi-Fi"},{"$i":"bluetooth","$v":"Bluetooth"},{"$i":"cellular-data","$v":"ទិន្នន័យ​ចល័ត"},{"$i":"on","$v":"បើក"},{"$i":"off","$v":"បិទ"},{"$i":"percentage-number","$v":[{"t":"idOrVar","v":"number"},"%"]},{"$i":"voicemail","$v":"អ៊ីមែល​សំឡេង"},{"$i":"speed-dial-not-empty","ariaLabel":[{"t":"idOrVar","v":"order"},", ",{"t":"idOrVar","v":"name"}]},{"$i":"speed-dial-empty","ariaLabel":[{"t":"idOrVar","v":"order"}," ទទេ"]},{"$i":"remove-speed-dial","$v":["តើ​អ្នក​ប្រាកដ​ថា​ចង់​លុប ",{"t":"idOrVar","v":"name"}," ចេញ​ពី​ការហៅ​រហ័ស​មែន​ឬ?"]},{"$i":"replace-speed-dial","$v":["តើ​អ្នក​ប្រាកដ​ថា​ចង់​ប្ដូរ ",{"t":"idOrVar","v":"name"}," ទៅ​ជា ",{"t":"idOrVar","v":"subName"}," មែន​ឬ?"]},{"$i":"assign-speed-dial","$v":["មិន​បាន​បន្ថែម​ទំនាក់ទំនង​ក្នុង​ការហៅ​រហ័ស​លើ​ប៊ូតុង ",{"t":"idOrVar","v":"n"}," ទេ។ តើ​កំណត់​ដាក់​ឥឡូវ​ឬ?"]},{"$i":"assign-voicemail","$v":"មិន​ទាន់​បាន​កំណត់​លេខ​អ៊ីមែល​សំឡេង​នៅ​ឡើយ។"},{"$i":"alert-for-contacts-without-number","$v":"មិន​មាន​ទំនាក់ទំនង​ដែល​មាន​លេខ​ទូរសព្ទ​អាច​ប្រើ​បាន​ទេ។"},{"$i":"option-remove","$v":"លុប​ចេញ​ពី​ការហៅ​រហ័ស"},{"$i":"option-replace","$v":"ជំនួស"},{"$i":"all-apps","$v":"កម្មវិធី​ទាំង​អស់"},{"$i":"uninstall","$v":"លុប​កម្មវិធី"},{"$i":"confirm-to-uninstall-app","$v":["តើ​លុប​កម្មវិធី ",{"t":"idOrVar","v":"appName"}," ឬ?"]},{"$i":"confirm-to-unpin-bookmark","$v":"ដក​ខ្ទាស់​គេហ​ទំព័រ​នេះ​ឬ?"},{"$i":"unpin","$v":"ដក​ខ្ទាស់"},{"$i":"rename","$v":"ប្ដូរ​ឈ្មោះ"},{"$i":"title","$v":"ចំណង​ជើង"},{"$i":"add-to-existing-contact","$v":"បន្ថែម​ចូល​ទំនាក់ទំនង​ដែល​មាន​ស្រាប់"},{"$i":"create-new-contact","$v":"បង្កើត​ទំ.ទំ.​ថ្មី"},{"$i":"sending","$v":"ផ្ញើ…"},{"$i":"video-call","$v":"ហៅ​វីដេអូ"},{"$i":"rtt-call","$v":"ការហៅ RTT"},{"$i":"callAirplaneModeTitle","$v":"បាន​ដំណើរការ​ទម្រង់​លើ​យន្តហោះ"},{"$i":"callAirplaneModeMessage","$v":"ដើម្បី​ធ្វើ​ការហៅ អ្នក​ត្រូវ​បិទ​ទម្រង់​លើ​យន្តហោះ​ក្នុង​ការកំណត់។"},{"$i":"emergencyDialogTitle","$v":"គ្មាន​ការភ្ជាប់​បណ្ដាញ​ទេ"},{"$i":"emergencyDialogBodyBadNumber","$v":"ដើម្បី​ធ្វើ​ការហៅ ត្រូវ​ភ្ជាប់​ទូរស័ព្ទ​អ្នក​ទៅ​បណ្ដាញ។"},{"$i":"emergencyDialogBodyDeviceNotAccepted","$v":"បណ្ដាញ​មិន​អនុញ្ញាត​ការហៅ​បន្ទាន់។"},{"$i":"invalidNumberToDialTitle","$v":"លេខ​ទូរស័ព្ទ​មិន​ត្រឹមត្រូវ"},{"$i":"invalidNumberToDialMessage","$v":"លេខ​ទូរស័ព្ទ​ដែល​អ្នក​កំពុង​ហៅ​មិន​ត្រឹមត្រូវ។"},{"$i":"emergency-call-only","$v":"ការហៅ​បន្ទាន់​ប៉ុណ្ណោះ"},{"$i":"emergency-call-error","$v":[{"t":"idOrVar","v":"number"}," មិន​មែន​ជា​លេខ​ទាក់ទង​បន្ទាន់​ទេ។"]},{"$i":"numberIsBusyTitle","$v":"លេខ​ជាប់​រវល់"},{"$i":"numberIsBusyMessage","$v":"ឥឡូវ លេខ​កំពុង​ជាប់​រវល់។ សូម​ព្យាយាម​ម្ដង​ទៀត​ពេល​ក្រោយ។"},{"$i":"fdnIsActiveTitle","$v":"FDN ដែល​ដំណើរការ"},{"$i":"fdnIsActiveMessage","$v":["FDN (លេខ​ហៅ​ដែល​បាន​កំណត់) ត្រូវ​បាន​ដាក់​ដំណើរការ ហើយ​លេខ​ដូច​ត​ទៅ​មិន​ស្ថិត​នៅ​ក្នុង​បញ្ជី FDN អ្នក​ទេ៖ ",{"t":"idOrVar","v":"number"}]},{"$i":"otherConnectionInUseTitle","$v":"ការភ្ជាប់​ផ្សេង​ជាប់​ប្រើ"},{"$i":"otherConnectionInUseMessage","$v":"អ្នក​មាន​ការហៅ​ដំណើរការ​លើ​ការភ្ជាប់​មួយ​ទៀត។ អ្នក​អាច​ប្រើ​ការភ្ជាប់​ម្ដង​បាន​តែ​មួយ​ប៉ុណ្ណោះ។"},{"$i":"GenericFailure","$v":"បញ្ហា​ទូទៅ"},{"$i":"CallFailed","$v":"ការហៅ​មិន​បាន​សម្រេច"},{"$i":"scCallBarring","$v":"រារាំង​ការហៅ"},{"$i":"scCallForwarding","$v":"បង្វែរ​ការ​ហៅ"},{"$i":"scClip","$v":"អត្ត.អ្នក​ហៅ​ចូល"},{"$i":"scClir","$v":"អត្ត.អ្នក​ហៅ​ចេញ"},{"$i":"scPwd","$v":"ពាក្យ​សម្ងាត់​ប្ដូរ"},{"$i":"scCallWaiting","$v":"ការរង់ចាំ​ការហៅ"},{"$i":"scPin","$v":"ការផ្លាស់​ប្ដូរ​លេខ PIN"},{"$i":"scPin2","$v":"ការផ្លាស់​ប្ដូរ​លេខ PIN2"},{"$i":"scPuk","$v":"ឈប់​បង្ខាំង​លេខ PIN"},{"$i":"scPuk2","$v":"ឈប់​បង្ខាំង​លេខ PIN2"},{"$i":"scImei","$v":"IMEI"},{"$i":"scMeid","$v":"MEID"},{"$i":"scUssd","$v":"USSD"},{"$i":"deviceIsUnlocked","$v":"បាន​ដោះ​សោ​ឧបករណ៍"},{"$i":"simUnlockCodeAccepted","$v":"បាន​ទទួល​យក​កូដ​ដោះ​សោ​ស៊ីម"},{"$i":"simUnlockCodeFailed","$v":"ដោះ​សោ​ស៊ីម​មិន​បាន​សម្រេច"},{"$i":"personal","$v":"ផ្ទាល់​ខ្លួន"},{"$i":"mobile","$v":"ទូរសព្ទ​ចល័ត"},{"$i":"home","$v":"ផ្ទះ"},{"$i":"work","$v":"ការងារ"},{"$i":"fax-home","$v":"ទូរសារ​ផ្ទះ"},{"$i":"fax-office","$v":"ទូរសារ​ការិយាល័យ"},{"$i":"fax-other","$v":"ទូរសារ​ផ្សេង​ទៀត"},{"$i":"homescreen-settings","$v":"ការកំណត់​អេក្រង់​ដើម"},{"$i":"change-wallpaper","$v":"ប្ដូរ​រូប​ផ្ទៃ​អេក្រង់"},{"$i":"add-smart-collections","$v":"បន្ថែម​ការប្រមូល​ឆ្លាតវៃ"},{"$i":"edit-mode","$v":"កែ​សម្រួល"},{"$i":"edit-done","$v":"រួច​រាល់"},{"$i":"tutorial-for-side-menu-1","$v":"ចុច​គ្រាប់​ចុច​ទៅ​ឆ្វេង ដើម្បី​ចូល​ដំណើរការ​កម្មវិធី​នៅ​ខាង​ឆ្វេង។"},{"$i":"tutorial-for-instant-settings-1","$v":"ចុច​គ្រាប់​ចុច​ឡើង​លើ​សម្រាប់​ការកំណត់​ដែល​ប្រើ​ជា​ទូទៅ។"},{"$i":"tutorial-for-notices","$v":"ចុចប៊ូតុងខាងស្តាំដើម្បីមើលការជូនដំណឹងថ្មី។"},{"$i":"tutorial-for-google-assistant-1","$v":"ចុចលើ យល់ព្រម ឱ្យយូរដើម្បីនិយាយ។"},{"$i":"tutorial-for-voice-input-1","$v":"ចុចលើ យល់ព្រម ឱ្យយូរដើម្បីនិយាយក្នុងវាលអត្ថបទ។"},{"$i":"stop-download-title","$v":["បញ្ឈប់ ",{"t":"idOrVar","v":"name"}]},{"$i":"stop-download-body","$v":"តើ​អ្នក​ចង់​បញ្ឈប់​ការទាញ​យក​ដែល​កំពុង​ដំណើរការ​ឬ?"},{"$i":"stop-download-action","$v":"បញ្ឈប់"},{"$i":"resume-download-title","$v":"ទាញ​យក​ឡើង​វិញ"},{"$i":"resume-download-body","$v":["តើ​អ្នក​ចង់​ទាញ​យក ",{"t":"idOrVar","v":"name"}," ឬ?"]},{"$i":"resume-download-action","$v":"ទាញ​យក"},{"$i":"edit-group-header","$v":"កែ​សម្រួល​ក្រុម"},{"$i":"tcl-wallpaper-changed","$v":"បាន​ប្ដូរ​រូប​ផ្ទៃ​អេក្រង់"},{"$i":"gaia-shortcut-app-updated","$v":"បាន​ធ្វើ​បច្ចុប្បន្នភាព​កម្មវិធី"},{"$i":"clocks-updated","$v":"បាន​ធ្វើ​បច្ចុប្បន្នភាព​នាឡិកា"},{"$i":"longDateFormat","$v":"%A, %B %e"},{"$i":"app-title","$v":"កម្មវិធី​របស់​ខ្ញុំ"},{"$i":"app-uninstall","$v":[{"t":"idOrVar","v":"name"}," ត្រូវ​បាន​លុប"]},{"$i":"confirmation","$v":"ការបញ្ជាក់"},{"$i":"noSimCard","$v":"គ្មាន​ស៊ីម​កាត​ទេ"},{"$i":"noService","$v":"គ្មានសេវា"},{"$i":"eccOnly","$v":"Emergency calls only"},{"$i":"emergencyCallsOnly","$v":"Emergency calls only"},{"$i":"searching","$v":"កំពុង​ស្វែង​រក…"},{"$i":"lockedSim","$v":"ស៊ីម​ជាប់​សោ"},{"$i":"clockDateFormat","$v":"%a, %e %b"},{"$i":"apn-sim1","$v":"APN Settings - SIM1"},{"$i":"apn-sim2","$v":"APN Settings - SIM2"},{"$i":"apnDefaultConfig","$v":"APN Default Config"},{"$i":"apn-defaultconfig-message","$v":"Set which type of apn to used"},{"$i":"apnConfigPostpay","$v":"Postpay APN"},{"$i":"apnConfigPrepay","$v":"Prepay APN"},{"$i":"qtn_sm_toast_set_ICE_first","$v":"គ្មាន​ទំនាក់ទំនង ICE ទេ សូម​ទៅ​កាន់​ការកំណត់​ទំនាក់ទំនង ឬ​ម៉ឺនុយ​ជម្រើស​របស់​ព័ត៌មាន ICE"},{"$i":"qtn_sm_toast_google_assist","$v":"ចុច​ឱ្យ​យូរ ឬ​ចុច​ពីរ​ដង​សម្រាប់ Google ជំនួយការ"},{"$i":"qtn_sm_toast_sos_call_msg","$v":"ចុច​ឱ្យ​យូរ ឬ​ចុច​ពីរ​ដង​សម្រាប់ ការហៅ SOS / សារ SOS"},{"$i":"nocard-eccOnly","$v":"No SIM card-Emergency calls only"},{"$i":"unusablecard-eccOnly","$v":"Unusable SIM card-Emergency calls only"},{"$i":"sim-with-index-and-carrier","$v":["SIM ",{"t":"idOrVar","v":"index"}," - ",{"t":"idOrVar","v":"carrier"}]},{"$i":"sim-without-carrier","$v":["SIM ",{"t":"idOrVar","v":"index"}]},{"$i":"call-forwarding-async","$v":["អសមកាល៖ ",{"t":"idOrVar","v":"async"}]},{"$i":"call-forwarding-data","$v":["ទិន្នន័យ៖ ",{"t":"idOrVar","v":"data"}]},{"$i":"call-forwarding-error","$v":"មាន​បញ្ហា​ពេល​កំពុង​ទាញ​យក​ស្ថានភាព​បញ្ជូន​បន្ត​ការហៅ"},{"$i":"call-forwarding-fax","$v":["ទូរសារ៖ ",{"t":"idOrVar","v":"fax"}]},{"$i":"call-forwarding-inactive","$v":"មិន​ដំណើរការ"},{"$i":"call-forwarding-packet","$v":["កញ្ចប់៖ ",{"t":"idOrVar","v":"packet"}]},{"$i":"call-forwarding-pad","$v":["PAD៖ ",{"t":"idOrVar","v":"pad"}]},{"$i":"call-forwarding-sms","$v":["SMS៖ ",{"t":"idOrVar","v":"sms"}]},{"$i":"call-forwarding-status","$v":"ស្ថានភាព​បង្វែរ​ការហៅ"},{"$i":"call-forwarding-sync","$v":["សមកាលកម្ម៖ ",{"t":"idOrVar","v":"sync"}]},{"$i":"call-forwarding-voice","$v":["សំឡេង៖ ",{"t":"idOrVar","v":"voice"}]},{"$i":"call-forwarding-voice-after-seconds","$v":["សំឡេង៖ ",{"t":"idOrVar","v":"voice"}," ក្រោយ​ពេល ",{"t":"idOrVar","v":"timeSeconds"}," វិនាទី"]},{"$i":"fihVersion","$v":"FIH Version"},{"$i":"serviceClassVoice","$v":"សំឡេង"},{"$i":"serviceClassData","$v":"ទិន្នន័យ"},{"$i":"serviceClassFax","$v":"ទូរ​សារ"},{"$i":"serviceClassSms","$v":"SMS"},{"$i":"serviceClassDataSync","$v":"សមកាលកម្ម"},{"$i":"serviceClassDataAsync","$v":"អសមកាល"},{"$i":"serviceClassPacket","$v":"កញ្ចប់"},{"$i":"serviceClassPad","$v":"PAD"},{"$i":"smServiceEnabled","$v":"បាន​បើក​សេវា"},{"$i":"smServiceDisabled","$v":"បាន​បិទ​សេវា"},{"$i":"smServiceRegistered","$v":"ការចុះ​ឈ្មោះ​សម្រេច​ហើយ"},{"$i":"smServiceErased","$v":"បាន​លុប​ជោគជ័យ"},{"$i":"smServiceInterrogated","$v":"សំណើ​បាន​សម្រេច"},{"$i":"smServiceNotProvisioned","$v":"មិន​មាន​ផ្ដល់​សេវា​ទេ"},{"$i":"smClirPermanent","$v":"អ្នក​អាច​ប្ដូរ​ការកំណត់​អត្ត.អ្នក​ហៅ​បាន"},{"$i":"smClirDefaultOnNextCallOn","$v":"អត្ត.អ្នក​ហៅ​មាន​លំនាំ​ដើម​ដាក់​កម្រិត។ ការហៅ​បន្ទាប់៖ មាន​ការកម្រិត"},{"$i":"smClirDefaultOnNextCallOff","$v":"អត្ត.អ្នក​ហៅ​មាន​លំនាំ​ដើម​ដាក់​កម្រិត។ ការហៅ​បន្ទាប់៖ គ្មាន​ការកម្រិត"},{"$i":"smClirDefaultOffNextCallOn","$v":"អត្ត.អ្នក​ហៅ​មាន​លំនាំ​ដើម​មិន​ដាក់​កម្រិត។ ការហៅ​បន្ទាប់៖ មាន​ការកម្រិត"},{"$i":"smClirDefaultOffNextCallOff","$v":"អត្ត.អ្នក​ហៅ​មាន​លំនាំ​ដើម​មិន​ដាក់​កម្រិត។ ការហៅ​បន្ទាប់៖ គ្មាន​ការកម្រិត"},{"$i":"smServiceEnabledFor","$v":"បាន​បើក​សេវា​សម្រាប់៖"},{"$i":"smPinChanged","$v":"បាន​ប្ដូរ PIN ហើយ"},{"$i":"smPinUnblocked","$v":"បាន​ឈប់​បង្ខាំង PIN ហើយ"},{"$i":"smPin2Changed","$v":"បាន​ផ្លាស់​ប្ដូរ​លេខ PIN2 ហើយ"},{"$i":"smPin2Unblocked","$v":"បាន​ឈប់​បង្ខាំង PIN2 ហើយ"},{"$i":"ServiceIsEnabled","$v":"បាន​បើក​សេវា"},{"$i":"ServiceIsDisabled","$v":"បាន​បិទ​សេវា"},{"$i":"ServiceIsEnabledFor","$v":"បាន​បើក​សេវា​សម្រាប់៖"},{"$i":"emMmiError","$v":"បញ្ហា​ភ្ជាប់ ឬ​កូដ MMI មិន​ត្រឹមត្រូវ"},{"$i":"emMmiErrorPasswordIncorrect","$v":"ពាក្យ​សម្ងាត់​មិន​ត្រឹមត្រូវ"},{"$i":"emMmiErrorNotSupported","$v":"កូដ MMI មិន​ត្រឹមត្រូវ ឬ​មិន​ស្គាល់"},{"$i":"emMmiErrorInvalidAction","$v":"សកម្មភាព​គ្មាន​សុពលភាព"},{"$i":"emMmiErrorInvalidScCode","$v":"កូដ​សេវា​មិន​ត្រឹមត្រូវ"},{"$i":"emMmiErrorBadPuk","$v":"PUK ដែល​អ្នក​បាន​វាយ​បញ្ចូល​មិន​ត្រឹមត្រូវ។"},{"$i":"emMmiErrorBadPin","$v":"លេខ PIN ចាស់​ដែល​អ្នក​បាន​បញ្ចូល​មិន​ត្រឹមត្រូវ។"},{"$i":"emMmiErrorNeedPuk2","$v":"បញ្ចូល PUK2 សម្រាប់​ដោះ​សោ​ស៊ីម​កាត"},{"$i":"emMmiErrorMismatchPin","$v":"លេខ PIN ដែល​អ្នក​បញ្ចូល​មិន​ត្រូវ​គ្នា"},{"$i":"emMmiErrorInvalidPin","$v":"បញ្ចូល​លេខ PIN ដែល​មាន​ចំនួន 4 ដល់ 8 ខ្ទង់"},{"$i":"emMmiErrorNeedsPuk","$v":"ស៊ីម​កាត​អ្នក​មាន​ចាក់​សោ PUK"},{"$i":"emMmiErrorEnablePin","$v":"មិន​សម្រេច។ បើក​ការចាក់​សោ​ស៊ីម/RUIM"},{"$i":"emMmiErrorMmiFdn","$v":"កំហិត​ប្រតិបត្តិការ​ចំពោះ​លេខ​ហៅ​ដែល​បាន​កំណត់​ប៉ុណ្ណោះ"},{"$i":"emMmiErrorStkCcUssdDial","$v":"បាន​កែ​សំណើ USSD ទៅ​ជា​សំណើ​ហៅ"},{"$i":"emMmiErrorStkCcUssdSs","$v":"បាន​កែ​សំណើ USSD ទៅ​ជា​សំណើ SS"},{"$i":"emMmiErrorStkCcUssdUssd","$v":"បាន​កែ​សំណើ USSD ទៅ​ជា​សំណើ USSD ថ្មី"},{"$i":"emMmiErrorStkCcSsDial","$v":"បាន​កែ​សំណើ SS ទៅ​ជា​សំណើ​ហៅ"},{"$i":"emMmiErrorStkCcSsUssd","$v":"បាន​កែ​សំណើ SS ទៅ​ជា​សំណើ USSD"},{"$i":"emMmiErrorStkCcSsSs","$v":"បាន​កែ​សំណើ SS ទៅ​ជា​សំណើ SS ថ្មី"},{"$i":"emMmiErrorPinPukAttempts","$v":{"few":["សាក​ឡើង​វិញ​បាន ",{"t":"idOrVar","v":"n"}," ដង​ទៀត"],"many":["សាក​ឡើង​វិញ​បាន ",{"t":"idOrVar","v":"n"}," ដង​ទៀត"],"one":["សាក​បាន ",{"t":"idOrVar","v":"n"}," ដង​ទៀត"],"other":["សាក​ឡើង​វិញ​បាន ",{"t":"idOrVar","v":"n"}," ដង​ទៀត"],"two":["សាក​ឡើង​វិញ​បាន ",{"t":"idOrVar","v":"n"}," ដង​ទៀត"]},"$x":[{"t":"idOrVar","v":"plural"},"n"]},{"$i":"emMmiErrorSimBlocked","$v":"លើស​ចំនួន​សាក​អតិបរមា។ ស៊ីម​ត្រូវ​បាន​បង្ខាំង។"},{"$i":"RadioNotAvailable","$v":"Radio not available"},{"$i":"PasswordIncorrect","$v":"ពាក្យ​សម្ងាត់​ខុស"},{"$i":"SimPin2","$v":"លេខ PIN2 របស់​ស៊ីម"},{"$i":"SimPuk2","$v":"PUK2 ស៊ីម"},{"$i":"RequestNotSupported","$v":"មិន​គាំទ្រ​សំណើ​ទេ"},{"$i":"OpNotAllowedDuringVoiceCall","$v":"មិន​អនុញ្ញាត​ប្រតិបត្តិការ​ពេល​ហៅ​ជា​សំឡេង"},{"$i":"SmsSendFailRetry","$v":"SMS send fail retry"},{"$i":"SimAbsent","$v":"បាត់​ស៊ីម"},{"$i":"SubscriptionNotAvailable","$v":"មិន​អាច​ជាវ​បាន​ទេ"},{"$i":"ModeNotSupported","$v":"មិន​គាំទ្រ​ទម្រង់​នេះ​ទេ"},{"$i":"FdnCheckFailure","$v":"ការពិនិត្យ Fdn មិន​បាន​សម្រេច"},{"$i":"IllegalSimOrMe","$v":"ស៊ីម ឬ ME ខុស​ច្បាប់"},{"$i":"DialModifiedToUssd","$v":"Dial modified to USSD"},{"$i":"DialModifiedToSs","$v":"Dial modified to SS"},{"$i":"DialModifiedToDial","$v":"Dial modified to dial"},{"$i":"UssdModifiedToDial","$v":"បាន​កែ USSD ទៅ​ជា​ការហៅ"},{"$i":"UssdModifiedToSs","$v":"បាន​កែ USSD ទៅ​ជា SS"},{"$i":"UssdModifiedToUssd","$v":"បាន​កែ USSD ទៅ​ជា USSD"},{"$i":"SsModifiedToDial","$v":"បាន​កែ SS ទៅ​ជា​ការហៅ"},{"$i":"SsModifiedToUssd","$v":"បាន​កែ SS ទៅ USSD"},{"$i":"SsModifiedToSs","$v":"បាន​កែ SS ទៅ SS"},{"$i":"SubscriptionNotSupported","$v":"មិន​គាំទ្រ​ការជាវ​ទេ"},{"$i":"InvalidParameter","$v":"ប៉ារ៉ាម៉ែត្រ​មិន​ត្រឹមត្រូវ"},{"$i":"RejectedByRemote","$v":"បាន​បដិសេធ​ពី​ចម្ងាយ"},{"$i":"GetEmptyUssdPrompt","$v":"ទទួលបានចម្លើយដែលគ្មាន។"},{"$i":"label","$v":"ស្លាក"},{"$i":"faxHome","$v":"ទូរសារ​ផ្ទះ"},{"$i":"faxOffice","$v":"ទូរសារ​ការិយាល័យ"},{"$i":"faxOther","$v":"ទូរសារ​ផ្សេង​ទៀត"},{"$i":"another","$v":"មួយ​ទៀត"},{"$i":"other","$v":"ផ្សេង​ទៀត"},{"$i":"tcl-customTag","$v":"ស្លាក​តាម​បំណង"},{"$i":"customTag","$v":"ស្លាក​តាម​បំណង","placeholder":"ស្លាក​តាម​បំណង"},{"$i":"current","$v":"បច្ចុប្បន្ន"},{"$i":"itemWithLabel","$v":[{"t":"idOrVar","v":"label"},", ",{"t":"idOrVar","v":"item"}]},{"$i":"weekday-0-long","$v":"អាទិត្យ"},{"$i":"weekday-1-long","$v":"ចន្ទ"},{"$i":"weekday-2-long","$v":"អង្គារ"},{"$i":"weekday-3-long","$v":"ពុធ"},{"$i":"weekday-4-long","$v":"ព្រហស្បតិ៍"},{"$i":"weekday-5-long","$v":"សុក្រ"},{"$i":"weekday-6-long","$v":"សៅរ៍"},{"$i":"weekday-0-short","$v":"អា"},{"$i":"weekday-1-short","$v":"ច"},{"$i":"weekday-2-short","$v":"អ"},{"$i":"weekday-3-short","$v":"ពុ"},{"$i":"weekday-4-short","$v":"ព្រ"},{"$i":"weekday-5-short","$v":"សុ"},{"$i":"weekday-6-short","$v":"ស"},{"$i":"month-0-long","$v":"មករា"},{"$i":"month-1-long","$v":"កុម្ភៈ"},{"$i":"month-2-long","$v":"មីនា"},{"$i":"month-3-long","$v":"មេសា"},{"$i":"month-4-long","$v":"ឧសភា"},{"$i":"month-5-long","$v":"មិថុនា"},{"$i":"month-6-long","$v":"កក្កដា"},{"$i":"month-7-long","$v":"សីហា"},{"$i":"month-8-long","$v":"កញ្ញា"},{"$i":"month-9-long","$v":"តុលា"},{"$i":"month-10-long","$v":"វិច្ឆិកា"},{"$i":"month-11-long","$v":"ធ្នូ"},{"$i":"month-0-genitive","$v":"មករា"},{"$i":"month-1-genitive","$v":"កុម្ភៈ"},{"$i":"month-2-genitive","$v":"មីនា"},{"$i":"month-3-genitive","$v":"មេសា"},{"$i":"month-4-genitive","$v":"ឧសភា"},{"$i":"month-5-genitive","$v":"មិថុនា"},{"$i":"month-6-genitive","$v":"កក្កដា"},{"$i":"month-7-genitive","$v":"សីហា"},{"$i":"month-8-genitive","$v":"កញ្ញា"},{"$i":"month-9-genitive","$v":"តុលា"},{"$i":"month-10-genitive","$v":"វិច្ឆិកា"},{"$i":"month-11-genitive","$v":"ធ្នូ"},{"$i":"month-0-short","$v":"មករា"},{"$i":"month-1-short","$v":"កុម្ភៈ"},{"$i":"month-2-short","$v":"មីនា"},{"$i":"month-3-short","$v":"មេសា"},{"$i":"month-4-short","$v":"ឧសភា"},{"$i":"month-5-short","$v":"មិថុនា"},{"$i":"month-6-short","$v":"កក្កដា"},{"$i":"month-7-short","$v":"សីហា"},{"$i":"month-8-short","$v":"កញ្ញា"},{"$i":"month-9-short","$v":"តុលា"},{"$i":"month-10-short","$v":"វិច្ឆិកា"},{"$i":"month-11-short","$v":"ធ្នូ"},{"$i":"minutes-ago-long","$v":{"few":[{"t":"idOrVar","v":"value"}," នាទី​មុន"],"many":[{"t":"idOrVar","v":"value"}," នាទី​មុន"],"one":"មួយ​នាទី​មុន","other":[{"t":"idOrVar","v":"value"}," នាទី​មុន"],"two":[{"t":"idOrVar","v":"value"}," នាទី​មុន"],"zero":"អម្បាញ់​មិញ"},"$x":[{"t":"idOrVar","v":"plural"},"value"]},{"$i":"hours-ago-long","$v":{"few":[{"t":"idOrVar","v":"value"}," ម៉ោង​មុន"],"many":[{"t":"idOrVar","v":"value"}," ម៉ោង​មុន"],"one":"មួយ​ម៉ោង​មុន","other":[{"t":"idOrVar","v":"value"}," ម៉ោង​មុន"],"two":[{"t":"idOrVar","v":"value"}," ម៉ោង​មុន"],"zero":"អម្បាញ់​មិញ"},"$x":[{"t":"idOrVar","v":"plural"},"value"]},{"$i":"days-ago-long","$v":{"few":[{"t":"idOrVar","v":"value"}," ថ្ងៃ​មុន"],"many":[{"t":"idOrVar","v":"value"}," ថ្ងៃ​មុន"],"one":"ម្សិល​មិញ","other":[{"t":"idOrVar","v":"value"}," ថ្ងៃ​មុន"],"two":[{"t":"idOrVar","v":"value"}," ថ្ងៃ​មុន"],"zero":"ថ្ងៃ​នេះ"},"$x":[{"t":"idOrVar","v":"plural"},"value"]},{"$i":"weeks-ago-long","$v":{"few":[{"t":"idOrVar","v":"value"}," សប្ដាហ៍​មុន"],"many":[{"t":"idOrVar","v":"value"}," សប្ដាហ៍​មុន"],"one":"សប្ដាហ៍​មុន","other":[{"t":"idOrVar","v":"value"}," សប្ដាហ៍​មុន"],"two":[{"t":"idOrVar","v":"value"}," សប្ដាហ៍​មុន"],"zero":"សប្ដាហ៍​នេះ"},"$x":[{"t":"idOrVar","v":"plural"},"value"]},{"$i":"months-ago-long","$v":{"few":[{"t":"idOrVar","v":"value"}," ខែ​មុន"],"many":[{"t":"idOrVar","v":"value"}," ខែ​មុន"],"one":"ខែ​មុន","other":[{"t":"idOrVar","v":"value"}," ខែ​មុន"],"two":[{"t":"idOrVar","v":"value"}," ខែ​មុន"],"zero":"ខែ​នេះ"},"$x":[{"t":"idOrVar","v":"plural"},"value"]},{"$i":"years-ago-long","$v":{"few":[{"t":"idOrVar","v":"value"}," ឆ្នាំ​មុន"],"many":[{"t":"idOrVar","v":"value"}," ឆ្នាំ​មុន"],"one":"ឆ្នាំ​មុន","other":[{"t":"idOrVar","v":"value"}," ឆ្នាំ​មុន"],"two":[{"t":"idOrVar","v":"value"}," ឆ្នាំ​មុន"],"zero":"ឆ្នាំ​នេះ"},"$x":[{"t":"idOrVar","v":"plural"},"value"]},{"$i":"minutes-until-long","$v":{"few":["ក្នុង​ពេល ",{"t":"idOrVar","v":"value"}," នាទី"],"many":["ក្នុង​ពេល ",{"t":"idOrVar","v":"value"}," នាទី"],"one":"ក្នុង​ពេល​មួយ​នាទី","other":["ក្នុង​ពេល ",{"t":"idOrVar","v":"value"}," នាទី"],"two":["ក្នុង​ពេល ",{"t":"idOrVar","v":"value"}," នាទី"],"zero":"ឥឡូវ"},"$x":[{"t":"idOrVar","v":"plural"},"value"]},{"$i":"hours-until-long","$v":{"few":["ក្នុង​ពេល ",{"t":"idOrVar","v":"value"}," ម៉ោង"],"many":["ក្នុង​ពេល ",{"t":"idOrVar","v":"value"}," ម៉ោង"],"one":"ក្នុង​ពេល​មួយ​ម៉ោង","other":["ក្នុង​ពេល ",{"t":"idOrVar","v":"value"}," ម៉ោង"],"two":["ក្នុង​ពេល ",{"t":"idOrVar","v":"value"}," ម៉ោង"],"zero":"ឥឡូវ"},"$x":[{"t":"idOrVar","v":"plural"},"value"]},{"$i":"days-until-long","$v":{"few":["ក្នុង​ពេល ",{"t":"idOrVar","v":"value"}," ថ្ងៃ"],"many":["ក្នុង​ពេល ",{"t":"idOrVar","v":"value"}," ថ្ងៃ"],"one":"ស្អែក","other":["ក្នុង​ពេល ",{"t":"idOrVar","v":"value"}," ថ្ងៃ"],"two":["ក្នុង​ពេល ",{"t":"idOrVar","v":"value"}," ថ្ងៃ"],"zero":"ថ្ងៃ​នេះ"},"$x":[{"t":"idOrVar","v":"plural"},"value"]},{"$i":"weeks-until-long","$v":{"few":["ក្នុង​ពេល ",{"t":"idOrVar","v":"value"}," សប្ដាហ៍"],"many":["ក្នុង​ពេល ",{"t":"idOrVar","v":"value"}," សប្ដាហ៍"],"one":"សប្ដាហ៍​ក្រោយ","other":["ក្នុង​ពេល ",{"t":"idOrVar","v":"value"}," សប្ដាហ៍"],"two":["ក្នុង​ពេល ",{"t":"idOrVar","v":"value"}," សប្ដាហ៍"],"zero":"សប្ដាហ៍​នេះ"},"$x":[{"t":"idOrVar","v":"plural"},"value"]},{"$i":"months-until-long","$v":{"few":["ក្នុង​ពេល ",{"t":"idOrVar","v":"value"}," ខែ"],"many":["ក្នុង​ពេល ",{"t":"idOrVar","v":"value"}," ខែ"],"one":"ខែ​ក្រោយ","other":["ក្នុង​ពេល ",{"t":"idOrVar","v":"value"}," ខែ"],"two":["ក្នុង​ពេល ",{"t":"idOrVar","v":"value"}," ខែ"],"zero":"ខែ​នេះ"},"$x":[{"t":"idOrVar","v":"plural"},"value"]},{"$i":"years-until-long","$v":{"few":["ក្នុង​ពេល ",{"t":"idOrVar","v":"value"}," ឆ្នាំ"],"many":["ក្នុង​ពេល ",{"t":"idOrVar","v":"value"}," ឆ្នាំ"],"one":"ឆ្នាំ​ក្រោយ","other":["ក្នុង​ពេល ",{"t":"idOrVar","v":"value"}," ឆ្នាំ"],"two":["ក្នុង​ពេល ",{"t":"idOrVar","v":"value"}," ឆ្នាំ"],"zero":"ឆ្នាំ​នេះ"},"$x":[{"t":"idOrVar","v":"plural"},"value"]},{"$i":"minutes-ago-short","$v":{"other":[{"t":"idOrVar","v":"value"}," នា. មុន"],"zero":"អម្បាញ់​មិញ"},"$x":[{"t":"idOrVar","v":"plural"},"value"]},{"$i":"hours-ago-short","$v":{"other":[{"t":"idOrVar","v":"value"}," ម៉. មុន"],"zero":"អម្បាញ់​មិញ"},"$x":[{"t":"idOrVar","v":"plural"},"value"]},{"$i":"days-ago-short","$v":{"other":[{"t":"idOrVar","v":"value"}," ថ្ងៃ​មុន"],"zero":"ថ្ងៃ​នេះ"},"$x":[{"t":"idOrVar","v":"plural"},"value"]},{"$i":"minutes-until-short","$v":{"other":["ក្នុង​ពេល ",{"t":"idOrVar","v":"value"}," នា"],"zero":"ឥឡូវ"},"$x":[{"t":"idOrVar","v":"plural"},"value"]},{"$i":"hours-until-short","$v":{"other":["ក្នុងពេល  ",{"t":"idOrVar","v":"value"}," ម៉"],"zero":"ឥឡូវ"},"$x":[{"t":"idOrVar","v":"plural"},"value"]},{"$i":"days-until-short","$v":{"other":["ក្នុង​ពេល ",{"t":"idOrVar","v":"value"}," ថ្ងៃ"],"zero":"ថ្ងៃ​នេះ"},"$x":[{"t":"idOrVar","v":"plural"},"value"]},{"$i":"incorrectDate","$v":"(កាល​បរិច្ឆេទ​ខុស)"},{"$i":"dateTimeFormat_%c","$v":"%a %b %e %Y %I:%M:%S %p"},{"$i":"dateTimeFormat_%x","$v":"%d/%m/%Y"},{"$i":"dateTimeFormat_%X","$v":"%I:%M:%S %p"},{"$i":"shortTimeFormat","$v":"%I:%M %p"},{"$i":"shortTimeFormat12","$v":"%I:%M %p"},{"$i":"shortTimeFormat24","$v":"%H:%M"},{"$i":"shortDateTimeFormat","$v":"%x %I:%M %p"},{"$i":"weekStartsOnMonday","$v":"0.0"},{"$i":"firstDayOfTheWeek","$v":"0.0"},{"$i":"time_am","$v":"ព្រឹក"},{"$i":"time_pm","$v":"រសៀល"}]