[{"$i":"search-or-enter-address","placeholder":"ຄົ້ນຫາຂໍ້ມູນທີ່ຢູ່"},{"$i":"delete-title","$v":["ລຶບ ",{"t":"idOrVar","v":"name"}]},{"$i":"delete-body","$v":[{"t":"idOrVar","v":"name"}," ແລະ ຂໍ້ມູນທັງໝົດຈະຖືກລຶບ."]},{"$i":"delete","$v":"ລຶບ"},{"$i":"cancel","$v":"ຍົກເລີກ"},{"$i":"apps","$v":"ແອັບຕ່າງໆ"},{"$i":"menu","$v":"ລາຍການ"},{"$i":"notifications","$v":"ຄຳເຕືອນ"},{"$i":"speed-dial","$v":"ໂທດ່ວນ"},{"$i":"select","$v":"ເລືອກ"},{"$i":"move","$v":"ຍ້າຍ"},{"$i":"ok","$v":"ຕົກລົງ"},{"$i":"set","$v":"ຕັ້ງຄ່າ"},{"$i":"edit","$v":"ແກ້ໄຂ"},{"$i":"call","$v":"ການໂທ"},{"$i":"message","$v":"ຂໍ້ຄວາມ"},{"$i":"options","$v":"ຕົວເລືອກ"},{"$i":"assign","$v":"ສັ່ງງານ"},{"$i":"remove","$v":"ລຶບອອກ"},{"$i":"replace","$v":"ແທນທີ່"},{"$i":"more","$v":"ຂໍ້ຄວາມອື່ນ"},{"$i":"settings","$v":"ການຕັ້ງຄ່າ"},{"$i":"contacts","$v":"ລາຍຊື່ຜູ່ຕິດຕໍ່"},{"$i":"list-view","$v":"ລາຍການເບິ່ງ"},{"$i":"grid-view","$v":"ມູມມອງຕາໜ່າງ"},{"$i":"single-view","$v":"ເບິ່ງຮູບດ່ຽວ"},{"$i":"skip","$v":"ຜ່ານ"},{"$i":"shortcuts","$v":"ທາງລັດ"},{"$i":"next","$v":"ຕໍ່ໄປ"},{"$i":"instant-settings","$v":"ການຕັ້ງຄ່າທັນທີ"},{"$i":"flashlight","$v":"ໄຟສາຍ"},{"$i":"brightness","$v":"ຄວາມສະຫວ່າງ"},{"$i":"volume","$v":"ບໍ​ລິ​ມາດ"},{"$i":"camera","$v":"ກ້ອງ"},{"$i":"calculator","$v":"ຈັກ​ຄິດ​ໄລ່"},{"$i":"airplane-mode","$v":"ໂໝດເຄື່ອງບິນ"},{"$i":"wifi","$v":"Wi-Fi"},{"$i":"bluetooth","$v":"ບລູທູດ"},{"$i":"cellular-data","$v":"ຂໍ້ມູນໂທລະສັບມືຖື"},{"$i":"on","$v":"ເປີດ"},{"$i":"off","$v":"ປິດ"},{"$i":"percentage-number","$v":[{"t":"idOrVar","v":"number"},"%"]},{"$i":"voicemail","$v":"ຂໍ້ຄວາມສຽງ"},{"$i":"speed-dial-not-empty","ariaLabel":[{"t":"idOrVar","v":"order"},", ",{"t":"idOrVar","v":"name"}]},{"$i":"speed-dial-empty","ariaLabel":[{"t":"idOrVar","v":"order"},", ວ່າງເປົ່າ"]},{"$i":"remove-speed-dial","$v":["ທ່ານໝັ້ນໃຈຫຼືບໍ່ວ່າ ຕ້ອງການຍ້າຍ ",{"t":"idOrVar","v":"name"}," ຈາກການໂທດ່ວນ?"]},{"$i":"replace-speed-dial","$v":["ທ່ານໝັ້ນໃຈຫຼືບໍ່ວ່າ ຕ້ອງການຍ້າຍ ",{"t":"idOrVar","v":"name"}," ກັບ ",{"t":"idOrVar","v":"subName"},"?"]},{"$i":"assign-speed-dial","$v":["ບໍ່ໄດ້ເພີ່ມຊື່ຕິດຕໍ່ເປັນປຸ່ມ ໂທດ່ວນທີ່ປຸ່ມ ",{"t":"idOrVar","v":"n"},".ທ່ານຕ້ອງການກຳນົດຕອນນີ້ ຫຼືບໍ່?"]},{"$i":"assign-voicemail","$v":"ຍັງບໍ່ມີການຕັ້ງຄ່າຈຳນວນ ຂໍ້ຄວາມສຽງ."},{"$i":"alert-for-contacts-without-number","$v":"ບໍ່ມີລາຍຊື່ຜູ້ຕິດຕໍ່ໃນເບີໂທລະສັບທີ່ນໍາໃຊ້."},{"$i":"option-remove","$v":"ລຶບອອກຈາກການໂທດ່ວນ"},{"$i":"option-replace","$v":"ແທນທີ່"},{"$i":"all-apps","$v":"ແອັບພລິເຄຊັນທັງໝົດ"},{"$i":"uninstall","$v":"ລຶບການຕິດຕັ້ງ"},{"$i":"confirm-to-uninstall-app","$v":["ຖອນການຕິດຕັ້ງແອັບຯ ",{"t":"idOrVar","v":"appName"}," ຫຼືບໍ່?"]},{"$i":"confirm-to-unpin-bookmark","$v":"ຖອນໝຸດເວັບໄຊນີ້ບໍ່?"},{"$i":"unpin","$v":"ຍົກເລີກປັກໝຸດ"},{"$i":"rename","$v":"ຕັ້ງຊື່ໃໝ່"},{"$i":"title","$v":"ຫົວຂໍ້"},{"$i":"add-to-existing-contact","$v":"ເພີ່ມເຂົ້າຊື່ຕິດຕໍ່ທີ່ມີຢູ່ແລ້ວ"},{"$i":"create-new-contact","$v":"ສ້າງລາຍຊື່ຜູ່ຕິດຕໍ່ໃໝ່"},{"$i":"sending","$v":"ກຳລັງສົ່ງ…"},{"$i":"video-call","$v":"ໂທວິດີໂອ"},{"$i":"rtt-call","$v":"ການໂທ RTT"},{"$i":"callAirplaneModeTitle","$v":"ເປີດນຳໃຊ້ໂໝດເຄື່ອງບິນ ແລ້ວ"},{"$i":"callAirplaneModeMessage","$v":"ເພື່ອຈະໂທອອກ ທ່ານຕ້ອງປິດ ໂໝດເຄື່ອງບິນໃນການຕັ້ງຄ່າ."},{"$i":"emergencyDialogTitle","$v":"ເຄືອຂ່າຍບໍ່ເຊື່ອມຕໍ່"},{"$i":"emergencyDialogBodyBadNumber","$v":"ເມື່ອຕ້ອງການໂທ, ໂທລະສັບຕ້ອງເຊື່ອມຕໍ່ກັບເຄືອຂ່າຍ."},{"$i":"emergencyDialogBodyDeviceNotAccepted","$v":"ທາງເຄືອຂ່າຍບໍ່ໄດ້ ໃຫ້ອານຸຍາດນຳໃຊ້ ການໂທສຸກເສີນ"},{"$i":"invalidNumberToDialTitle","$v":"ໝາຍເລກໂທລະສັບບໍ່ຖືກຕ້ອງ"},{"$i":"invalidNumberToDialMessage","$v":"ໝາຍເລກໂທລະສັບທີ່ທ່ານ ກຳລັງໂທບໍ່ຖືກຕ້ອງ."},{"$i":"emergency-call-only","$v":"ສະເພາະການໂທສຸກເສີນ"},{"$i":"emergency-call-error","$v":[{"t":"idOrVar","v":"number"}," ບໍ່ແມ່ນເບີໂທສຸກເສີນ."]},{"$i":"numberIsBusyTitle","$v":"ໝາຍເລກໂທລະສັບຍັງບໍ່ວ່າງ"},{"$i":"numberIsBusyMessage","$v":"ໝາຍເລກທີ່ທ່ານເອີ້ນຍັງ ບໍ່ຫວ່າງ. ກະລຸນາໂທໃໝ່ ໃນຄັ້ງໜ້າ."},{"$i":"fdnIsActiveTitle","$v":"FDN ຖືກນຳໃຊ້ຢູ່"},{"$i":"fdnIsActiveMessage","$v":["FDN (ເບີກຳນົດແທນເບີໂທ) ໄດ້ຖືກເປີດນຳໃຊ້ ແລະເບີດັ່ງຕໍ່ໄປນີ້ ແມ່ນບໍ່ຢູ່ໃນ ລາຍການ FDN ຂອງທ່ານ: ",{"t":"idOrVar","v":"number"}]},{"$i":"otherConnectionInUseTitle","$v":"ການເຊື່ອມຕໍ່ອື່ນກຳລັງໃຊ້ງານ"},{"$i":"otherConnectionInUseMessage","$v":"ທ່ານມີສາຍທີ່ໃຊ້ງານໄດ້ໃນ ການເຊື່ອມຕໍ່ກັບສາຍອື່ນໆ. ທ່ານສາມາດໃຊ້ການເຊື່ອມຕໍ່ ໄດ້ພຽງຄັ້ງລະເທື່ອເທົ່ານັ້ນ."},{"$i":"GenericFailure","$v":"ຄວາມລົ້ມເຫຼວທົ່ວໄປ"},{"$i":"CallFailed","$v":"ໂທບໍ່ສຳເລັດ"},{"$i":"scCallBarring","$v":"ຈຳກັດການໂທ"},{"$i":"scCallForwarding","$v":"ການໂອນສາຍ"},{"$i":"scClip","$v":"ID ຜູ້ໂທເຂົ້າ"},{"$i":"scClir","$v":"ID ຜູ່ໂທອອກ"},{"$i":"scPwd","$v":"ປ່ຽນລະຫັດຜ່ານໃໝ່"},{"$i":"scCallWaiting","$v":"ການລໍຖ້າສາຍ"},{"$i":"scPin","$v":"ປ່ຽນລະຫັດ PIN"},{"$i":"scPin2","$v":"ປ່ຽນລະຫັດ PIN2"},{"$i":"scPuk","$v":"ປົດລັອກ PIN"},{"$i":"scPuk2","$v":"ປົດລັອກ PIN2"},{"$i":"scImei","$v":"IMEI"},{"$i":"scMeid","$v":"MEID"},{"$i":"scUssd","$v":"USSD"},{"$i":"deviceIsUnlocked","$v":"ອຸປະກອນຖືກປົດລັອກແລ້ວ"},{"$i":"simUnlockCodeAccepted","$v":"ຍອມຮັບລະຫັດປົດລັອກ SIM ແລ້ວ"},{"$i":"simUnlockCodeFailed","$v":"ການປົດລັອກ SIM ບໍ່ສຳເລັດ"},{"$i":"personal","$v":"ຄວາມເປັນສ່ວນຕົວ"},{"$i":"mobile","$v":"ໂທລະສັບມືຖື"},{"$i":"home","$v":"ໜ້າຫລັກ"},{"$i":"work","$v":"ວຽກງານ"},{"$i":"fax-home","$v":"ໂທລະສານບ້ານ"},{"$i":"fax-office","$v":"ໂທລະຫານຫ້ອງການ"},{"$i":"fax-other","$v":"ໂທລະສານອື່ນໆ"},{"$i":"homescreen-settings","$v":"ການຕັ້ງຄ່າໜ້າຈໍຫຼັກ"},{"$i":"change-wallpaper","$v":"ປ່ຽນວໍເປເປີ"},{"$i":"add-smart-collections","$v":"ເພີ່ມການຈັດລຽງແບບອັດສະ ລິຍະ"},{"$i":"edit-mode","$v":"ແກ້ໄຂ"},{"$i":"edit-done","$v":"ສຳເລັດ"},{"$i":"tutorial-for-side-menu-1","$v":"ກົດປຸ່ມ ຊ້າຍ ເພື່ອເຂົ້າເຖິງແອັບຯທາງດ້ານຊ້າຍ."},{"$i":"tutorial-for-instant-settings-1","$v":"ກົດປຸ່ມ ເທິງ ສຳລັບການຕັ້ງຄ່າທີ່ໃຊ້ກັນທົ່ວໄປ."},{"$i":"tutorial-for-notices","$v":"ກົດປຸ່ມ ຂວາ ເພື່ອເບິ່ງແຈ້ງການໃໝ່."},{"$i":"tutorial-for-google-assistant-1","$v":"ກົດຄ້າງໃສ່ ຕົກລົງ ເພື່ອເວົ້າ."},{"$i":"tutorial-for-voice-input-1","$v":"ກົດຄ້າງໃສ່ ຕົກລົງ ເພື່ອເວົ້າໃນຂົງເຂດຂໍ້ຄວາມ."},{"$i":"stop-download-title","$v":["ຢຸດ ",{"t":"idOrVar","v":"name"}]},{"$i":"stop-download-body","$v":"ທ່ານຕ້ອງການຢຸຕິການດາວ ໂຫຼດທີ່ກຳລັງດຳເນີນຢູ່ບໍ່?"},{"$i":"stop-download-action","$v":"ຢຸດ"},{"$i":"resume-download-title","$v":"ເລີ່ມການດາວໂຫຼດຄືນໃໝ່"},{"$i":"resume-download-body","$v":["ທ່ານຕ້ອງການດາວໂຫຼດ ",{"t":"idOrVar","v":"name"}," ບໍ່?"]},{"$i":"resume-download-action","$v":"ດາວໂຫຼດ"},{"$i":"edit-group-header","$v":"ແກ້ໄຂກຸ່ມ"},{"$i":"tcl-wallpaper-changed","$v":"ໄດ້ປ່ຽນເຈ້ຍແຜ່ນແລ້ວ"},{"$i":"gaia-shortcut-app-updated","$v":"ໄດ້ອັບເດດແອັບແລ້ວ"},{"$i":"clocks-updated","$v":"ອັບເດດໂມງແລ້ວ"},{"$i":"longDateFormat","$v":"%A, %B %e"},{"$i":"app-title","$v":"ແອັບຂອງຂ້າພະເຈົ້າ"},{"$i":"app-uninstall","$v":[{"t":"idOrVar","v":"name"}," ໄດ້ຖືກຖອນຕິດຕັ້ງແລ້ວ"]},{"$i":"confirmation","$v":"ການຢືນຢັນ"},{"$i":"noSimCard","$v":"ບໍ່ມີເບີຊິມ"},{"$i":"noService","$v":"ບໍ່ມີບໍລິການ"},{"$i":"eccOnly","$v":"Emergency calls only"},{"$i":"emergencyCallsOnly","$v":"Emergency calls only"},{"$i":"searching","$v":"ກຳລັງຄົ້ນຫາ…"},{"$i":"lockedSim","$v":"ລັອກ SIM ແລ້ວ"},{"$i":"clockDateFormat","$v":"%a, %e %b"},{"$i":"apn-sim1","$v":"APN Settings - SIM1"},{"$i":"apn-sim2","$v":"APN Settings - SIM2"},{"$i":"apnDefaultConfig","$v":"APN Default Config"},{"$i":"apn-defaultconfig-message","$v":"Set which type of apn to used"},{"$i":"apnConfigPostpay","$v":"Postpay APN"},{"$i":"apnConfigPrepay","$v":"Prepay APN"},{"$i":"qtn_sm_toast_set_ICE_first","$v":"ບໍ່ມີຊື່ຕິດຕໍ່ ICE, ກະລຸນາໄປທີ່ການຕັ້ງຄ່າຊື່ຕິດຕໍ່ ຫຼື ເມນູຕົວເລືອກຂອງຂໍ້ມູນ ICE"},{"$i":"qtn_sm_toast_google_assist","$v":"ກົດຄ້າງໄວ້ ຫຼື ກົດສອງຄັ້ງ ສຳລັບ ຕົວຊ່ວຍ Google"},{"$i":"qtn_sm_toast_sos_call_msg","$v":"ກົດຄ້າງໄວ້ ຫຼື ກົດສອງຄັ້ງ ສຳລັບ ການໂທ SOS / ຂໍ້ຄວາມ SOS"},{"$i":"nocard-eccOnly","$v":"No SIM card-Emergency calls only"},{"$i":"unusablecard-eccOnly","$v":"Unusable SIM card-Emergency calls only"},{"$i":"sim-with-index-and-carrier","$v":["SIM ",{"t":"idOrVar","v":"index"}," - ",{"t":"idOrVar","v":"carrier"}]},{"$i":"sim-without-carrier","$v":["SIM ",{"t":"idOrVar","v":"index"}]},{"$i":"call-forwarding-async","$v":["ບໍ່ກົງກັນ: ",{"t":"idOrVar","v":"async"}]},{"$i":"call-forwarding-data","$v":["ເຊື່ອມຕໍ່ຂໍ້ມູນ: ",{"t":"idOrVar","v":"data"}]},{"$i":"call-forwarding-error","$v":"ເກີດຂໍ້ຜິດພາດຂະນະຮຽກ ສະຖານະການໂອນສາຍ"},{"$i":"call-forwarding-fax","$v":["FAX: ",{"t":"idOrVar","v":"fax"}]},{"$i":"call-forwarding-inactive","$v":"ການໃຊ້ງານ"},{"$i":"call-forwarding-packet","$v":["ຫຸ້ມຫໍ່: ",{"t":"idOrVar","v":"packet"}]},{"$i":"call-forwarding-pad","$v":["PAD: ",{"t":"idOrVar","v":"pad"}]},{"$i":"call-forwarding-sms","$v":["SMS: ",{"t":"idOrVar","v":"sms"}]},{"$i":"call-forwarding-status","$v":"ສະຖານະການໂອນສາຍ"},{"$i":"call-forwarding-sync","$v":["ຊີ້ງພ້ອມກັນ: ",{"t":"idOrVar","v":"sync"}]},{"$i":"call-forwarding-voice","$v":["ສຽງ: ",{"t":"idOrVar","v":"voice"}]},{"$i":"call-forwarding-voice-after-seconds","$v":["ສຽງ: ",{"t":"idOrVar","v":"voice"}," ຫຼັງຈາກ ",{"t":"idOrVar","v":"timeSeconds"}," ວິນາທີ"]},{"$i":"fihVersion","$v":"FIH Version"},{"$i":"serviceClassVoice","$v":"ສຽງ"},{"$i":"serviceClassData","$v":"ຂໍ້ມູນ"},{"$i":"serviceClassFax","$v":"FAX"},{"$i":"serviceClassSms","$v":"SMS"},{"$i":"serviceClassDataSync","$v":"ຊິ້ງຂໍ້ມູນ"},{"$i":"serviceClassDataAsync","$v":"Async"},{"$i":"serviceClassPacket","$v":"ຫຸ້ມຫໍ່"},{"$i":"serviceClassPad","$v":"PAD"},{"$i":"smServiceEnabled","$v":"ບໍລິການຖືກເປີດໃຊ້"},{"$i":"smServiceDisabled","$v":"ບໍລິການໄດ້ຖືກປິດໃຊ້ງານ"},{"$i":"smServiceRegistered","$v":"ການລົງທະບຽນໄດ້ສຳເລັດ"},{"$i":"smServiceErased","$v":"ໄດ້ສຳເລັດການລຶບລ້າງ ຢ່າງສົມບູນ"},{"$i":"smServiceInterrogated","$v":"ຄຳຂໍໄດ້ສຳເລັດແລ້ວ"},{"$i":"smServiceNotProvisioned","$v":"ບໍລິການບໍໄດ້ຮັບການສະໜອງ"},{"$i":"smClirPermanent","$v":"ທ່ານບໍ່ສາມາດປ່ຽນການຕັ້ງຄ່າ ID ຜູ່ໂທ"},{"$i":"smClirDefaultOnNextCallOn","$v":"ລະຫັດ ID ຜູ່ໂທເຂົ້າເປັນ ຄ່າເລີ່ມຕົ້ນແບບຈຳກັດ. ການໂທຄັ້ງຕໍ່ໄປ: ຈຳກັດ"},{"$i":"smClirDefaultOnNextCallOff","$v":"ລະຫັດ ID ຜູ່ໂທເຂົ້າເປັນ ຄ່າເລີ່ມຕົ້ນແບບຈຳກັດ. ການໂທຄັ້ງຕໍ່ໄປ: ບໍ່ຈຳກັດ"},{"$i":"smClirDefaultOffNextCallOn","$v":"ລະຫັດ ID ຜູ່ໂທເຂົ້າເປັນ ຄ່າເລີ່ມຕົ້ນແບບບໍ່ຈຳກັດ. ການໂທຄັ້ງຕໍ່ໄປ: ຈຳກັດ"},{"$i":"smClirDefaultOffNextCallOff","$v":"ລະຫັດ ID ຜູ່ໂທເຂົ້າເປັນ ຄ່າເລີ່ມຕົ້ນແບບບໍ່ຈຳກັດ. ການໂທຄັ້ງຕໍ່ໄປ: ບໍ່ຈຳກັດ"},{"$i":"smServiceEnabledFor","$v":"ບໍລິການຖືກເປີດໃຊ້ເພື່ອ:"},{"$i":"smPinChanged","$v":"ປ່ຽນລະຫັດ PIN ສຳເລັດ"},{"$i":"smPinUnblocked","$v":"ປົດລັອກລະຫັດ PIN ສຳເລັດ"},{"$i":"smPin2Changed","$v":"ປ່ຽນລະຫັດ PIN2 ສຳເລັດ"},{"$i":"smPin2Unblocked","$v":"ປົດລັອກລະຫັດ PIN2 ສຳເລັດ"},{"$i":"ServiceIsEnabled","$v":"ບໍລິການຖືກເປີດໃຊ້ງານ"},{"$i":"ServiceIsDisabled","$v":"ບໍລິການຖືກປິດໃຊ້ງານ"},{"$i":"ServiceIsEnabledFor","$v":"ບໍລິການຖືກເປີດໃຊ້ງານເພື່ອ:"},{"$i":"emMmiError","$v":"ການເຊື່ອມຕໍ່ມີບັນຫາ ຫຼື ລະຫັດ MMI ໝົດອາຍຸການໃຊ້ງານ"},{"$i":"emMmiErrorPasswordIncorrect","$v":"ລະຫັດຜ່ານບໍ່ຖືກຕ້ອງ"},{"$i":"emMmiErrorNotSupported","$v":"ລະຫັດ MMI ບໍ່ຖືກຕ້ອງ ຫຼືບໍ່ໄດ້ຮັບການສະໜັບສະໜູນ"},{"$i":"emMmiErrorInvalidAction","$v":"ລະບົບເຮັດວຽກບໍ່ຖືກຕ້ອງ"},{"$i":"emMmiErrorInvalidScCode","$v":"ລະຫັດການບໍລິການບໍ່ຖືກຕ້ອງ"},{"$i":"emMmiErrorBadPuk","$v":"ລະຫັດ PUK ທີ່ທ່ານພິມບໍ່ຖືກຕ້ອງ"},{"$i":"emMmiErrorBadPin","$v":"PIN ເກົ່າທີ່ທ່ານປ້ອນບໍ່ຖືກຕ້ອງ."},{"$i":"emMmiErrorNeedPuk2","$v":"ປ້ອນລະຫັດ PUK2 ເພື່ອໃຫ້ນຳໃຊ້ຊິມ"},{"$i":"emMmiErrorMismatchPin","$v":"ລະຫັດ PINs ທີ່ທ່ານປ້ອນບໍ່ກົງກັນ."},{"$i":"emMmiErrorInvalidPin","$v":"ປ້ອນລະຫັດພິນ ທີ່ມີ 4 ຫຼື 8 ໂຕເລກ"},{"$i":"emMmiErrorNeedsPuk","$v":"ບັດຊິມຂອງທ່ານຖືກລັອກໃສ່ PUK"},{"$i":"emMmiErrorEnablePin","$v":"ຍັງບໍ່ທັນສຳເລັດ. ເປີດໃຊ້ງານ SIM/RUIM LOCK"},{"$i":"emMmiErrorMmiFdn","$v":"ການດຳເນີນການແມ່ນມີການ ຈຳກັດສະເພາະໝາຍເລກໂທອອກເທົ່ານັ້ນ"},{"$i":"emMmiErrorStkCcUssdDial","$v":"ຄຳຂໍ USSD ຖືກປ່ຽນແທນເປັນຄຳຂໍ DIAL"},{"$i":"emMmiErrorStkCcUssdSs","$v":"ຄຳຂໍ USSD ໄດ້ຮັບການແກ້ໄຂຕາມຄຳຂໍ SS"},{"$i":"emMmiErrorStkCcUssdUssd","$v":"ຄຳຂໍ USSD ໄດ້ຮັບການແກ້ໄຂເພື່ອຂໍ USSD ໃໝ່"},{"$i":"emMmiErrorStkCcSsDial","$v":"ການຮ້ອງຂໍ SS ໄດ້ຖືກດັດແກ້ເພື່ອໃຫ້ໂທ"},{"$i":"emMmiErrorStkCcSsUssd","$v":"ການຮ້ອງຂໍ SS ໄດ້ຖືກດັດແກ້ການຮ້ອງຂໍ USSD"},{"$i":"emMmiErrorStkCcSsSs","$v":"ການຮ້ອງຂໍ SS ໄດ້ຖືກດັດແກ້ ການຮ້ອງຂໍ SS ໃໝ່"},{"$i":"emMmiErrorPinPukAttempts","$v":{"few":["ຍັງລອງໄດ້ອີກ ",{"t":"idOrVar","v":"n"}," ເທື່ອ"],"many":["ຍັງລອງໄດ້ອີກ ",{"t":"idOrVar","v":"n"}," ເທື່ອ"],"one":["ລອງໃໝ່ໄດ້ ",{"t":"idOrVar","v":"n"},"ຄັ້ງເທົ່ານັ້ນ"],"other":["ຍັງລອງໄດ້ອີກ ",{"t":"idOrVar","v":"n"}," ເທື່ອ"],"two":["ຍັງລອງໄດ້ອີກ ",{"t":"idOrVar","v":"n"}," ເທື່ອ"]},"$x":[{"t":"idOrVar","v":"plural"},"n"]},{"$i":"emMmiErrorSimBlocked","$v":"ການລອງໃໝ່ເກີນຈຳນວນ ຄັ້ງທີ່ກຳນົດໄວ້. ຊິມໄດ້ຖືກລັອກແລ້ວ."},{"$i":"RadioNotAvailable","$v":"Radio not available"},{"$i":"PasswordIncorrect","$v":"ລະຫັດຜ່ານບໍ່ຖືກຕ້ອງ"},{"$i":"SimPin2","$v":"SIM PIN2"},{"$i":"SimPuk2","$v":"SIM PUK2"},{"$i":"RequestNotSupported","$v":"ຄໍາຂໍບໍ່ຖືກຮອງຮັບ"},{"$i":"OpNotAllowedDuringVoiceCall","$v":"ບໍ່ອະນຸຍາດໃຫ້ດຳເນີນການ ໃນລະຫວ່າງການໂທດ້ວຍສຽງ"},{"$i":"SmsSendFailRetry","$v":"ສົ່ງ SMS ບໍ່ສຳເລັດ ລອງອີກຄັ້ງ"},{"$i":"SimAbsent","$v":"SIM ບໍ່ຢູ່"},{"$i":"SubscriptionNotAvailable","$v":"ບໍ່ມີການຕິດຕາມ"},{"$i":"ModeNotSupported","$v":"ໂໝດບໍ່ສະໜັບສະໜູນ"},{"$i":"FdnCheckFailure","$v":"ກວດສອບ Fdn ຜິດຜາດ"},{"$i":"IllegalSimOrMe","$v":"ຊິມບໍ່ຖືກຕ້ອງ ຫຼືຂ້າພະເຈົ້າ"},{"$i":"DialModifiedToUssd","$v":"Dial modified to USSD"},{"$i":"DialModifiedToSs","$v":"Dial modified to SS"},{"$i":"DialModifiedToDial","$v":"Dial modified to dial"},{"$i":"UssdModifiedToDial","$v":"ການແກ້ໄຂເພື່ອໝູນ USSD"},{"$i":"UssdModifiedToSs","$v":"USSD ຖືກແກ້ໄຂເປັນ SS"},{"$i":"UssdModifiedToUssd","$v":"USSD ຖືກແກ້ໄຂເປັນ USSD"},{"$i":"SsModifiedToDial","$v":"SS ໄດ້ດັດແກ້ເພື່ອໂທ"},{"$i":"SsModifiedToUssd","$v":"SS ໄດ້ດັດແກ້ຕໍ່ USSD"},{"$i":"SsModifiedToSs","$v":"SS ໄດ້ດັດແກ້ຕໍ່ SS"},{"$i":"SubscriptionNotSupported","$v":"ບໍ່ໄດ້ສະໜອງການຕິດຕາມ"},{"$i":"InvalidParameter","$v":"ພາລາມິເຕີບໍ່ຖືກຕ້ອງ"},{"$i":"RejectedByRemote","$v":"ຖືກປະຕິເສດໂດຍທາງໄກ"},{"$i":"GetEmptyUssdPrompt","$v":"Null received received"},{"$i":"label","$v":"ສະຫຼາກ"},{"$i":"faxHome","$v":"ໂທລະສານບ້ານ"},{"$i":"faxOffice","$v":"ໂທລະຫານຫ້ອງການ"},{"$i":"faxOther","$v":"ໂທລະສານອື່ນໆ"},{"$i":"another","$v":"ອື່ນໆ"},{"$i":"other","$v":"ອື່ນໆ"},{"$i":"tcl-customTag","$v":"ປ້າຍກາໝາຍ ການກຳນົດເອງ"},{"$i":"customTag","$v":"ປ້າຍກາໝາຍ ການກຳນົດເອງ","placeholder":"ປ້າຍກາໝາຍ ການກຳນົດເອງ"},{"$i":"current","$v":"ປະຈຸບັນ"},{"$i":"itemWithLabel","$v":[{"t":"idOrVar","v":"label"},", ",{"t":"idOrVar","v":"item"}]},{"$i":"weekday-0-long","$v":"ວັນອາທິດ"},{"$i":"weekday-1-long","$v":"ວັນ​ຈັນ"},{"$i":"weekday-2-long","$v":"ວັນຄານ"},{"$i":"weekday-3-long","$v":"ວັນ​ພຸດ"},{"$i":"weekday-4-long","$v":"ວັນພະຫັດ"},{"$i":"weekday-5-long","$v":"ວັນ​ສຸກ"},{"$i":"weekday-6-long","$v":"ວັນ​ເສົາ"},{"$i":"weekday-0-short","$v":"ອາທິດ"},{"$i":"weekday-1-short","$v":"ຈັນ"},{"$i":"weekday-2-short","$v":"ຄານ"},{"$i":"weekday-3-short","$v":"ພຸດ"},{"$i":"weekday-4-short","$v":"ພະຫັດ"},{"$i":"weekday-5-short","$v":"ສຸກ"},{"$i":"weekday-6-short","$v":"ເສົາ"},{"$i":"month-0-long","$v":"ມັງ​ກອນ"},{"$i":"month-1-long","$v":"ມ​ພາ"},{"$i":"month-2-long","$v":"ມີ​ນາ"},{"$i":"month-3-long","$v":"ເມ​ສາ"},{"$i":"month-4-long","$v":"ພຶດ​ສະ​ພາ"},{"$i":"month-5-long","$v":"ມິ​ຖຸ​ນາ"},{"$i":"month-6-long","$v":"ກໍ​ລະ​ກົດ"},{"$i":"month-7-long","$v":"ສິງຫາ"},{"$i":"month-8-long","$v":"ກັນ​ຍາ"},{"$i":"month-9-long","$v":"ຕຸ​ລາ"},{"$i":"month-10-long","$v":"ພະ​ຈິກ"},{"$i":"month-11-long","$v":"ທັນ​ວາ"},{"$i":"month-0-genitive","$v":"ມັງ​ກອນ"},{"$i":"month-1-genitive","$v":"ມ​ພາ"},{"$i":"month-2-genitive","$v":"ມີ​ນາ"},{"$i":"month-3-genitive","$v":"ເມ​ສາ"},{"$i":"month-4-genitive","$v":"ພຶດ​ສະ​ພາ"},{"$i":"month-5-genitive","$v":"ມິ​ຖຸ​ນາ"},{"$i":"month-6-genitive","$v":"ກໍ​ລະ​ກົດ"},{"$i":"month-7-genitive","$v":"ສິງຫາ"},{"$i":"month-8-genitive","$v":"ກັນ​ຍາ"},{"$i":"month-9-genitive","$v":"ຕຸ​ລາ"},{"$i":"month-10-genitive","$v":"ພະ​ຈິກ"},{"$i":"month-11-genitive","$v":"ທັນ​ວາ"},{"$i":"month-0-short","$v":"ມັງ​ກອນ"},{"$i":"month-1-short","$v":"ກຸມພາ"},{"$i":"month-2-short","$v":"ມີ​ນາ"},{"$i":"month-3-short","$v":"ເມ​ສາ"},{"$i":"month-4-short","$v":"ພຶດ​ສະ​ພາ"},{"$i":"month-5-short","$v":"ມິ​ຖຸ​ນາ"},{"$i":"month-6-short","$v":"ກໍ​​ລະ​​ກົດ"},{"$i":"month-7-short","$v":"ສິງຫາ"},{"$i":"month-8-short","$v":"ກັນຍາ"},{"$i":"month-9-short","$v":"ຕຸ​ລາ"},{"$i":"month-10-short","$v":"ພະ​ຈິກ"},{"$i":"month-11-short","$v":"ທັນ​ວາ"},{"$i":"minutes-ago-long","$v":{"few":[{"t":"idOrVar","v":"value"}," ນາທີກ່ອນ"],"many":[{"t":"idOrVar","v":"value"}," ນາທີກ່ອນ"],"one":"ໜຶ່ງນາທີຜ່ານມາ","other":[{"t":"idOrVar","v":"value"}," ນາທີກ່ອນ"],"two":[{"t":"idOrVar","v":"value"}," ນາທີກ່ອນ"],"zero":"ຕອນນີ້"},"$x":[{"t":"idOrVar","v":"plural"},"value"]},{"$i":"hours-ago-long","$v":{"few":[{"t":"idOrVar","v":"value"}," ຊົ່ວໂມງກ່ອນ"],"many":[{"t":"idOrVar","v":"value"}," ຊົ່ວໂມງກ່ອນ"],"one":"ໜຶ່ງຊົ່ວໂມງຜ່ານມາ","other":[{"t":"idOrVar","v":"value"}," ຊົ່ວໂມງກ່ອນ"],"two":[{"t":"idOrVar","v":"value"}," ຊົ່ວໂມງກ່ອນ"],"zero":"ຕອນນີ້"},"$x":[{"t":"idOrVar","v":"plural"},"value"]},{"$i":"days-ago-long","$v":{"few":[{"t":"idOrVar","v":"value"}," ມື້ກ່ອນ"],"many":[{"t":"idOrVar","v":"value"}," ມື້ກ່ອນ"],"one":"ມື້ວານ","other":[{"t":"idOrVar","v":"value"}," ມື້ກ່ອນ"],"two":[{"t":"idOrVar","v":"value"}," ມື້ກ່ອນ"],"zero":"ມື້ນີ້"},"$x":[{"t":"idOrVar","v":"plural"},"value"]},{"$i":"weeks-ago-long","$v":{"few":[{"t":"idOrVar","v":"value"}," ເດືອນກ່ອນໜ້າ"],"many":[{"t":"idOrVar","v":"value"}," ເດືອນກ່ອນໜ້າ"],"one":"ອາທິດຜ່ານມາ","other":[{"t":"idOrVar","v":"value"}," ເດືອນກ່ອນໜ້າ"],"two":[{"t":"idOrVar","v":"value"}," ເດືອນກ່ອນໜ້າ"],"zero":"ທິດນີ້"},"$x":[{"t":"idOrVar","v":"plural"},"value"]},{"$i":"months-ago-long","$v":{"few":[{"t":"idOrVar","v":"value"}," ເດືອນກ່ອນ"],"many":[{"t":"idOrVar","v":"value"}," ເດືອນກ່ອນ"],"one":"ເດືອນກ່ອນນີ້","other":[{"t":"idOrVar","v":"value"}," ເດືອນກ່ອນ"],"two":[{"t":"idOrVar","v":"value"}," ເດືອນກ່ອນ"],"zero":"ເດືອນນີ້"},"$x":[{"t":"idOrVar","v":"plural"},"value"]},{"$i":"years-ago-long","$v":{"few":[{"t":"idOrVar","v":"value"}," ປີຕໍ່ໄປ"],"many":[{"t":"idOrVar","v":"value"}," ປີຕໍ່ໄປ"],"one":"ປີກາຍນີ້","other":[{"t":"idOrVar","v":"value"}," ປີຕໍ່ໄປ"],"two":[{"t":"idOrVar","v":"value"}," ປີຕໍ່ໄປ"],"zero":"ປີນີ້"},"$x":[{"t":"idOrVar","v":"plural"},"value"]},{"$i":"minutes-until-long","$v":{"few":["ໃນ ",{"t":"idOrVar","v":"value"}," ຫຼາຍນາທີ"],"many":["ໃນ ",{"t":"idOrVar","v":"value"}," ຫຼາຍນາທີ"],"one":"ໃນໜຶ່ງນາທີ","other":["ໃນ ",{"t":"idOrVar","v":"value"}," ຫຼາຍນາທີ"],"two":["ໃນ ",{"t":"idOrVar","v":"value"}," ຫຼາຍນາທີ"],"zero":"ຕອນນີ້"},"$x":[{"t":"idOrVar","v":"plural"},"value"]},{"$i":"hours-until-long","$v":{"few":["ໃນ ",{"t":"idOrVar","v":"value"}," ຫຼາຍຊົ່ວໂມງ"],"many":["ໃນ ",{"t":"idOrVar","v":"value"}," ຫຼາຍຊົ່ວໂມງ"],"one":"ໃນໜຶ່ງຊົ່ວໂມງ","other":["ໃນ ",{"t":"idOrVar","v":"value"}," ຫຼາຍຊົ່ວໂມງ"],"two":["ໃນ ",{"t":"idOrVar","v":"value"}," ຫຼາຍຊົ່ວໂມງ"],"zero":"ຕອນນີ້"},"$x":[{"t":"idOrVar","v":"plural"},"value"]},{"$i":"days-until-long","$v":{"few":["ໃນ ",{"t":"idOrVar","v":"value"}," ຫຼາຍວັນ"],"many":["ໃນ ",{"t":"idOrVar","v":"value"}," ຫຼາຍວັນ"],"one":"ມື້ອື່ນ","other":["ໃນ ",{"t":"idOrVar","v":"value"}," ຫຼາຍວັນ"],"two":["ໃນ ",{"t":"idOrVar","v":"value"}," ຫຼາຍວັນ"],"zero":"ມື້ນີ້"},"$x":[{"t":"idOrVar","v":"plural"},"value"]},{"$i":"weeks-until-long","$v":{"few":["ໃນ ",{"t":"idOrVar","v":"value"}," ຫຼາຍອາທິດ"],"many":["ໃນ ",{"t":"idOrVar","v":"value"}," ຫຼາຍອາທິດ"],"one":"ອາທິດໜ້າ","other":["ໃນ ",{"t":"idOrVar","v":"value"}," ຫຼາຍອາທິດ"],"two":["ໃນ ",{"t":"idOrVar","v":"value"}," ຫຼາຍອາທິດ"],"zero":"ທິດນີ້"},"$x":[{"t":"idOrVar","v":"plural"},"value"]},{"$i":"months-until-long","$v":{"few":["ໃນ ",{"t":"idOrVar","v":"value"}," ຫຼາຍເດືອນ"],"many":["ໃນ ",{"t":"idOrVar","v":"value"}," ຫຼາຍເດືອນ"],"one":"ເດືອນໜ້າ","other":["ໃນ ",{"t":"idOrVar","v":"value"}," ຫຼາຍເດືອນ"],"two":["ໃນ ",{"t":"idOrVar","v":"value"}," ຫຼາຍເດືອນ"],"zero":"ເດືອນນີ້"},"$x":[{"t":"idOrVar","v":"plural"},"value"]},{"$i":"years-until-long","$v":{"few":["ໃນ ",{"t":"idOrVar","v":"value"}," ຫຼາຍປີ"],"many":["ໃນ ",{"t":"idOrVar","v":"value"}," ຫຼາຍປີ"],"one":"ປີໜ້າ","other":["ໃນ ",{"t":"idOrVar","v":"value"}," ຫຼາຍປີ"],"two":["ໃນ ",{"t":"idOrVar","v":"value"}," ຫຼາຍປີ"],"zero":"ປີນີ້"},"$x":[{"t":"idOrVar","v":"plural"},"value"]},{"$i":"minutes-ago-short","$v":{"other":[{"t":"idOrVar","v":"value"},"ນ ກ່ອນ"],"zero":"ຕອນນີ້"},"$x":[{"t":"idOrVar","v":"plural"},"value"]},{"$i":"hours-ago-short","$v":{"other":[{"t":"idOrVar","v":"value"},"ມ ກ່ອນ"],"zero":"ຕອນນີ້"},"$x":[{"t":"idOrVar","v":"plural"},"value"]},{"$i":"days-ago-short","$v":{"other":[{"t":"idOrVar","v":"value"},"ມື້ກ່ອນ"],"zero":"ມື້ນີ້"},"$x":[{"t":"idOrVar","v":"plural"},"value"]},{"$i":"minutes-until-short","$v":{"other":["ໃນ ",{"t":"idOrVar","v":"value"},"ດ"],"zero":"ຕອນນີ້"},"$x":[{"t":"idOrVar","v":"plural"},"value"]},{"$i":"hours-until-short","$v":{"other":["ໃນ ",{"t":"idOrVar","v":"value"},"ຊ.ມ"],"zero":"ຕອນນີ້"},"$x":[{"t":"idOrVar","v":"plural"},"value"]},{"$i":"days-until-short","$v":{"other":["ໃນ ",{"t":"idOrVar","v":"value"},"ວ"],"zero":"ມື້ນີ້"},"$x":[{"t":"idOrVar","v":"plural"},"value"]},{"$i":"incorrectDate","$v":"(ວັນທີບໍ່ຖືກຕ້ອງ)"},{"$i":"dateTimeFormat_%c","$v":"%a %b %e %Y %I:%M:%S %p"},{"$i":"dateTimeFormat_%x","$v":"%m/%d/%Y"},{"$i":"dateTimeFormat_%X","$v":"%I:%M:%S %p"},{"$i":"shortTimeFormat","$v":"%I:%M %p"},{"$i":"shortTimeFormat12","$v":"%I:%M %p"},{"$i":"shortTimeFormat24","$v":"%H:%M"},{"$i":"shortDateTimeFormat","$v":"%x %I:%M %p"},{"$i":"weekStartsOnMonday","$v":"0.0"},{"$i":"firstDayOfTheWeek","$v":"0.0"},{"$i":"time_am","$v":"AM"},{"$i":"time_pm","$v":"ຕອນເຊົ້າ"}]