[{"$i":"search-or-enter-address","placeholder":"Пребарувајте или вн.адр."},{"$i":"delete-title","$v":["Избриши ",{"t":"idOrVar","v":"name"}]},{"$i":"delete-body","$v":[{"t":"idOrVar","v":"name"}," и сите негови податоци ќе бидат избришани."]},{"$i":"delete","$v":"Избриши"},{"$i":"cancel","$v":"Откажи"},{"$i":"apps","$v":"Апликации"},{"$i":"menu","$v":"Мени"},{"$i":"notifications","$v":"Известувања"},{"$i":"speed-dial","$v":"Брзо бирање"},{"$i":"select","$v":"Избор"},{"$i":"move","$v":"Премести"},{"$i":"ok","$v":"ОК"},{"$i":"set","$v":"Постави"},{"$i":"edit","$v":"Уредување"},{"$i":"call","$v":"Повик"},{"$i":"message","$v":"Порака"},{"$i":"options","$v":"Опции"},{"$i":"assign","$v":"Додели"},{"$i":"remove","$v":"Отстрани"},{"$i":"replace","$v":"Замени"},{"$i":"more","$v":"Повеќе"},{"$i":"settings","$v":"Параметри"},{"$i":"contacts","$v":"Контакти"},{"$i":"list-view","$v":"Приказ на список"},{"$i":"grid-view","$v":"Мрежен приказ"},{"$i":"single-view","$v":"Единичен приказ"},{"$i":"skip","$v":"Прескокни"},{"$i":"shortcuts","$v":"Кратенки"},{"$i":"next","$v":"Следно"},{"$i":"instant-settings","$v":"инстантни поставувања"},{"$i":"flashlight","$v":"Блиц"},{"$i":"brightness","$v":"Осветленост"},{"$i":"volume","$v":"Јачина"},{"$i":"camera","$v":"Камера"},{"$i":"calculator","$v":"Калкулатор"},{"$i":"airplane-mode","$v":"Авионски режим"},{"$i":"wifi","$v":"Wi-Fi"},{"$i":"bluetooth","$v":"Bluetooth"},{"$i":"cellular-data","$v":"Мобилни податоци"},{"$i":"on","$v":"Вклучено"},{"$i":"off","$v":"Исклучено"},{"$i":"percentage-number","$v":[{"t":"idOrVar","v":"number"},"%"]},{"$i":"voicemail","$v":"Глас.пошта"},{"$i":"speed-dial-not-empty","ariaLabel":[{"t":"idOrVar","v":"order"},", ",{"t":"idOrVar","v":"name"}]},{"$i":"speed-dial-empty","ariaLabel":[{"t":"idOrVar","v":"order"},", празно"]},{"$i":"remove-speed-dial","$v":["Сигурни ли сте дека сакате да го отстраните ",{"t":"idOrVar","v":"name"}," од Брзо избирање?"]},{"$i":"replace-speed-dial","$v":["Сигурни ли сте дека сакате да го замените ",{"t":"idOrVar","v":"name"}," со ",{"t":"idOrVar","v":"subName"}," ?"]},{"$i":"assign-speed-dial","$v":["Контактот не беше додаден како копче за брзо избирање ",{"t":"idOrVar","v":"n"},". Да се додели сега?"]},{"$i":"assign-voicemail","$v":"Бројот на глас.пошта не беше испратен."},{"$i":"alert-for-contacts-without-number","$v":"Нема контакти со важечки телефонски број."},{"$i":"option-remove","$v":"Отст.  од Брзо бирање"},{"$i":"option-replace","$v":"Замени"},{"$i":"all-apps","$v":"Сите апликации"},{"$i":"uninstall","$v":"Деинсталирај"},{"$i":"confirm-to-uninstall-app","$v":["Деинсталирање на апликацијата ",{"t":"idOrVar","v":"appName"},"?"]},{"$i":"confirm-to-unpin-bookmark","$v":"Откачете ја веб-страницата?"},{"$i":"unpin","$v":"Откачување"},{"$i":"rename","$v":"Преимен."},{"$i":"title","$v":"Наслов"},{"$i":"add-to-existing-contact","$v":"Додајте кон постоечки контакт"},{"$i":"create-new-contact","$v":"Созд.нов конт."},{"$i":"sending","$v":"Исп.…"},{"$i":"video-call","$v":"Видео разговор"},{"$i":"rtt-call","$v":"RTT повикување"},{"$i":"callAirplaneModeTitle","$v":"Авионскиот режим е активиран"},{"$i":"callAirplaneModeMessage","$v":"За да остварите повик, треба да го оневозможите авионскиот режим во поставувања."},{"$i":"emergencyDialogTitle","$v":"Нема врска со мрежата"},{"$i":"emergencyDialogBodyBadNumber","$v":"За да остварите повик, телефонот треба да биде поврзан кон мрежа."},{"$i":"emergencyDialogBodyDeviceNotAccepted","$v":"Мрежата не дозволува итни повици."},{"$i":"invalidNumberToDialTitle","$v":"Невалиден тел.број"},{"$i":"invalidNumberToDialMessage","$v":"Тел. број што го повикувате е невалиден."},{"$i":"emergency-call-only","$v":"Само итни повици"},{"$i":"emergency-call-error","$v":[{"t":"idOrVar","v":"number"}," не е број за итни случаи."]},{"$i":"numberIsBusyTitle","$v":"Бројот е зафатен"},{"$i":"numberIsBusyMessage","$v":"Бројот е зафатен во моментот. Обидете се повторно подоцна."},{"$i":"fdnIsActiveTitle","$v":"ФБП е активен"},{"$i":"fdnIsActiveMessage","$v":["ФБП (Фиксирани Броеви за Повикување) е активиран и следниот број не е во списокот на ФБП: ",{"t":"idOrVar","v":"number"}]},{"$i":"otherConnectionInUseTitle","$v":"Во упот. е др.поврз."},{"$i":"otherConnectionInUseMessage","$v":"Имате активен повик на друга врска. Одеднаш можете да користите само една врска."},{"$i":"GenericFailure","$v":"Генерички неуспех"},{"$i":"CallFailed","$v":"Повикот не успеа"},{"$i":"scCallBarring","$v":"Забрана на пов."},{"$i":"scCallForwarding","$v":"Пренасоч. на повик"},{"$i":"scClip","$v":"ID на дојдовен повик."},{"$i":"scClir","$v":"ID на појдовен повик."},{"$i":"scPwd","$v":"Промена на лозинка"},{"$i":"scCallWaiting","$v":"Повик на чекање"},{"$i":"scPin","$v":"Промена на PIN"},{"$i":"scPin2","$v":"Промена на PIN2"},{"$i":"scPuk","$v":"Одблокирајте PIN"},{"$i":"scPuk2","$v":"Одблокирајте PIN2"},{"$i":"scImei","$v":"IMEI"},{"$i":"scMeid","$v":"MEID"},{"$i":"scUssd","$v":"USSD"},{"$i":"deviceIsUnlocked","$v":"Уредот е отклучен"},{"$i":"simUnlockCodeAccepted","$v":"Кодот за отклучување на SIM карт. е прифатен"},{"$i":"simUnlockCodeFailed","$v":"Отклучувањето на SIM карт. е неуспешно"},{"$i":"personal","$v":"Лични"},{"$i":"mobile","$v":"Мобилен"},{"$i":"home","$v":"Домашен"},{"$i":"work","$v":"Работа"},{"$i":"fax-home","$v":"Факс дома"},{"$i":"fax-office","$v":"Факс канц."},{"$i":"fax-other","$v":"Факс друго"},{"$i":"homescreen-settings","$v":"Поставки за поч. екран"},{"$i":"change-wallpaper","$v":"Промена на тапет"},{"$i":"add-smart-collections","$v":"Додајте Умни колекции"},{"$i":"edit-mode","$v":"Уредување"},{"$i":"edit-done","$v":"Готово"},{"$i":"tutorial-for-side-menu-1","$v":"Притиснете го копчето ЛЕВО за да пристапите до апликациите на лево."},{"$i":"tutorial-for-instant-settings-1","$v":"Притиснете го копчето НАГОРЕ за најчесто користени поставки."},{"$i":"tutorial-for-notices","$v":"Притиснете го копчето ДЕСНО копче за да ги видите новите известувања."},{"$i":"tutorial-for-google-assistant-1","$v":"Притиснете долго на OK за да зборувате."},{"$i":"tutorial-for-voice-input-1","$v":"Притиснете долго на OK да зборувате во полето за текст."},{"$i":"stop-download-title","$v":["Запрете го ",{"t":"idOrVar","v":"name"}]},{"$i":"stop-download-body","$v":"Сакате ли да го прекинете преземањето што е во тек?"},{"$i":"stop-download-action","$v":"Запри"},{"$i":"resume-download-title","$v":"Рестарт. го презем."},{"$i":"resume-download-body","$v":["Сакате ли да го преземете ",{"t":"idOrVar","v":"name"},"?"]},{"$i":"resume-download-action","$v":"Преземи"},{"$i":"edit-group-header","$v":"Уредување на група"},{"$i":"tcl-wallpaper-changed","$v":"Тапетот е променет"},{"$i":"gaia-shortcut-app-updated","$v":"Апликацијата е ажурирана"},{"$i":"clocks-updated","$v":"Часов. се ажурирани"},{"$i":"longDateFormat","$v":"%A, %B %e"},{"$i":"app-title","$v":"Моите апликации"},{"$i":"app-uninstall","$v":[{"t":"idOrVar","v":"name"}," беше деинсталиран"]},{"$i":"confirmation","$v":"Потврдување"},{"$i":"noSimCard","$v":"Нема СИМ картичка"},{"$i":"noService","$v":"Нема услуга"},{"$i":"eccOnly","$v":"Emergency calls only"},{"$i":"emergencyCallsOnly","$v":"Emergency calls only"},{"$i":"searching","$v":"Пребарување..."},{"$i":"lockedSim","$v":"Заклучена SIM карт."},{"$i":"clockDateFormat","$v":"%a, %e %b"},{"$i":"apn-sim1","$v":"APN Settings - SIM1"},{"$i":"apn-sim2","$v":"APN Settings - SIM2"},{"$i":"apnDefaultConfig","$v":"APN Default Config"},{"$i":"apn-defaultconfig-message","$v":"Set which type of apn to used"},{"$i":"apnConfigPostpay","$v":"Postpay APN"},{"$i":"apnConfigPrepay","$v":"Prepay APN"},{"$i":"qtn_sm_toast_set_ICE_first","$v":"Нема контакти за итни случаи, одете во поставките Контакт или менито со опции за информации за итни случаи"},{"$i":"qtn_sm_toast_google_assist","$v":"Долго притискање или двојно притискање за Google асистент"},{"$i":"qtn_sm_toast_sos_call_msg","$v":"Долго притискање или двојно притискање за СОС повик / СОС порака"},{"$i":"nocard-eccOnly","$v":"No SIM card-Emergency calls only"},{"$i":"unusablecard-eccOnly","$v":"Unusable SIM card-Emergency calls only"},{"$i":"sim-with-index-and-carrier","$v":["SIM ",{"t":"idOrVar","v":"index"}," - ",{"t":"idOrVar","v":"carrier"}]},{"$i":"sim-without-carrier","$v":["SIM ",{"t":"idOrVar","v":"index"}]},{"$i":"call-forwarding-async","$v":["Асинхрон: ",{"t":"idOrVar","v":"async"}]},{"$i":"call-forwarding-data","$v":["Податоци: ",{"t":"idOrVar","v":"data"}]},{"$i":"call-forwarding-error","$v":"Се појави грешка при вчитувањето на статусот за проследување на повик"},{"$i":"call-forwarding-fax","$v":["ФАКС: ",{"t":"idOrVar","v":"fax"}]},{"$i":"call-forwarding-inactive","$v":"Неактивен"},{"$i":"call-forwarding-packet","$v":["Пакет: ",{"t":"idOrVar","v":"packet"}]},{"$i":"call-forwarding-pad","$v":["PAD: ",{"t":"idOrVar","v":"pad"}]},{"$i":"call-forwarding-sms","$v":["SMS: ",{"t":"idOrVar","v":"sms"}]},{"$i":"call-forwarding-status","$v":"Статус за пренасоч.на повикот"},{"$i":"call-forwarding-sync","$v":["Синхроничен: ",{"t":"idOrVar","v":"sync"}]},{"$i":"call-forwarding-voice","$v":["Глас: ",{"t":"idOrVar","v":"voice"}]},{"$i":"call-forwarding-voice-after-seconds","$v":["Глас: ",{"t":"idOrVar","v":"voice"}," после ",{"t":"idOrVar","v":"timeSeconds"}," секунди"]},{"$i":"fihVersion","$v":"FIH Version"},{"$i":"serviceClassVoice","$v":"Глас"},{"$i":"serviceClassData","$v":"Податоци"},{"$i":"serviceClassFax","$v":"ФАКС"},{"$i":"serviceClassSms","$v":"SMS"},{"$i":"serviceClassDataSync","$v":"Синхронизација"},{"$i":"serviceClassDataAsync","$v":"Асинх."},{"$i":"serviceClassPacket","$v":"Пакет"},{"$i":"serviceClassPad","$v":"PAD"},{"$i":"smServiceEnabled","$v":"Усл.беше овозможена"},{"$i":"smServiceDisabled","$v":"Услугата беше оневозможена"},{"$i":"smServiceRegistered","$v":"Рег. беше успешна"},{"$i":"smServiceErased","$v":"Бришењето беше успешно"},{"$i":"smServiceInterrogated","$v":"Барањето беше успешно"},{"$i":"smServiceNotProvisioned","$v":"Услугата не е обезбедена"},{"$i":"smClirPermanent","$v":"Не можете да го промените поставувањето за ID на повикувачот"},{"$i":"smClirDefaultOnNextCallOn","$v":"ИД на пов.по под.е огр.Сл.пов.: Огр."},{"$i":"smClirDefaultOnNextCallOff","$v":"ИД на повикувачот по подразбирање е ограничен. Следен повик: Не е ограничен"},{"$i":"smClirDefaultOffNextCallOn","$v":"ИД на повикувачот по подразбирање не е ограничен. Следен повик: Ограничен"},{"$i":"smClirDefaultOffNextCallOff","$v":"ИД на повикувачот по подразбирање не е ограничен. Следен повик: Не е ограничен"},{"$i":"smServiceEnabledFor","$v":"Усл. беше овозм. за:"},{"$i":"smPinChanged","$v":"PIN-от е усп. пром."},{"$i":"smPinUnblocked","$v":"PIN-от е усп. одблок."},{"$i":"smPin2Changed","$v":"PIN-от 2 е успешно променет"},{"$i":"smPin2Unblocked","$v":"PIN-от 2 е усп. одблок."},{"$i":"ServiceIsEnabled","$v":"Услугате е овозможена"},{"$i":"ServiceIsDisabled","$v":"Услугате е оневозможена"},{"$i":"ServiceIsEnabledFor","$v":"Услуг. е овозможена за:"},{"$i":"emMmiError","$v":"Проблем со врската или невалиден MMI код"},{"$i":"emMmiErrorPasswordIncorrect","$v":"Погрешна лозинка"},{"$i":"emMmiErrorNotSupported","$v":"Невалиден или неподдржан MMI код"},{"$i":"emMmiErrorInvalidAction","$v":"Невалидно дејство"},{"$i":"emMmiErrorInvalidScCode","$v":"Невалиден код за услуги"},{"$i":"emMmiErrorBadPuk","$v":"PUK кодот што го напишавте е неправилен."},{"$i":"emMmiErrorBadPin","$v":"Стариот PIN што го внесовте е неправилен."},{"$i":"emMmiErrorNeedPuk2","$v":"Внесете PUK2 за да ја одблокирате SIM карт."},{"$i":"emMmiErrorMismatchPin","$v":"PIN кодовите што ги внесовте не совпаѓаат"},{"$i":"emMmiErrorInvalidPin","$v":"Внесете PIN што е од 4 до 8 броеви"},{"$i":"emMmiErrorNeedsPuk","$v":"Вашата SIM карт. е заклучена со PUK"},{"$i":"emMmiErrorEnablePin","$v":"Неуспешно. Овозможете SIM/RUIM LOCK"},{"$i":"emMmiErrorMmiFdn","$v":"Операц. е огранич. до избир. само на броеви за фикс. бирање (БФБ)"},{"$i":"emMmiErrorStkCcUssdDial","$v":"USSD барањето е променето на DIAL барање"},{"$i":"emMmiErrorStkCcUssdSs","$v":"USSD барањето е променето на SS барање"},{"$i":"emMmiErrorStkCcUssdUssd","$v":"USSD барањето е променето на ново USSD барање"},{"$i":"emMmiErrorStkCcSsDial","$v":"SS барањето е променето на DIAL барање"},{"$i":"emMmiErrorStkCcSsUssd","$v":"SS бар.е пром.на USSD бар."},{"$i":"emMmiErrorStkCcSsSs","$v":"SS барањето е променето на ново SS барање"},{"$i":"emMmiErrorPinPukAttempts","$v":{"few":["остануваат ",{"t":"idOrVar","v":"n"}," повторни обиди"],"many":["остануваат ",{"t":"idOrVar","v":"n"}," повторни обиди"],"one":["Ос.сам.",{"t":"idOrVar","v":"n"}," об."],"other":["остануваат ",{"t":"idOrVar","v":"n"}," повторни обиди"],"two":["остануваат ",{"t":"idOrVar","v":"n"}," повторни обиди"]},"$x":[{"t":"idOrVar","v":"plural"},"n"]},{"$i":"emMmiErrorSimBlocked","$v":"Макс.број на обиди е надминат. SIM карт. е блокирана"},{"$i":"RadioNotAvailable","$v":"Radio not available"},{"$i":"PasswordIncorrect","$v":"Лозинката е неточна"},{"$i":"SimPin2","$v":"SIM PIN2"},{"$i":"SimPuk2","$v":"SIM PUK2"},{"$i":"RequestNotSupported","$v":"Барањето не се поддржува"},{"$i":"OpNotAllowedDuringVoiceCall","$v":"Операц. не е дозв. за време на глас. повик"},{"$i":"SmsSendFailRetry","$v":"SMS send fail retry"},{"$i":"SimAbsent","$v":"SIM отсуствува"},{"$i":"SubscriptionNotAvailable","$v":"Претплатата не е достапна"},{"$i":"ModeNotSupported","$v":"Реж. не се поддржува"},{"$i":"FdnCheckFailure","$v":"Неуспешна проверка на ФБП"},{"$i":"IllegalSimOrMe","$v":"Нелегална SIM или ME"},{"$i":"DialModifiedToUssd","$v":"Dial modified to USSD"},{"$i":"DialModifiedToSs","$v":"Dial modified to SS"},{"$i":"DialModifiedToDial","$v":"Dial modified to dial"},{"$i":"UssdModifiedToDial","$v":"USSD пром. да изб."},{"$i":"UssdModifiedToSs","$v":"USSD променето на SS"},{"$i":"UssdModifiedToUssd","$v":"USSD променето на USSD"},{"$i":"SsModifiedToDial","$v":"SS променето да бира"},{"$i":"SsModifiedToUssd","$v":"SS променето на USSD"},{"$i":"SsModifiedToSs","$v":"SS променето на SS"},{"$i":"SubscriptionNotSupported","$v":"Претплатата не е поддржана"},{"$i":"InvalidParameter","$v":"Невалиден параметар"},{"$i":"RejectedByRemote","$v":"Одбиено од далечина"},{"$i":"GetEmptyUssdPrompt","$v":"Прифатен е нула одговор."},{"$i":"label","$v":"Етикета"},{"$i":"faxHome","$v":"Факс дома"},{"$i":"faxOffice","$v":"Факс канц."},{"$i":"faxOther","$v":"Факс друго"},{"$i":"another","$v":"Друг"},{"$i":"other","$v":"Друго"},{"$i":"tcl-customTag","$v":"Прилагодена ознака"},{"$i":"customTag","$v":"Прилагодена ознака","placeholder":"Прилагодена ознака"},{"$i":"current","$v":"Тековно"},{"$i":"itemWithLabel","$v":[{"t":"idOrVar","v":"label"},", ",{"t":"idOrVar","v":"item"}]},{"$i":"weekday-0-long","$v":"Недела"},{"$i":"weekday-1-long","$v":"Понеделник"},{"$i":"weekday-2-long","$v":"Вторник"},{"$i":"weekday-3-long","$v":"Среда"},{"$i":"weekday-4-long","$v":"Четврток"},{"$i":"weekday-5-long","$v":"Петок"},{"$i":"weekday-6-long","$v":"Сабота"},{"$i":"weekday-0-short","$v":"Нед"},{"$i":"weekday-1-short","$v":"Пон"},{"$i":"weekday-2-short","$v":"Вто"},{"$i":"weekday-3-short","$v":"Сре"},{"$i":"weekday-4-short","$v":"Чет"},{"$i":"weekday-5-short","$v":"Пет"},{"$i":"weekday-6-short","$v":"Саб"},{"$i":"month-0-long","$v":"Јануари"},{"$i":"month-1-long","$v":"Фебруари"},{"$i":"month-2-long","$v":"Март"},{"$i":"month-3-long","$v":"Април"},{"$i":"month-4-long","$v":"Мај"},{"$i":"month-5-long","$v":"Јуни"},{"$i":"month-6-long","$v":"Јули"},{"$i":"month-7-long","$v":"Август"},{"$i":"month-8-long","$v":"Септември"},{"$i":"month-9-long","$v":"Октомври"},{"$i":"month-10-long","$v":"Ноември"},{"$i":"month-11-long","$v":"Декември"},{"$i":"month-0-genitive","$v":"Јануари"},{"$i":"month-1-genitive","$v":"Февруари"},{"$i":"month-2-genitive","$v":"Март"},{"$i":"month-3-genitive","$v":"Април"},{"$i":"month-4-genitive","$v":"Мај"},{"$i":"month-5-genitive","$v":"Јуни"},{"$i":"month-6-genitive","$v":"Јули"},{"$i":"month-7-genitive","$v":"Август"},{"$i":"month-8-genitive","$v":"Септември"},{"$i":"month-9-genitive","$v":"Октомври"},{"$i":"month-10-genitive","$v":"Ноември"},{"$i":"month-11-genitive","$v":"Декември"},{"$i":"month-0-short","$v":"Јан"},{"$i":"month-1-short","$v":"Фев"},{"$i":"month-2-short","$v":"Мар"},{"$i":"month-3-short","$v":"Апр"},{"$i":"month-4-short","$v":"Мај"},{"$i":"month-5-short","$v":"Јун"},{"$i":"month-6-short","$v":"Јул"},{"$i":"month-7-short","$v":"Авг"},{"$i":"month-8-short","$v":"Сеп"},{"$i":"month-9-short","$v":"Окт"},{"$i":"month-10-short","$v":"Ное"},{"$i":"month-11-short","$v":"Дек"},{"$i":"minutes-ago-long","$v":{"few":[{"t":"idOrVar","v":"value"}," минути пред"],"many":[{"t":"idOrVar","v":"value"}," минути пред"],"one":"пред 1 минута","other":["Пред ",{"t":"idOrVar","v":"value"}," Минути"],"two":[{"t":"idOrVar","v":"value"}," минути пред"],"zero":"само што"},"$x":[{"t":"idOrVar","v":"plural"},"value"]},{"$i":"hours-ago-long","$v":{"few":[{"t":"idOrVar","v":"value"}," часови пред"],"many":[{"t":"idOrVar","v":"value"}," часови пред"],"one":"пред еден час","other":["Пред ",{"t":"idOrVar","v":"value"}," Часа"],"two":[{"t":"idOrVar","v":"value"}," часови пред"],"zero":"само што"},"$x":[{"t":"idOrVar","v":"plural"},"value"]},{"$i":"days-ago-long","$v":{"few":[{"t":"idOrVar","v":"value"}," денови пред"],"many":[{"t":"idOrVar","v":"value"}," денови пред"],"one":"вчера","other":["Пред ",{"t":"idOrVar","v":"value"}," Дена"],"two":[{"t":"idOrVar","v":"value"}," денови пред"],"zero":"денес"},"$x":[{"t":"idOrVar","v":"plural"},"value"]},{"$i":"weeks-ago-long","$v":{"few":[{"t":"idOrVar","v":"value"}," седмици пред"],"many":[{"t":"idOrVar","v":"value"}," седмици пред"],"one":"минатата недела","other":[{"t":"idOrVar","v":"value"}," седмици пред"],"two":[{"t":"idOrVar","v":"value"}," седмици пред"],"zero":"оваа седмица"},"$x":[{"t":"idOrVar","v":"plural"},"value"]},{"$i":"months-ago-long","$v":{"few":[{"t":"idOrVar","v":"value"}," месеци пред"],"many":[{"t":"idOrVar","v":"value"}," месеци пред"],"one":"минатиот месец","other":[{"t":"idOrVar","v":"value"}," месеци пред"],"two":[{"t":"idOrVar","v":"value"}," месеци пред"],"zero":"овој месец"},"$x":[{"t":"idOrVar","v":"plural"},"value"]},{"$i":"years-ago-long","$v":{"few":[{"t":"idOrVar","v":"value"}," години пред"],"many":[{"t":"idOrVar","v":"value"}," години пред"],"one":"минатата година","other":[{"t":"idOrVar","v":"value"}," години пред"],"two":[{"t":"idOrVar","v":"value"}," години пред"],"zero":"оваа година"},"$x":[{"t":"idOrVar","v":"plural"},"value"]},{"$i":"minutes-until-long","$v":{"few":["за ",{"t":"idOrVar","v":"value"}," минути"],"many":["за ",{"t":"idOrVar","v":"value"}," минути"],"one":"за една минута","other":["за ",{"t":"idOrVar","v":"value"}," минути"],"two":["за ",{"t":"idOrVar","v":"value"}," минути"],"zero":"сега"},"$x":[{"t":"idOrVar","v":"plural"},"value"]},{"$i":"hours-until-long","$v":{"few":["за ",{"t":"idOrVar","v":"value"}," часа"],"many":["за ",{"t":"idOrVar","v":"value"}," часа"],"one":"за еден час","other":["за ",{"t":"idOrVar","v":"value"}," часа"],"two":["за ",{"t":"idOrVar","v":"value"}," часа"],"zero":"сега"},"$x":[{"t":"idOrVar","v":"plural"},"value"]},{"$i":"days-until-long","$v":{"few":["за ",{"t":"idOrVar","v":"value"}," дена"],"many":["за ",{"t":"idOrVar","v":"value"}," дена"],"one":"утре","other":["за ",{"t":"idOrVar","v":"value"}," дена"],"two":["за ",{"t":"idOrVar","v":"value"}," дена"],"zero":"денес"},"$x":[{"t":"idOrVar","v":"plural"},"value"]},{"$i":"weeks-until-long","$v":{"few":["за ",{"t":"idOrVar","v":"value"}," седмици"],"many":["за ",{"t":"idOrVar","v":"value"}," седмици"],"one":"следната седмица","other":["за ",{"t":"idOrVar","v":"value"}," седмици"],"two":["за ",{"t":"idOrVar","v":"value"}," седмици"],"zero":"оваа седмица"},"$x":[{"t":"idOrVar","v":"plural"},"value"]},{"$i":"months-until-long","$v":{"few":["за ",{"t":"idOrVar","v":"value"}," месеци"],"many":["за ",{"t":"idOrVar","v":"value"}," месеци"],"one":"следниот месец","other":["за ",{"t":"idOrVar","v":"value"}," месеци"],"two":["за ",{"t":"idOrVar","v":"value"}," месеци"],"zero":"овој месец"},"$x":[{"t":"idOrVar","v":"plural"},"value"]},{"$i":"years-until-long","$v":{"few":["за ",{"t":"idOrVar","v":"value"}," години"],"many":["за ",{"t":"idOrVar","v":"value"}," години"],"one":"следната година","other":["за ",{"t":"idOrVar","v":"value"}," години"],"two":["за ",{"t":"idOrVar","v":"value"}," години"],"zero":"оваа година"},"$x":[{"t":"idOrVar","v":"plural"},"value"]},{"$i":"minutes-ago-short","$v":{"other":[{"t":"idOrVar","v":"value"},"м. пред"],"zero":"само што"},"$x":[{"t":"idOrVar","v":"plural"},"value"]},{"$i":"hours-ago-short","$v":{"other":[{"t":"idOrVar","v":"value"},"ч. пред"],"zero":"само што"},"$x":[{"t":"idOrVar","v":"plural"},"value"]},{"$i":"days-ago-short","$v":{"other":[{"t":"idOrVar","v":"value"},"д. пред"],"zero":"денес"},"$x":[{"t":"idOrVar","v":"plural"},"value"]},{"$i":"minutes-until-short","$v":{"other":["за ",{"t":"idOrVar","v":"value"},"м"],"zero":"сега"},"$x":[{"t":"idOrVar","v":"plural"},"value"]},{"$i":"hours-until-short","$v":{"other":["за ",{"t":"idOrVar","v":"value"},"ч"],"zero":"сега"},"$x":[{"t":"idOrVar","v":"plural"},"value"]},{"$i":"days-until-short","$v":{"other":["за ",{"t":"idOrVar","v":"value"},"д"],"zero":"денес"},"$x":[{"t":"idOrVar","v":"plural"},"value"]},{"$i":"incorrectDate","$v":"(неточна дата)"},{"$i":"dateTimeFormat_%c","$v":"%a %b %e %Y %I:%M:%S %p"},{"$i":"dateTimeFormat_%x","$v":"%m/%d/%Y"},{"$i":"dateTimeFormat_%X","$v":"%I:%M:%S %p"},{"$i":"shortTimeFormat","$v":"%I:%M %p"},{"$i":"shortTimeFormat12","$v":"%I:%M %p"},{"$i":"shortTimeFormat24","$v":"%H:%M"},{"$i":"shortDateTimeFormat","$v":"%x %I:%M %p"},{"$i":"weekStartsOnMonday","$v":"0.0"},{"$i":"firstDayOfTheWeek","$v":"1.0"},{"$i":"time_am","$v":"Претпл."},{"$i":"time_pm","$v":"пм"}]