[{"$i":"search-or-enter-address","placeholder":"Căuați sau introd. adresa"},{"$i":"delete-title","$v":["Ștergeți ",{"t":"idOrVar","v":"name"}]},{"$i":"delete-body","$v":[{"t":"idOrVar","v":"name"}," și toate datele sale vor fi șterse."]},{"$i":"delete","$v":"Ștergere"},{"$i":"cancel","$v":"Anulare"},{"$i":"apps","$v":"Aplicații"},{"$i":"menu","$v":"Meniu"},{"$i":"notifications","$v":"Notificări"},{"$i":"speed-dial","$v":"Apelare rapidă"},{"$i":"select","$v":"Selectare"},{"$i":"move","$v":"Mutare"},{"$i":"ok","$v":"OK"},{"$i":"set","$v":"Setare"},{"$i":"edit","$v":"Editare"},{"$i":"call","$v":"Apel"},{"$i":"message","$v":"Mesaj"},{"$i":"options","$v":"Opțiuni"},{"$i":"assign","$v":"Atribuire"},{"$i":"remove","$v":"Îndepărtare"},{"$i":"replace","$v":"Înlocuiți"},{"$i":"more","$v":"Mai multe"},{"$i":"settings","$v":"Setări"},{"$i":"contacts","$v":"Contacte"},{"$i":"list-view","$v":"Vizualizare listă"},{"$i":"grid-view","$v":"Vizualizare tabel"},{"$i":"single-view","$v":"Vizualizare unică"},{"$i":"skip","$v":"Ignorare"},{"$i":"shortcuts","$v":"Scurtături"},{"$i":"next","$v":"Înainte"},{"$i":"instant-settings","$v":"setări instantanee"},{"$i":"flashlight","$v":"Bliț"},{"$i":"brightness","$v":"Luminozitate"},{"$i":"volume","$v":"Volum"},{"$i":"camera","$v":"Cameră"},{"$i":"calculator","$v":"Calculator"},{"$i":"airplane-mode","$v":"Mod avion"},{"$i":"wifi","$v":"Wi-Fi"},{"$i":"bluetooth","$v":"Bluetooth"},{"$i":"cellular-data","$v":"Date mobile"},{"$i":"on","$v":"Pornit"},{"$i":"off","$v":"Oprit"},{"$i":"percentage-number","$v":[{"t":"idOrVar","v":"number"},"%"]},{"$i":"voicemail","$v":"Mesaj de poștă vocală"},{"$i":"speed-dial-not-empty","ariaLabel":[{"t":"idOrVar","v":"order"},", ",{"t":"idOrVar","v":"name"}]},{"$i":"speed-dial-empty","ariaLabel":[{"t":"idOrVar","v":"order"},", gol"]},{"$i":"remove-speed-dial","$v":["Sunteți sigur că doriți să eliminați ",{"t":"idOrVar","v":"name"}," din apelarea rapidă?"]},{"$i":"replace-speed-dial","$v":["Sunteți sigur că doriți să înlocuiți ",{"t":"idOrVar","v":"name"}," cu ",{"t":"idOrVar","v":"subName"},"?"]},{"$i":"assign-speed-dial","$v":["Contactul nu a fost adăugat la apelarea rapidă la butonul ",{"t":"idOrVar","v":"n"},". Atribuiți acum?"]},{"$i":"assign-voicemail","$v":"Numărul de căsuță poștală vocală nu a fost setat."},{"$i":"alert-for-contacts-without-number","$v":"Nu există contacte cu numărul de telefon disponibil."},{"$i":"option-remove","$v":"Eliminați de la apelarea rapidă"},{"$i":"option-replace","$v":"Înlocuiți"},{"$i":"all-apps","$v":"Toate aplicațiile"},{"$i":"uninstall","$v":"Dezinstalare"},{"$i":"confirm-to-uninstall-app","$v":["Dezinstalați aplicația ",{"t":"idOrVar","v":"appName"},"?"]},{"$i":"confirm-to-unpin-bookmark","$v":"Anulați fixarea site-ului web?"},{"$i":"unpin","$v":"Anulați fixarea"},{"$i":"rename","$v":"Redenumire"},{"$i":"title","$v":"Titlu"},{"$i":"add-to-existing-contact","$v":"Adăugați la contact existent"},{"$i":"create-new-contact","$v":"Creați contact nou"},{"$i":"sending","$v":"Trimitere..."},{"$i":"video-call","$v":"Apel video"},{"$i":"rtt-call","$v":"Apel RTT"},{"$i":"callAirplaneModeTitle","$v":"Mod avion activat"},{"$i":"callAirplaneModeMessage","$v":"Pentru a efectua un apel, trebuie să dezactivați modul avion din setări."},{"$i":"emergencyDialogTitle","$v":"Nicio conexiune de rețea"},{"$i":"emergencyDialogBodyBadNumber","$v":"Pentru a efectua un apel, telefonul trebuie să fie conectat la o rețea."},{"$i":"emergencyDialogBodyDeviceNotAccepted","$v":"Apelurile de urgență nu sunt permise de rețea."},{"$i":"invalidNumberToDialTitle","$v":"Număr de telefon nevalid"},{"$i":"invalidNumberToDialMessage","$v":"Numărul de telefon pe care îl apelați nu este valabil."},{"$i":"emergency-call-only","$v":"Numai apel de urgență"},{"$i":"emergency-call-error","$v":[{"t":"idOrVar","v":"number"}," nu este un număr de urgență."]},{"$i":"numberIsBusyTitle","$v":"Numărul este ocupat"},{"$i":"numberIsBusyMessage","$v":"Numărul este ocupat momentan. Încercați din nou mai târziu."},{"$i":"fdnIsActiveTitle","$v":"FDN activ"},{"$i":"fdnIsActiveMessage","$v":["FDN (Numere pentru apelare permise) este activat și următorul număr nu se află în lista dvs. FDN: ",{"t":"idOrVar","v":"number"}]},{"$i":"otherConnectionInUseTitle","$v":"Altă conexiune utilizată"},{"$i":"otherConnectionInUseMessage","$v":"Aveți un apel activ pe altă conexiune. Puteți utiliza o singură conexiune o dată."},{"$i":"GenericFailure","$v":"Nereușită generală"},{"$i":"CallFailed","$v":"Apel nereușit"},{"$i":"scCallBarring","$v":"Restricționare apel"},{"$i":"scCallForwarding","$v":"Redirecționare apel"},{"$i":"scClip","$v":"ID apelant de intrare"},{"$i":"scClir","$v":"ID apelant efectuat"},{"$i":"scPwd","$v":"Schimbare parolă"},{"$i":"scCallWaiting","$v":"Apel în așteptare"},{"$i":"scPin","$v":"Schimbare PIN"},{"$i":"scPin2","$v":"Schimbare PIN2"},{"$i":"scPuk","$v":"Deblocare PIN"},{"$i":"scPuk2","$v":"Deblocare PIN2"},{"$i":"scImei","$v":"IMEI"},{"$i":"scMeid","$v":"MEID"},{"$i":"scUssd","$v":"USSD"},{"$i":"deviceIsUnlocked","$v":"Dispozitivul este deblocat"},{"$i":"simUnlockCodeAccepted","$v":"Cod de deblocare SIM acceptat"},{"$i":"simUnlockCodeFailed","$v":"Deblocarea SIM nu a reușit"},{"$i":"personal","$v":"Personal"},{"$i":"mobile","$v":"Mobil"},{"$i":"home","$v":"Acasă"},{"$i":"work","$v":"Birou"},{"$i":"fax-home","$v":"Fax acasă"},{"$i":"fax-office","$v":"Fax birou"},{"$i":"fax-other","$v":"Fax altele"},{"$i":"homescreen-settings","$v":"Setări ecran de start"},{"$i":"change-wallpaper","$v":"Modificați imagine de fundal"},{"$i":"add-smart-collections","$v":"Adăugați colecții inteligente"},{"$i":"edit-mode","$v":"Editare"},{"$i":"edit-done","$v":"Efectuat"},{"$i":"tutorial-for-side-menu-1","$v":"Apăsați tasta STÂNGA pentru a accesa aplicațiile din stânga."},{"$i":"tutorial-for-instant-settings-1","$v":"Apăsați tasta SUS pentru setările utilizate frecvent."},{"$i":"tutorial-for-notices","$v":"Apăsați tasta DREAPTĂ pentru a vedea notificările noi."},{"$i":"tutorial-for-google-assistant-1","$v":"Apăsați lung OK pentru a vorbi."},{"$i":"tutorial-for-voice-input-1","$v":"Apăsați lung OK pentru a vorbi în câmpul text."},{"$i":"stop-download-title","$v":["Oprire ",{"t":"idOrVar","v":"name"}]},{"$i":"stop-download-body","$v":"Doriți să întrerupeți descărcarea în curs?"},{"$i":"stop-download-action","$v":"Oprire"},{"$i":"resume-download-title","$v":"Repornire descărcare"},{"$i":"resume-download-body","$v":["Doriți să descărcați ",{"t":"idOrVar","v":"name"},"?"]},{"$i":"resume-download-action","$v":"Descărcare"},{"$i":"edit-group-header","$v":"Editați grup"},{"$i":"tcl-wallpaper-changed","$v":"Imag. de fundal modif."},{"$i":"gaia-shortcut-app-updated","$v":"Aplicație actualizată"},{"$i":"clocks-updated","$v":"Ceasuri actualizate"},{"$i":"longDateFormat","$v":"%A, %B %e"},{"$i":"app-title","$v":"Aplicațiile mele"},{"$i":"app-uninstall","$v":[{"t":"idOrVar","v":"name"}," a fost dezinstalat"]},{"$i":"confirmation","$v":"Confirmare"},{"$i":"noSimCard","$v":"Fără cartelă SIM"},{"$i":"noService","$v":"Fără servicii"},{"$i":"eccOnly","$v":"Emergency calls only"},{"$i":"emergencyCallsOnly","$v":"Emergency calls only"},{"$i":"searching","$v":"Căutare..."},{"$i":"lockedSim","$v":"SIM blocat"},{"$i":"clockDateFormat","$v":"%a, %e %b"},{"$i":"apn-sim1","$v":"APN Settings - SIM1"},{"$i":"apn-sim2","$v":"APN Settings - SIM2"},{"$i":"apnDefaultConfig","$v":"APN Default Config"},{"$i":"apn-defaultconfig-message","$v":"Set which type of apn to used"},{"$i":"apnConfigPostpay","$v":"Postpay APN"},{"$i":"apnConfigPrepay","$v":"Prepay APN"},{"$i":"qtn_sm_toast_set_ICE_first","$v":"Nu există contacte ICE, accesați setările Contactului sau meniul opțiuni al informațiilor ICE"},{"$i":"qtn_sm_toast_google_assist","$v":"Apăsare lungă sau dublă apăsare pentru Google assistant"},{"$i":"qtn_sm_toast_sos_call_msg","$v":"Apăsare lungă sau dublă apăsare pentru apel SOS / mesaj SOS"},{"$i":"nocard-eccOnly","$v":"No SIM card-Emergency calls only"},{"$i":"unusablecard-eccOnly","$v":"Unusable SIM card-Emergency calls only"},{"$i":"sim-with-index-and-carrier","$v":["SIM ",{"t":"idOrVar","v":"index"}," - ",{"t":"idOrVar","v":"carrier"}]},{"$i":"sim-without-carrier","$v":["SIM ",{"t":"idOrVar","v":"index"}]},{"$i":"call-forwarding-async","$v":["Asincon: ",{"t":"idOrVar","v":"async"}]},{"$i":"call-forwarding-data","$v":["Data: ",{"t":"idOrVar","v":"data"}]},{"$i":"call-forwarding-error","$v":"A apărut o eroare la preluarea stării de redirecționare a apelului"},{"$i":"call-forwarding-fax","$v":["FAX: ",{"t":"idOrVar","v":"fax"}]},{"$i":"call-forwarding-inactive","$v":"Inactiv"},{"$i":"call-forwarding-packet","$v":["Pachet: ",{"t":"idOrVar","v":"packet"}]},{"$i":"call-forwarding-pad","$v":["PAD: ",{"t":"idOrVar","v":"pad"}]},{"$i":"call-forwarding-sms","$v":["SMS: ",{"t":"idOrVar","v":"sms"}]},{"$i":"call-forwarding-status","$v":"Stare redirecționare apel"},{"$i":"call-forwarding-sync","$v":["Sincron: ",{"t":"idOrVar","v":"sync"}]},{"$i":"call-forwarding-voice","$v":["Voce: ",{"t":"idOrVar","v":"voice"}]},{"$i":"call-forwarding-voice-after-seconds","$v":["Apel voce: ",{"t":"idOrVar","v":"voice"}," după ",{"t":"idOrVar","v":"timeSeconds"}," secunde"]},{"$i":"fihVersion","$v":"FIH Version"},{"$i":"serviceClassVoice","$v":"Voce"},{"$i":"serviceClassData","$v":"Date"},{"$i":"serviceClassFax","$v":"FAX"},{"$i":"serviceClassSms","$v":"SMS"},{"$i":"serviceClassDataSync","$v":"Sinc."},{"$i":"serviceClassDataAsync","$v":"Asinc"},{"$i":"serviceClassPacket","$v":"Pachet"},{"$i":"serviceClassPad","$v":"PAD"},{"$i":"smServiceEnabled","$v":"Serviciul a fost activat"},{"$i":"smServiceDisabled","$v":"Serviciul a fost dezactivat"},{"$i":"smServiceRegistered","$v":"Înregistrarea s-a realizat cu succes"},{"$i":"smServiceErased","$v":"Ștergerea a reușit"},{"$i":"smServiceInterrogated","$v":"Cererea s-a realizat cu succes"},{"$i":"smServiceNotProvisioned","$v":"Serviciu nefurnizat"},{"$i":"smClirPermanent","$v":"Nu puteți modifica setarea ID apelant"},{"$i":"smClirDefaultOnNextCallOn","$v":"ID-ul apelantului setat în mod implicit pe restricț. Apelul următor: restricț."},{"$i":"smClirDefaultOnNextCallOff","$v":"ID-ul apelantului este setat în mod implicit pe restricționat. Apelul următor: nerestricționat"},{"$i":"smClirDefaultOffNextCallOn","$v":"ID-ul apelantului este setat în mod implicit pe nerestricționat. Apelul următor: restricționat"},{"$i":"smClirDefaultOffNextCallOff","$v":"ID-ul apelantului este setat în mod implicit pe nerestricționat. Apelul următor: nerestricționat"},{"$i":"smServiceEnabledFor","$v":"Serviciul a fost activat pt.:"},{"$i":"smPinChanged","$v":"PIN schimbat cu succes"},{"$i":"smPinUnblocked","$v":"PIN deblocat cu succes"},{"$i":"smPin2Changed","$v":"PIN2 schimbat cu succes"},{"$i":"smPin2Unblocked","$v":"PIN2 deblocat cu succes"},{"$i":"ServiceIsEnabled","$v":"Serviciul este activat"},{"$i":"ServiceIsDisabled","$v":"Serviciul este dezactivat"},{"$i":"ServiceIsEnabledFor","$v":"Serviciul este activat pt.:"},{"$i":"emMmiError","$v":"Problemă de conectare sau cod MMI nevalid"},{"$i":"emMmiErrorPasswordIncorrect","$v":"Parolă incorectă"},{"$i":"emMmiErrorNotSupported","$v":"Cod MMI nevalid sau nesuportat"},{"$i":"emMmiErrorInvalidAction","$v":"Acțiune nevalidă"},{"$i":"emMmiErrorInvalidScCode","$v":"Cod serviciu nevalid"},{"$i":"emMmiErrorBadPuk","$v":"Codul PUK pe care l-ați tastat este incorect"},{"$i":"emMmiErrorBadPin","$v":"Codul PIN vechi pe care l-ați introdus este incorect."},{"$i":"emMmiErrorNeedPuk2","$v":"Introduceți codul PUK2 pentru a debloca SIM-ul"},{"$i":"emMmiErrorMismatchPin","$v":"Codurile PIN pe care le-ați introdus nu corespund"},{"$i":"emMmiErrorInvalidPin","$v":"Introduceți un PIN care are între 4 și 8 cifre"},{"$i":"emMmiErrorNeedsPuk","$v":"Cartela dvs. SIM este blocată cu codul PUK"},{"$i":"emMmiErrorEnablePin","$v":"Nereușit. Activași BLOCARE SIM/RUIM"},{"$i":"emMmiErrorMmiFdn","$v":"Operațiunea este restricț. numai la nr. permise pentru apelare"},{"$i":"emMmiErrorStkCcUssdDial","$v":"Cererea USSD este modificată în cerere APELARE"},{"$i":"emMmiErrorStkCcUssdSs","$v":"Cererea USSD este modificată în cerere SS"},{"$i":"emMmiErrorStkCcUssdUssd","$v":"Cererea USSD este modificată în cerere USSD nouă"},{"$i":"emMmiErrorStkCcSsDial","$v":"Cererea SS este modificată în cerere APELARE"},{"$i":"emMmiErrorStkCcSsUssd","$v":"Cererea SS este modificată în cerere USSD"},{"$i":"emMmiErrorStkCcSsSs","$v":"Cererea SS este modificată în cerere SS nouă"},{"$i":"emMmiErrorPinPukAttempts","$v":{"few":[{"t":"idOrVar","v":"n"}," reîncercări rămase"],"many":[{"t":"idOrVar","v":"n"}," reîncercări rămase"],"one":["Doar ",{"t":"idOrVar","v":"n"}," reîncercare rămasă."],"other":[{"t":"idOrVar","v":"n"}," reîncercări rămase"],"two":[{"t":"idOrVar","v":"n"}," reîncercări rămase"]},"$x":[{"t":"idOrVar","v":"plural"},"n"]},{"$i":"emMmiErrorSimBlocked","$v":"Numărul maxim al reintrărilor a fost depășit. SIM blocat"},{"$i":"RadioNotAvailable","$v":"Radio not available"},{"$i":"PasswordIncorrect","$v":"Parolă greșită"},{"$i":"SimPin2","$v":"PIN2 SIM"},{"$i":"SimPuk2","$v":"PUK2 SIM"},{"$i":"RequestNotSupported","$v":"Cerere nesuportată"},{"$i":"OpNotAllowedDuringVoiceCall","$v":"Operațiunea nu este permisă în timpul apelului vocal"},{"$i":"SmsSendFailRetry","$v":"SMS send fail retry"},{"$i":"SimAbsent","$v":"SIM absent"},{"$i":"SubscriptionNotAvailable","$v":"Abonare indisponibilă"},{"$i":"ModeNotSupported","$v":"Mod nesuportat"},{"$i":"FdnCheckFailure","$v":"Verificare Fdn nereușită"},{"$i":"IllegalSimOrMe","$v":"SIM sau ME ilegal"},{"$i":"DialModifiedToUssd","$v":"Dial modified to USSD"},{"$i":"DialModifiedToSs","$v":"Dial modified to SS"},{"$i":"DialModifiedToDial","$v":"Dial modified to dial"},{"$i":"UssdModifiedToDial","$v":"USSD modif. pentru apelare"},{"$i":"UssdModifiedToSs","$v":"USSD modificat pentru SS"},{"$i":"UssdModifiedToUssd","$v":"USSD modif. pentru USSD."},{"$i":"SsModifiedToDial","$v":"SS modificat pentru apelare"},{"$i":"SsModifiedToUssd","$v":"SS modificat pentru USSD"},{"$i":"SsModifiedToSs","$v":"SS modificat pentru SS"},{"$i":"SubscriptionNotSupported","$v":"Abonare nesuportată"},{"$i":"InvalidParameter","$v":"Parametru nevalid"},{"$i":"RejectedByRemote","$v":"Respins de la distanță"},{"$i":"GetEmptyUssdPrompt","$v":"Răspunsul primit nu a fost primit."},{"$i":"label","$v":"Etichetă"},{"$i":"faxHome","$v":"Fax acasă"},{"$i":"faxOffice","$v":"Fax birou"},{"$i":"faxOther","$v":"Fax altele"},{"$i":"another","$v":"Alta"},{"$i":"other","$v":"Altele"},{"$i":"tcl-customTag","$v":"Etichetă personalizare"},{"$i":"customTag","$v":"Etichetă personalizare","placeholder":"Etichetă personalizare"},{"$i":"current","$v":"Actual"},{"$i":"itemWithLabel","$v":[{"t":"idOrVar","v":"label"},", ",{"t":"idOrVar","v":"item"}]},{"$i":"weekday-0-long","$v":"Duminică"},{"$i":"weekday-1-long","$v":"Luni"},{"$i":"weekday-2-long","$v":"Marți"},{"$i":"weekday-3-long","$v":"Miercuri"},{"$i":"weekday-4-long","$v":"Joi"},{"$i":"weekday-5-long","$v":"Vineri"},{"$i":"weekday-6-long","$v":"Sâmbătă"},{"$i":"weekday-0-short","$v":"Dum"},{"$i":"weekday-1-short","$v":"Lun"},{"$i":"weekday-2-short","$v":"Ma"},{"$i":"weekday-3-short","$v":"Mie"},{"$i":"weekday-4-short","$v":"Joi"},{"$i":"weekday-5-short","$v":"Vi"},{"$i":"weekday-6-short","$v":"Sâm"},{"$i":"month-0-long","$v":"Ianuarie"},{"$i":"month-1-long","$v":"Februarie"},{"$i":"month-2-long","$v":"Martie"},{"$i":"month-3-long","$v":"Aprilie"},{"$i":"month-4-long","$v":"Mai"},{"$i":"month-5-long","$v":"Iunie"},{"$i":"month-6-long","$v":"Iulie"},{"$i":"month-7-long","$v":"August"},{"$i":"month-8-long","$v":"Septembrie"},{"$i":"month-9-long","$v":"Octombrie"},{"$i":"month-10-long","$v":"Noiembrie"},{"$i":"month-11-long","$v":"Decembrie"},{"$i":"month-0-genitive","$v":"Ianuarie"},{"$i":"month-1-genitive","$v":"Februarie"},{"$i":"month-2-genitive","$v":"Martie"},{"$i":"month-3-genitive","$v":"Aprilie"},{"$i":"month-4-genitive","$v":"Mai"},{"$i":"month-5-genitive","$v":"Iunie"},{"$i":"month-6-genitive","$v":"Iulie"},{"$i":"month-7-genitive","$v":"August"},{"$i":"month-8-genitive","$v":"Septembrie"},{"$i":"month-9-genitive","$v":"Octombrie"},{"$i":"month-10-genitive","$v":"Noiembrie"},{"$i":"month-11-genitive","$v":"Decembrie"},{"$i":"month-0-short","$v":"Ian"},{"$i":"month-1-short","$v":"Feb"},{"$i":"month-2-short","$v":"Mar"},{"$i":"month-3-short","$v":"Apr"},{"$i":"month-4-short","$v":"Mai"},{"$i":"month-5-short","$v":"Iun"},{"$i":"month-6-short","$v":"Iul"},{"$i":"month-7-short","$v":"Aug"},{"$i":"month-8-short","$v":"Sep"},{"$i":"month-9-short","$v":"Oct"},{"$i":"month-10-short","$v":"Nov"},{"$i":"month-11-short","$v":"Dec"},{"$i":"minutes-ago-long","$v":{"few":[{"t":"idOrVar","v":"value"}," minute în urmă"],"many":[{"t":"idOrVar","v":"value"}," minute în urmă"],"one":"un minut în urmă","other":[{"t":"idOrVar","v":"value"}," minute în urmă"],"two":[{"t":"idOrVar","v":"value"}," minute în urmă"],"zero":"chiar acum"},"$x":[{"t":"idOrVar","v":"plural"},"value"]},{"$i":"hours-ago-long","$v":{"few":[{"t":"idOrVar","v":"value"}," ore în urmă"],"many":[{"t":"idOrVar","v":"value"}," ore în urmă"],"one":"o oră în urmă","other":[{"t":"idOrVar","v":"value"}," ore în urmă"],"two":[{"t":"idOrVar","v":"value"}," ore în urmă"],"zero":"chiar acum"},"$x":[{"t":"idOrVar","v":"plural"},"value"]},{"$i":"days-ago-long","$v":{"few":[{"t":"idOrVar","v":"value"}," zile în urmă"],"many":[{"t":"idOrVar","v":"value"}," zile în urmă"],"one":"ieri","other":[{"t":"idOrVar","v":"value"}," zile în urmă"],"two":[{"t":"idOrVar","v":"value"}," zile în urmă"],"zero":"azi"},"$x":[{"t":"idOrVar","v":"plural"},"value"]},{"$i":"weeks-ago-long","$v":{"few":[{"t":"idOrVar","v":"value"}," săptămâni în urmă"],"many":[{"t":"idOrVar","v":"value"}," săptămâni în urmă"],"one":"ultima săptămână","other":[{"t":"idOrVar","v":"value"}," săptămâni în urmă"],"two":[{"t":"idOrVar","v":"value"}," săptămâni în urmă"],"zero":"această săptămână"},"$x":[{"t":"idOrVar","v":"plural"},"value"]},{"$i":"months-ago-long","$v":{"few":[{"t":"idOrVar","v":"value"}," luni în urmă"],"many":[{"t":"idOrVar","v":"value"}," luni în urmă"],"one":"ultima lună","other":[{"t":"idOrVar","v":"value"}," luni în urmă"],"two":[{"t":"idOrVar","v":"value"}," luni în urmă"],"zero":"această lună"},"$x":[{"t":"idOrVar","v":"plural"},"value"]},{"$i":"years-ago-long","$v":{"few":[{"t":"idOrVar","v":"value"}," ani în urmă"],"many":[{"t":"idOrVar","v":"value"}," ani în urmă"],"one":"ultimul an","other":[{"t":"idOrVar","v":"value"}," ani în urmă"],"two":[{"t":"idOrVar","v":"value"}," ani în urmă"],"zero":"acest an"},"$x":[{"t":"idOrVar","v":"plural"},"value"]},{"$i":"minutes-until-long","$v":{"few":["în ",{"t":"idOrVar","v":"value"}," minute"],"many":["în ",{"t":"idOrVar","v":"value"}," minute"],"one":"într-un minut","other":["în ",{"t":"idOrVar","v":"value"}," minute"],"two":["în ",{"t":"idOrVar","v":"value"}," minute"],"zero":"acum"},"$x":[{"t":"idOrVar","v":"plural"},"value"]},{"$i":"hours-until-long","$v":{"few":["în ",{"t":"idOrVar","v":"value"}," ore"],"many":["în ",{"t":"idOrVar","v":"value"}," ore"],"one":"într-o oră","other":["în ",{"t":"idOrVar","v":"value"}," ore"],"two":["în ",{"t":"idOrVar","v":"value"}," ore"],"zero":"acum"},"$x":[{"t":"idOrVar","v":"plural"},"value"]},{"$i":"days-until-long","$v":{"few":["în ",{"t":"idOrVar","v":"value"}," zile"],"many":["în ",{"t":"idOrVar","v":"value"}," zile"],"one":"mâine","other":["în ",{"t":"idOrVar","v":"value"}," zile"],"two":["în ",{"t":"idOrVar","v":"value"}," zile"],"zero":"azi"},"$x":[{"t":"idOrVar","v":"plural"},"value"]},{"$i":"weeks-until-long","$v":{"few":["în ",{"t":"idOrVar","v":"value"}," săptămâni"],"many":["în ",{"t":"idOrVar","v":"value"}," săptămâni"],"one":"săptămâna viitoare","other":["în ",{"t":"idOrVar","v":"value"}," săptămâni"],"two":["în ",{"t":"idOrVar","v":"value"}," săptămâni"],"zero":"această săptămână"},"$x":[{"t":"idOrVar","v":"plural"},"value"]},{"$i":"months-until-long","$v":{"few":["în ",{"t":"idOrVar","v":"value"}," luni"],"many":["în ",{"t":"idOrVar","v":"value"}," luni"],"one":"luna viitoare","other":["în ",{"t":"idOrVar","v":"value"}," luni"],"two":["în ",{"t":"idOrVar","v":"value"}," luni"],"zero":"această lună"},"$x":[{"t":"idOrVar","v":"plural"},"value"]},{"$i":"years-until-long","$v":{"few":["în ",{"t":"idOrVar","v":"value"}," ani"],"many":["în ",{"t":"idOrVar","v":"value"}," ani"],"one":"anul viitor","other":["în ",{"t":"idOrVar","v":"value"}," ani"],"two":["în ",{"t":"idOrVar","v":"value"}," ani"],"zero":"acest an"},"$x":[{"t":"idOrVar","v":"plural"},"value"]},{"$i":"minutes-ago-short","$v":{"other":[{"t":"idOrVar","v":"value"},"m în urmă"],"zero":"chiar acum"},"$x":[{"t":"idOrVar","v":"plural"},"value"]},{"$i":"hours-ago-short","$v":{"other":[{"t":"idOrVar","v":"value"},"h în urmă"],"zero":"chiar acum"},"$x":[{"t":"idOrVar","v":"plural"},"value"]},{"$i":"days-ago-short","$v":{"other":[{"t":"idOrVar","v":"value"},"z în urmă"],"zero":"azi"},"$x":[{"t":"idOrVar","v":"plural"},"value"]},{"$i":"minutes-until-short","$v":{"other":["în ",{"t":"idOrVar","v":"value"},"m"],"zero":"acum"},"$x":[{"t":"idOrVar","v":"plural"},"value"]},{"$i":"hours-until-short","$v":{"other":["în ",{"t":"idOrVar","v":"value"},"h"],"zero":"acum"},"$x":[{"t":"idOrVar","v":"plural"},"value"]},{"$i":"days-until-short","$v":{"other":["în ",{"t":"idOrVar","v":"value"},"z"],"zero":"azi"},"$x":[{"t":"idOrVar","v":"plural"},"value"]},{"$i":"incorrectDate","$v":"(dată incorectă)"},{"$i":"dateTimeFormat_%c","$v":"%a %b %e %Y %I:%M:%S %p"},{"$i":"dateTimeFormat_%x","$v":"%m/%d/%Y"},{"$i":"dateTimeFormat_%X","$v":"%I:%M:%S %p"},{"$i":"shortTimeFormat","$v":"%I:%M %p"},{"$i":"shortTimeFormat12","$v":"%I:%M %p"},{"$i":"shortTimeFormat24","$v":"%H:%M"},{"$i":"shortDateTimeFormat","$v":"%x %I:%M %p"},{"$i":"weekStartsOnMonday","$v":"0.0"},{"$i":"firstDayOfTheWeek","$v":"1.0"},{"$i":"time_am","$v":"AM"},{"$i":"time_pm","$v":"PM"}]