[{"$i":"search-or-enter-address","placeholder":"Pesquisar ou introduzir endereço"},{"$i":"delete-title","$v":["Eliminar ",{"t":"idOrVar","v":"name"}]},{"$i":"delete-body","$v":[{"t":"idOrVar","v":"name"}," e todos os respetivos dados serão eliminados."]},{"$i":"delete","$v":"Eliminar"},{"$i":"cancel","$v":"Cancelar"},{"$i":"apps","$v":"Aplicações"},{"$i":"menu","$v":"Menu"},{"$i":"notifications","$v":"Avisos"},{"$i":"speed-dial","$v":"Marcação rápida"},{"$i":"select","$v":"Selecionar"},{"$i":"move","$v":"Mover"},{"$i":"ok","$v":"OK"},{"$i":"set","$v":"Definir"},{"$i":"edit","$v":"Editar"},{"$i":"call","$v":"Chamar"},{"$i":"message","$v":"Mensagem"},{"$i":"options","$v":"Opções"},{"$i":"assign","$v":"Atribuir"},{"$i":"remove","$v":"Remover"},{"$i":"replace","$v":"Substituir"},{"$i":"more","$v":"Mais"},{"$i":"settings","$v":"Definições"},{"$i":"contacts","$v":"Contactos"},{"$i":"list-view","$v":"Vista de lista"},{"$i":"grid-view","$v":"Vista de grelha"},{"$i":"single-view","$v":"Vista simples"},{"$i":"skip","$v":"Ignorar"},{"$i":"shortcuts","$v":"Atalhos"},{"$i":"next","$v":"Avançar"},{"$i":"instant-settings","$v":"definições instantâneas"},{"$i":"flashlight","$v":"Lanterna"},{"$i":"brightness","$v":"Brilho"},{"$i":"volume","$v":"Volume"},{"$i":"camera","$v":"Câmara"},{"$i":"calculator","$v":"Calculadora"},{"$i":"airplane-mode","$v":"Modo de voo"},{"$i":"wifi","$v":"Wi-Fi"},{"$i":"bluetooth","$v":"Bluetooth"},{"$i":"cellular-data","$v":"Dados móveis"},{"$i":"on","$v":"Ativado"},{"$i":"off","$v":"Desativado"},{"$i":"percentage-number","$v":[{"t":"idOrVar","v":"number"},"%"]},{"$i":"voicemail","$v":"Correio de voz"},{"$i":"speed-dial-not-empty","ariaLabel":[{"t":"idOrVar","v":"order"},", ",{"t":"idOrVar","v":"name"}]},{"$i":"speed-dial-empty","ariaLabel":[{"t":"idOrVar","v":"order"},", vazio"]},{"$i":"remove-speed-dial","$v":["Pretende remover ",{"t":"idOrVar","v":"name"}," da marcação rápida?"]},{"$i":"replace-speed-dial","$v":["Tem a certeza de que pretende substituir ",{"t":"idOrVar","v":"name"}," por ",{"t":"idOrVar","v":"subName"},"?"]},{"$i":"assign-speed-dial","$v":["O contacto não foi adicionado como marcação rápida no botão ",{"t":"idOrVar","v":"n"},". Atribuir agora?"]},{"$i":"assign-voicemail","$v":"O número do correio de voz não foi definido."},{"$i":"alert-for-contacts-without-number","$v":"Não existem contactos com número de telefone disponíveis."},{"$i":"option-remove","$v":"Remover  da marcação rápida"},{"$i":"option-replace","$v":"Substituir"},{"$i":"all-apps","$v":"Todas as aplicações"},{"$i":"uninstall","$v":"Desinstalar"},{"$i":"confirm-to-uninstall-app","$v":["Desinstalar a aplicação ",{"t":"idOrVar","v":"{appName"},"?"]},{"$i":"confirm-to-unpin-bookmark","$v":"Remover o website?"},{"$i":"unpin","$v":"Não fixar"},{"$i":"rename","$v":"Mudar o nome"},{"$i":"title","$v":"Título"},{"$i":"add-to-existing-contact","$v":"Adicionar a contacto existente"},{"$i":"create-new-contact","$v":"Criar novo contacto"},{"$i":"sending","$v":"A enviar…"},{"$i":"video-call","$v":"Chamada de vídeo"},{"$i":"rtt-call","$v":"Chamada RTT"},{"$i":"callAirplaneModeTitle","$v":"Modo de voo ativado"},{"$i":"callAirplaneModeMessage","$v":"Para efetuar uma chamada tem de desativar o modo de voo nas definições."},{"$i":"emergencyDialogTitle","$v":"Sem ligação"},{"$i":"emergencyDialogBodyBadNumber","$v":"Para efetuar uma chamada, o telefone tem de estar ligado a uma rede."},{"$i":"emergencyDialogBodyDeviceNotAccepted","$v":"A rede não permite chamadas de emergência."},{"$i":"invalidNumberToDialTitle","$v":"Número de telefone inválido"},{"$i":"invalidNumberToDialMessage","$v":"O número de telefone para onde está a ligar não é válido."},{"$i":"emergency-call-only","$v":"Apenas chamada de emergência"},{"$i":"emergency-call-error","$v":[{"t":"idOrVar","v":"number"}," não é um número de emergência."]},{"$i":"numberIsBusyTitle","$v":"Número ocupado"},{"$i":"numberIsBusyMessage","$v":"O número está ocupado neste momento. Tente novamente mais tarde."},{"$i":"fdnIsActiveTitle","$v":"FDN ativo"},{"$i":"fdnIsActiveMessage","$v":["O FDN (Números de marcação fixa) está ativado e o número seguinte não está na sua lista FDN: ",{"t":"idOrVar","v":"number"}]},{"$i":"otherConnectionInUseTitle","$v":"Outra ligação em utilização"},{"$i":"otherConnectionInUseMessage","$v":"Tem uma chamada ativa noutra ligação. Apenas pode utilizar uma ligação de cada vez."},{"$i":"GenericFailure","$v":"Falha geral"},{"$i":"CallFailed","$v":"A chamada falhou"},{"$i":"scCallBarring","$v":"Interdição de chamadas"},{"$i":"scCallForwarding","$v":"Reenvio de chamadas"},{"$i":"scClip","$v":"ID do chamador de entrada"},{"$i":"scClir","$v":"ID do chamador de saída"},{"$i":"scPwd","$v":"Alteração da palavra-passe"},{"$i":"scCallWaiting","$v":"Chamada em espera"},{"$i":"scPin","$v":"Alteração do PIN"},{"$i":"scPin2","$v":"Alteração do PIN2"},{"$i":"scPuk","$v":"Desbloquear PIN"},{"$i":"scPuk2","$v":"Desbloquear PIN2"},{"$i":"scImei","$v":"IMEI"},{"$i":"scMeid","$v":"MEID"},{"$i":"scUssd","$v":"USSD"},{"$i":"deviceIsUnlocked","$v":"Dispositivo desbloqueado"},{"$i":"simUnlockCodeAccepted","$v":"Código de desbloqueio do SIM aceite"},{"$i":"simUnlockCodeFailed","$v":"SIM não desbloqueado"},{"$i":"personal","$v":"Pessoal"},{"$i":"mobile","$v":"Telemóvel"},{"$i":"home","$v":"Casa"},{"$i":"work","$v":"Trabalho"},{"$i":"fax-home","$v":"Fax doméstico"},{"$i":"fax-office","$v":"Fax escritório"},{"$i":"fax-other","$v":"Fax outro"},{"$i":"homescreen-settings","$v":"Definições do ecrã inicial"},{"$i":"change-wallpaper","$v":"Alterar fundo de ecrã"},{"$i":"add-smart-collections","$v":"Adicionar coleções inteligentes"},{"$i":"edit-mode","$v":"Editar"},{"$i":"edit-done","$v":"Concluído"},{"$i":"tutorial-for-side-menu-1","$v":"Prima a tecla ESQUERDA para aceder às aplicações à esquerda."},{"$i":"tutorial-for-instant-settings-1","$v":"Prima a tecla PARA CIMA para definições utilizadas habitualmente."},{"$i":"tutorial-for-notices","$v":"Prima a tecla DIREITA para ver novos avisos."},{"$i":"tutorial-for-google-assistant-1","$v":"Prima sem soltar OK para falar."},{"$i":"tutorial-for-voice-input-1","$v":"Prima sem soltar OK para falar no campo de texto."},{"$i":"stop-download-title","$v":["Parar ",{"t":"idOrVar","v":"name"}]},{"$i":"stop-download-body","$v":"Pretende parar a transferência em curso?"},{"$i":"stop-download-action","$v":"Parar"},{"$i":"resume-download-title","$v":"Reiniciar transferência"},{"$i":"resume-download-body","$v":["Pretende transferir ",{"t":"idOrVar","v":"name"},"?"]},{"$i":"resume-download-action","$v":"Transferir"},{"$i":"edit-group-header","$v":"Editar grupo"},{"$i":"tcl-wallpaper-changed","$v":"Fundo de ecrã alterado"},{"$i":"gaia-shortcut-app-updated","$v":"Aplicação atualizada"},{"$i":"clocks-updated","$v":"Relógios atualizados"},{"$i":"longDateFormat","$v":"%A, %B %e"},{"$i":"app-title","$v":"As minhas aplicações"},{"$i":"app-uninstall","$v":[{"t":"idOrVar","v":"name"}," foi desinstalado"]},{"$i":"confirmation","$v":"Confirmação"},{"$i":"noSimCard","$v":"Nenhum cartão SIM"},{"$i":"noService","$v":"Sem serviço"},{"$i":"eccOnly","$v":"Emergency calls only"},{"$i":"emergencyCallsOnly","$v":"Emergency calls only"},{"$i":"searching","$v":"A procurar..."},{"$i":"lockedSim","$v":"SIM bloqueado"},{"$i":"clockDateFormat","$v":"%a, %e %b"},{"$i":"apn-sim1","$v":"APN Settings - SIM1"},{"$i":"apn-sim2","$v":"APN Settings - SIM2"},{"$i":"apnDefaultConfig","$v":"APN Default Config"},{"$i":"apn-defaultconfig-message","$v":"Set which type of apn to used"},{"$i":"apnConfigPostpay","$v":"Postpay APN"},{"$i":"apnConfigPrepay","$v":"Prepay APN"},{"$i":"qtn_sm_toast_set_ICE_first","$v":"Sem contactos ICE; aceda às definições de Contactos ou ao menu de opções das informações ICE"},{"$i":"qtn_sm_toast_google_assist","$v":"Pressão longa ou pressão dupla para o Assistente Google"},{"$i":"qtn_sm_toast_sos_call_msg","$v":"Pressão longa ou pressão dupla para chamada/mensagem SOS"},{"$i":"nocard-eccOnly","$v":"No SIM card-Emergency calls only"},{"$i":"unusablecard-eccOnly","$v":"Unusable SIM card-Emergency calls only"},{"$i":"sim-with-index-and-carrier","$v":["SIM ",{"t":"idOrVar","v":"index"}," - ",{"t":"idOrVar","v":"carrier"}]},{"$i":"sim-without-carrier","$v":["SIM ",{"t":"idOrVar","v":"index"}]},{"$i":"call-forwarding-async","$v":["Assíncrono: ",{"t":"idOrVar","v":"async"}]},{"$i":"call-forwarding-data","$v":["Dados: ",{"t":"idOrVar","v":"data"}]},{"$i":"call-forwarding-error","$v":"Ocorreu um erro ao obter o estado de reenvio de chamadas"},{"$i":"call-forwarding-fax","$v":["FAX: ",{"t":"idOrVar","v":"fax"}]},{"$i":"call-forwarding-inactive","$v":"Inativo"},{"$i":"call-forwarding-packet","$v":["Pacote: ",{"t":"idOrVar","v":"packet"}]},{"$i":"call-forwarding-pad","$v":["PAD: ",{"t":"idOrVar","v":"pad"}]},{"$i":"call-forwarding-sms","$v":["SMS: ",{"t":"idOrVar","v":"sms"}]},{"$i":"call-forwarding-status","$v":"Estado de reenvio de chamadas"},{"$i":"call-forwarding-sync","$v":["Assíncrono: ",{"t":"idOrVar","v":"sync"}]},{"$i":"call-forwarding-voice","$v":["Voz: ",{"t":"idOrVar","v":"voice"}]},{"$i":"call-forwarding-voice-after-seconds","$v":["Voz: ",{"t":"idOrVar","v":"voice"}," após ",{"t":"idOrVar","v":"timeSeconds"}," segundos"]},{"$i":"fihVersion","$v":"FIH Version"},{"$i":"serviceClassVoice","$v":"Voz"},{"$i":"serviceClassData","$v":"Dados"},{"$i":"serviceClassFax","$v":"FAX"},{"$i":"serviceClassSms","$v":"SMS"},{"$i":"serviceClassDataSync","$v":"Sincronização"},{"$i":"serviceClassDataAsync","$v":"Assíncrono"},{"$i":"serviceClassPacket","$v":"Pacote"},{"$i":"serviceClassPad","$v":"PAD"},{"$i":"smServiceEnabled","$v":"O serviço foi ativado"},{"$i":"smServiceDisabled","$v":"O serviço foi desativado"},{"$i":"smServiceRegistered","$v":"Registo bem sucedido"},{"$i":"smServiceErased","$v":"Eliminação bem sucedida"},{"$i":"smServiceInterrogated","$v":"Pedido bem sucedido"},{"$i":"smServiceNotProvisioned","$v":"O serviço não foi ativado"},{"$i":"smClirPermanent","$v":"Não é possível alterar a definição de ID do autor da chamada"},{"$i":"smClirDefaultOnNextCallOn","$v":"O ID do chamador assume o padrão de restrito. Próxima chamada: Restrita"},{"$i":"smClirDefaultOnNextCallOff","$v":"O ID do chamador assume o padrão de restrito. Próxima chamada: Não restrita"},{"$i":"smClirDefaultOffNextCallOn","$v":"O ID do chamador assume o padrão de não restrito. Próxima chamada: Restrita"},{"$i":"smClirDefaultOffNextCallOff","$v":"O ID do chamador assume o padrão de não restrito. Próxima chamada: Não restrita"},{"$i":"smServiceEnabledFor","$v":"O serviço foi ativado para:"},{"$i":"smPinChanged","$v":"PIN alterado com êxito"},{"$i":"smPinUnblocked","$v":"PIN desbloqueado com êxito"},{"$i":"smPin2Changed","$v":"PIN2 alterado com êxito"},{"$i":"smPin2Unblocked","$v":"PIN2 desbloqueado com êxito"},{"$i":"ServiceIsEnabled","$v":"Serviço ativado"},{"$i":"ServiceIsDisabled","$v":"Serviço desativado"},{"$i":"ServiceIsEnabledFor","$v":"O serviço está ativado para:"},{"$i":"emMmiError","$v":"Problema de ligação ou código MMI inválido"},{"$i":"emMmiErrorPasswordIncorrect","$v":"Palavra-passe incorreta"},{"$i":"emMmiErrorNotSupported","$v":"Código MMI inválido ou não suportado"},{"$i":"emMmiErrorInvalidAction","$v":"Ação inválida"},{"$i":"emMmiErrorInvalidScCode","$v":"Código de serviço inválido"},{"$i":"emMmiErrorBadPuk","$v":"O PUK digitado não está correto"},{"$i":"emMmiErrorBadPin","$v":"O PIN antigo digitado está incorreto."},{"$i":"emMmiErrorNeedPuk2","$v":"Digite o PUK2 para desbloquear o cartão SIM"},{"$i":"emMmiErrorMismatchPin","$v":"Os PINs digitados não correspondem."},{"$i":"emMmiErrorInvalidPin","$v":"Digite um PIN com 4 a 8 números."},{"$i":"emMmiErrorNeedsPuk","$v":"O seu cartão SIM está bloqueado com PUK"},{"$i":"emMmiErrorEnablePin","$v":"Sem êxito. Ative o BLOQUEIO SIM/RUIM."},{"$i":"emMmiErrorMmiFdn","$v":"A operação é limitada apenas a números de marcação fixa"},{"$i":"emMmiErrorStkCcUssdDial","$v":"Pedido USSD modificado para pedido DIAL"},{"$i":"emMmiErrorStkCcUssdSs","$v":"Pedido USSD modificado para pedido SS"},{"$i":"emMmiErrorStkCcUssdUssd","$v":"Pedido USSD modificado para novo pedido USSD"},{"$i":"emMmiErrorStkCcSsDial","$v":"Pedido SS modificado para pedido DIAL"},{"$i":"emMmiErrorStkCcSsUssd","$v":"Pedido SS modificado para pedido USSD."},{"$i":"emMmiErrorStkCcSsSs","$v":"Pedido SS modificado para novo pedido SS"},{"$i":"emMmiErrorPinPukAttempts","$v":{"few":[{"t":"idOrVar","v":"n"}," tentativas restantes"],"many":[{"t":"idOrVar","v":"n"}," tentativas restantes"],"one":["Apenas ",{"t":"idOrVar","v":"n"}," tentativa restante"],"other":[{"t":"idOrVar","v":"n"}," tentativas restantes"],"two":[{"t":"idOrVar","v":"n"}," tentativas restantes"]},"$x":[{"t":"idOrVar","v":"plural"},"n"]},{"$i":"emMmiErrorSimBlocked","$v":"Número máximo de tentativas excedido. SIM bloqueado"},{"$i":"RadioNotAvailable","$v":"Rádio não disponível"},{"$i":"PasswordIncorrect","$v":"Palavra-passe incorreta"},{"$i":"SimPin2","$v":"PIN2 do SIM"},{"$i":"SimPuk2","$v":"PUK2 do SIM"},{"$i":"RequestNotSupported","$v":"Pedido não suportado"},{"$i":"OpNotAllowedDuringVoiceCall","$v":"Operação não permitida durante a chamada de voz"},{"$i":"SmsSendFailRetry","$v":"Envio de SMS falhou. Tentar novamente"},{"$i":"SimAbsent","$v":"SIM ausente"},{"$i":"SubscriptionNotAvailable","$v":"Subscrição não disponível"},{"$i":"ModeNotSupported","$v":"Modo não suportado"},{"$i":"FdnCheckFailure","$v":"Falha ao verificar fdn"},{"$i":"IllegalSimOrMe","$v":"SIM ou ME ilegal"},{"$i":"DialModifiedToUssd","$v":"Marcação modificada para USSD"},{"$i":"DialModifiedToSs","$v":"Marcação modificada para SS"},{"$i":"DialModifiedToDial","$v":"Marcação modificada para marcação"},{"$i":"UssdModifiedToDial","$v":"USSD modificado para marcação"},{"$i":"UssdModifiedToSs","$v":"USSD modificado para SS"},{"$i":"UssdModifiedToUssd","$v":"USSD modificado para USSD"},{"$i":"SsModifiedToDial","$v":"SS modificado para marcação"},{"$i":"SsModifiedToUssd","$v":"SS modificado para USSD"},{"$i":"SsModifiedToSs","$v":"SS modificado para SS"},{"$i":"SubscriptionNotSupported","$v":"Subscrição não suportada"},{"$i":"InvalidParameter","$v":"Parâmetro inválido"},{"$i":"RejectedByRemote","$v":"Rejeitado remotamente"},{"$i":"GetEmptyUssdPrompt","$v":"Recebida resposta nula."},{"$i":"label","$v":"Etiqueta"},{"$i":"faxHome","$v":"Fax doméstico"},{"$i":"faxOffice","$v":"Fax escritório"},{"$i":"faxOther","$v":"Fax outro"},{"$i":"another","$v":"Outro"},{"$i":"other","$v":"Outro"},{"$i":"tcl-customTag","$v":"Etiqueta personalizada"},{"$i":"customTag","$v":"Etiqueta personalizada","placeholder":"Etiqueta personalizada"},{"$i":"current","$v":"Atual"},{"$i":"itemWithLabel","$v":[{"t":"idOrVar","v":"label"},", ",{"t":"idOrVar","v":"item"}]},{"$i":"weekday-0-long","$v":"Domingo"},{"$i":"weekday-1-long","$v":"Segunda-feira"},{"$i":"weekday-2-long","$v":"Terça-feira"},{"$i":"weekday-3-long","$v":"Quarta-feira"},{"$i":"weekday-4-long","$v":"Quinta-feira"},{"$i":"weekday-5-long","$v":"Sexta-feira"},{"$i":"weekday-6-long","$v":"Sábado"},{"$i":"weekday-0-short","$v":"Dom"},{"$i":"weekday-1-short","$v":"Seg"},{"$i":"weekday-2-short","$v":"Ter"},{"$i":"weekday-3-short","$v":"Qua"},{"$i":"weekday-4-short","$v":"Qui"},{"$i":"weekday-5-short","$v":"Sex"},{"$i":"weekday-6-short","$v":"Sáb"},{"$i":"month-0-long","$v":"Janeiro"},{"$i":"month-1-long","$v":"Fevereiro"},{"$i":"month-2-long","$v":"Março"},{"$i":"month-3-long","$v":"Abril"},{"$i":"month-4-long","$v":"Maio"},{"$i":"month-5-long","$v":"Junho"},{"$i":"month-6-long","$v":"Julho"},{"$i":"month-7-long","$v":"Agosto"},{"$i":"month-8-long","$v":"Setembro"},{"$i":"month-9-long","$v":"Outubro"},{"$i":"month-10-long","$v":"Novembro"},{"$i":"month-11-long","$v":"Dezembro"},{"$i":"month-0-genitive","$v":"Janeiro"},{"$i":"month-1-genitive","$v":"Fevereiro"},{"$i":"month-2-genitive","$v":"Março"},{"$i":"month-3-genitive","$v":"Abril"},{"$i":"month-4-genitive","$v":"Maio"},{"$i":"month-5-genitive","$v":"Junho"},{"$i":"month-6-genitive","$v":"Julho"},{"$i":"month-7-genitive","$v":"Agosto"},{"$i":"month-8-genitive","$v":"Setembro"},{"$i":"month-9-genitive","$v":"Outubro"},{"$i":"month-10-genitive","$v":"Novembro"},{"$i":"month-11-genitive","$v":"Dezembro"},{"$i":"month-0-short","$v":"Jan"},{"$i":"month-1-short","$v":"Fev"},{"$i":"month-2-short","$v":"Mar"},{"$i":"month-3-short","$v":"Abr"},{"$i":"month-4-short","$v":"Mai"},{"$i":"month-5-short","$v":"Jun"},{"$i":"month-6-short","$v":"Jul"},{"$i":"month-7-short","$v":"Ago"},{"$i":"month-8-short","$v":"Set"},{"$i":"month-9-short","$v":"Out"},{"$i":"month-10-short","$v":"Nov"},{"$i":"month-11-short","$v":"Dez"},{"$i":"minutes-ago-long","$v":{"few":[{"t":"idOrVar","v":"value"}," minutos atrás"],"many":[{"t":"idOrVar","v":"value"}," minutos atrás"],"one":"há um minuto","other":[{"t":"idOrVar","v":"value"}," minutos atrás"],"two":[{"t":"idOrVar","v":"value"}," minutos atrás"],"zero":"mesmo agora"},"$x":[{"t":"idOrVar","v":"plural"},"value"]},{"$i":"hours-ago-long","$v":{"few":[{"t":"idOrVar","v":"value"}," horas atrás"],"many":[{"t":"idOrVar","v":"value"}," horas atrás"],"one":"há uma hora","other":[{"t":"idOrVar","v":"value"}," horas atrás"],"two":[{"t":"idOrVar","v":"value"}," horas atrás"],"zero":"mesmo agora"},"$x":[{"t":"idOrVar","v":"plural"},"value"]},{"$i":"days-ago-long","$v":{"few":[{"t":"idOrVar","v":"value"}," dias atrás"],"many":[{"t":"idOrVar","v":"value"}," dias atrás"],"one":"ontem","other":[{"t":"idOrVar","v":"value"}," dias atrás"],"two":[{"t":"idOrVar","v":"value"}," dias atrás"],"zero":"hoje"},"$x":[{"t":"idOrVar","v":"plural"},"value"]},{"$i":"weeks-ago-long","$v":{"few":[{"t":"idOrVar","v":"value"}," semanas atrás"],"many":[{"t":"idOrVar","v":"value"}," semanas atrás"],"one":"semana passada","other":[{"t":"idOrVar","v":"value"}," semanas atrás"],"two":[{"t":"idOrVar","v":"value"}," semanas atrás"],"zero":"esta semana"},"$x":[{"t":"idOrVar","v":"plural"},"value"]},{"$i":"months-ago-long","$v":{"few":[{"t":"idOrVar","v":"value"}," meses atrás"],"many":[{"t":"idOrVar","v":"value"}," meses atrás"],"one":"mês passado","other":[{"t":"idOrVar","v":"value"}," meses atrás"],"two":[{"t":"idOrVar","v":"value"}," meses atrás"],"zero":"este mês"},"$x":[{"t":"idOrVar","v":"plural"},"value"]},{"$i":"years-ago-long","$v":{"few":[{"t":"idOrVar","v":"value"}," anos atrás"],"many":[{"t":"idOrVar","v":"value"}," anos atrás"],"one":"ano passado","other":[{"t":"idOrVar","v":"value"}," anos atrás"],"two":[{"t":"idOrVar","v":"value"}," anos atrás"],"zero":"este ano"},"$x":[{"t":"idOrVar","v":"plural"},"value"]},{"$i":"minutes-until-long","$v":{"few":["em ",{"t":"idOrVar","v":"value"}," minutos"],"many":["em ",{"t":"idOrVar","v":"value"}," minutos"],"one":"em um minuto","other":["em ",{"t":"idOrVar","v":"value"}," minutos"],"two":["em ",{"t":"idOrVar","v":"value"}," minutos"],"zero":"agora"},"$x":[{"t":"idOrVar","v":"plural"},"value"]},{"$i":"hours-until-long","$v":{"few":["em ",{"t":"idOrVar","v":"value"}," horas"],"many":["em ",{"t":"idOrVar","v":"value"}," horas"],"one":"dentro de uma hora","other":["em ",{"t":"idOrVar","v":"value"}," horas"],"two":["em ",{"t":"idOrVar","v":"value"}," horas"],"zero":"agora"},"$x":[{"t":"idOrVar","v":"plural"},"value"]},{"$i":"days-until-long","$v":{"few":["em ",{"t":"idOrVar","v":"value"}," dias"],"many":["em ",{"t":"idOrVar","v":"value"}," dias"],"one":"amanhã","other":["em ",{"t":"idOrVar","v":"value"}," dias"],"two":["em ",{"t":"idOrVar","v":"value"}," dias"],"zero":"hoje"},"$x":[{"t":"idOrVar","v":"plural"},"value"]},{"$i":"weeks-until-long","$v":{"few":["em ",{"t":"idOrVar","v":"value"}," semanas"],"many":["em ",{"t":"idOrVar","v":"value"}," semanas"],"one":"próxima semana","other":["em ",{"t":"idOrVar","v":"value"}," semanas"],"two":["em ",{"t":"idOrVar","v":"value"}," semanas"],"zero":"esta semana"},"$x":[{"t":"idOrVar","v":"plural"},"value"]},{"$i":"months-until-long","$v":{"few":["em ",{"t":"idOrVar","v":"value"}," meses"],"many":["em ",{"t":"idOrVar","v":"value"}," meses"],"one":"próximo mês","other":["em ",{"t":"idOrVar","v":"value"}," meses"],"two":["em ",{"t":"idOrVar","v":"value"}," meses"],"zero":"este mês"},"$x":[{"t":"idOrVar","v":"plural"},"value"]},{"$i":"years-until-long","$v":{"few":["em ",{"t":"idOrVar","v":"value"}," anos"],"many":["em ",{"t":"idOrVar","v":"value"}," anos"],"one":"próximo ano","other":["em ",{"t":"idOrVar","v":"value"}," anos"],"two":["em ",{"t":"idOrVar","v":"value"}," anos"],"zero":"este ano"},"$x":[{"t":"idOrVar","v":"plural"},"value"]},{"$i":"minutes-ago-short","$v":{"other":[{"t":"idOrVar","v":"value"},"m atrás"],"zero":"mesmo agora"},"$x":[{"t":"idOrVar","v":"plural"},"value"]},{"$i":"hours-ago-short","$v":{"other":[{"t":"idOrVar","v":"value"},"h atrás"],"zero":"mesmo agora"},"$x":[{"t":"idOrVar","v":"plural"},"value"]},{"$i":"days-ago-short","$v":{"other":[{"t":"idOrVar","v":"value"},"d atrás"],"zero":"hoje"},"$x":[{"t":"idOrVar","v":"plural"},"value"]},{"$i":"minutes-until-short","$v":{"other":["em ",{"t":"idOrVar","v":"value"},"m"],"zero":"agora"},"$x":[{"t":"idOrVar","v":"plural"},"value"]},{"$i":"hours-until-short","$v":{"other":["em ",{"t":"idOrVar","v":"value"},"h"],"zero":"agora"},"$x":[{"t":"idOrVar","v":"plural"},"value"]},{"$i":"days-until-short","$v":{"other":["em ",{"t":"idOrVar","v":"value"},"d"],"zero":"hoje"},"$x":[{"t":"idOrVar","v":"plural"},"value"]},{"$i":"incorrectDate","$v":"(data incorreta)"},{"$i":"dateTimeFormat_%c","$v":"%a %b %e %Y %I:%M:%S %p"},{"$i":"dateTimeFormat_%x","$v":"%d/%m/%Y"},{"$i":"dateTimeFormat_%X","$v":"%I:%M:%S %p"},{"$i":"shortTimeFormat","$v":"%I:%M %p"},{"$i":"shortTimeFormat12","$v":"%I:%M %p"},{"$i":"shortTimeFormat24","$v":"%H:%M"},{"$i":"shortDateTimeFormat","$v":"%x %I:%M %p"},{"$i":"weekStartsOnMonday","$v":"0.0"},{"$i":"firstDayOfTheWeek","$v":"1.0"},{"$i":"time_am","$v":"AM"},{"$i":"time_pm","$v":"PM"}]