[{"$i":"search-or-enter-address","placeholder":"ලිපිනය සොයන්න හෝ ඇතුළු කරන්න"},{"$i":"delete-title","$v":[{"t":"idOrVar","v":"name"},"මකන්නද"]},{"$i":"delete-body","$v":[{"t":"idOrVar","v":"name"}," එහි දත්ත සියල්ල මකා දමාවි."]},{"$i":"delete","$v":"මකන්න"},{"$i":"cancel","$v":"අවලංගු කරන්න"},{"$i":"apps","$v":"යෙදුම්"},{"$i":"menu","$v":"මෙනුව"},{"$i":"notifications","$v":"නිවේදන"},{"$i":"speed-dial","$v":"වේග ඩයල්"},{"$i":"select","$v":"තෝරන්න"},{"$i":"move","$v":"ගෙන යන්න"},{"$i":"ok","$v":"OK"},{"$i":"set","$v":"සකසන්න"},{"$i":"edit","$v":"සංස්කරණය කරන්න"},{"$i":"call","$v":"අමතන්න"},{"$i":"message","$v":"පණිවුඩය"},{"$i":"options","$v":"විකල්ප"},{"$i":"assign","$v":"පවරන්න"},{"$i":"remove","$v":"ඉවත් කරන්න"},{"$i":"replace","$v":"ප්රතිස්. කරන"},{"$i":"more","$v":"තවත්"},{"$i":"settings","$v":"පසුතල"},{"$i":"contacts","$v":"සබඳතා"},{"$i":"list-view","$v":"ලැයිස්තු දැක්ම"},{"$i":"grid-view","$v":"ජාල දැක්ම"},{"$i":"single-view","$v":"තනි දැක්ම"},{"$i":"skip","$v":"මග හරින්න"},{"$i":"shortcuts","$v":"කෙටි මං"},{"$i":"next","$v":"ඊලඟ"},{"$i":"instant-settings","$v":"ක්ෂණික පසුතල"},{"$i":"flashlight","$v":"සැණෙලි එළිය"},{"$i":"brightness","$v":"දීප්තිය"},{"$i":"volume","$v":"හඬ"},{"$i":"camera","$v":"කැමරාව"},{"$i":"calculator","$v":"ගණකය"},{"$i":"airplane-mode","$v":"ගුවන් යානා මාදිලිය"},{"$i":"wifi","$v":"Wi-Fi"},{"$i":"bluetooth","$v":"Bluetooth"},{"$i":"cellular-data","$v":"සෙලියුලර් දත්ත"},{"$i":"on","$v":"ක්‍රියාත්මකයි"},{"$i":"off","$v":"ක්‍රියා විරහිතයි"},{"$i":"percentage-number","$v":[{"t":"idOrVar","v":"number"},"%"]},{"$i":"voicemail","$v":"හඬ තැපැල්"},{"$i":"speed-dial-not-empty","ariaLabel":[{"t":"idOrVar","v":"order"},", ",{"t":"idOrVar","v":"name"}]},{"$i":"speed-dial-empty","ariaLabel":[{"t":"idOrVar","v":"order"},", හිස්"]},{"$i":"remove-speed-dial","$v":["වේග ඩයල් වෙතින් ",{"t":"idOrVar","v":"name"}," ඉවත් කළ යුතු බව ඔබට සහතිකද?"]},{"$i":"replace-speed-dial","$v":["ඔබට ",{"t":"idOrVar","v":"name"}," යන්න ",{"t":"idOrVar","v":"subName"}," යන්න වෙනුවට ආදේශ කළ යුතු බව ඔබට සහතිකද?"]},{"$i":"assign-speed-dial","$v":["සබඳතාව ",{"t":"idOrVar","v":"n"}," බොත්තමෙහි වේග ඩයල් ලෙස එක් නොකරන ලදි. දැන් පවරන්නද?"]},{"$i":"assign-voicemail","$v":"හඬ තැපැල් අංකය සකස් වී නොමැත."},{"$i":"alert-for-contacts-without-number","$v":"දුරකථන අංකය ලද හැකි සබඳතා නැත."},{"$i":"option-remove","$v":"වේග ඩයල්වලින් ඉවත් කරන්න"},{"$i":"option-replace","$v":"ප්රතිස්. කරන"},{"$i":"all-apps","$v":"සියලු යෙදුම්"},{"$i":"uninstall","$v":"අස්ථාපනය කරන්න"},{"$i":"confirm-to-uninstall-app","$v":[{"t":"idOrVar","v":"appName"}," යෙදුම අස්ථාපනය කරන්නද?"]},{"$i":"confirm-to-unpin-bookmark","$v":"වෙබ් අඩවියේ ඇමුණුම ඉවත් කරන්නද?"},{"$i":"unpin","$v":"ඇමුණුම ඉවත් කරන්න"},{"$i":"rename","$v":"නැවත නම් කරන්න"},{"$i":"title","$v":"ශීර්ෂය"},{"$i":"add-to-existing-contact","$v":"පවතින සබඳතාවට එක්කරන්න"},{"$i":"create-new-contact","$v":"නව සබඳතාව සාදන්න"},{"$i":"sending","$v":"යවමින්…"},{"$i":"video-call","$v":"වීඩියෝ ඇමතුම"},{"$i":"rtt-call","$v":"RTT ඇමතුම"},{"$i":"callAirplaneModeTitle","$v":"ගුවන්විදුලි මාදිලිය සක්‍රීයයි"},{"$i":"callAirplaneModeMessage","$v":"ඇමතුමක් ලබා ගැනීමට ඔබ ගුවන්යානා මාදිලිය පසුතලහිදී අක්‍රීය කළ යුතුය."},{"$i":"emergencyDialogTitle","$v":"ජාල සම්බන්ධතාවයක් නැත"},{"$i":"emergencyDialogBodyBadNumber","$v":"ඇමතුමක් ලබා ගැනීමට, දුරකථනය ජාලයකට සම්බන්ධ කර තිබිය යුතුය."},{"$i":"emergencyDialogBodyDeviceNotAccepted","$v":"ජාලයෙන් හදිසි අවස්ථා ඇමතුම්වලට ඉඩ නොලැබේ."},{"$i":"invalidNumberToDialTitle","$v":"වැරදි දුරකථන අංකය"},{"$i":"invalidNumberToDialMessage","$v":"ඔබ අමතන අංකය වලංගු එකක් නොවේ."},{"$i":"emergency-call-only","$v":"හදිසි අවස්ථා ඇමතුම පමණි"},{"$i":"emergency-call-error","$v":[{"t":"idOrVar","v":"number"}," යනු හදිසි අංකයක් නොවේ."]},{"$i":"numberIsBusyTitle","$v":"අංකය කාර්ය බහුලයි"},{"$i":"numberIsBusyMessage","$v":"අංකය මේ මොහොතේ කාර්යබහුලයි. කරුණාකර පසුව නැවත උත්සාහ කරන්න."},{"$i":"fdnIsActiveTitle","$v":"FDN සක්‍රියයි"},{"$i":"fdnIsActiveMessage","$v":["FDN (ස්ථිර ඩයල් කිරීමේ අංක) සක්‍රිය කර ඇති අතර පහත දැක්වෙන අංකය ඔබේ FDN ලැයිස්තුවේ නැත: ",{"t":"idOrVar","v":"number"}]},{"$i":"otherConnectionInUseTitle","$v":"භාවිතා වන අනෙක් සම්බන්ධතාව"},{"$i":"otherConnectionInUseMessage","$v":"ඔබට වෙනත් සම්බන්ධතාවයක සක්‍රීය ඇමතුමක් තිබේ. ඔබට එක් අවස්ථාවක භාවිතා කළ හැක්කේ එක් සම්බන්ධතාවයක් පමණි."},{"$i":"GenericFailure","$v":"ප්‍රභේදරහිත අසාර්ථක වීම"},{"$i":"CallFailed","$v":"ඇමතුම අසාර්ථක විණි"},{"$i":"scCallBarring","$v":"ඇමතුම් තහනම් කිරීම"},{"$i":"scCallForwarding","$v":"ඇමතුම යොමු කිරීම"},{"$i":"scClip","$v":"එන ඇමතුම්කරුගේ ID"},{"$i":"scClir","$v":"පිටතට යන අමතන්නාගේ ID"},{"$i":"scPwd","$v":"රහස් කේතය වෙනස් කරන්න"},{"$i":"scCallWaiting","$v":"ඇමතුම් පොරොත්තුව"},{"$i":"scPin","$v":"PIN වෙනස් කිරීම"},{"$i":"scPin2","$v":"PIN2 වෙනස් කරන්න"},{"$i":"scPuk","$v":"PIN අගුළු මුදන්න"},{"$i":"scPuk2","$v":"PIN2 අගුළු මුදන්න"},{"$i":"scImei","$v":"IMEI"},{"$i":"scMeid","$v":"MEID"},{"$i":"scUssd","$v":"USSD"},{"$i":"deviceIsUnlocked","$v":"උපාංගය අගුළු හැරිනි"},{"$i":"simUnlockCodeAccepted","$v":"SIM අගුළු හැරීමේ කේතය පිළිගන්නා ලදී"},{"$i":"simUnlockCodeFailed","$v":"SIM අගුළු හැරීම අසාර්ධක විය"},{"$i":"personal","$v":"පෞද්ගලික"},{"$i":"mobile","$v":"ජංගම"},{"$i":"home","$v":"ගෙදර"},{"$i":"work","$v":"වැඩ"},{"$i":"fax-home","$v":"නිවසේ ෆැක්ස්"},{"$i":"fax-office","$v":"කාර්යාලයේ ෆැක්ස්"},{"$i":"fax-other","$v":"වෙනත් ෆැක්ස්"},{"$i":"homescreen-settings","$v":"මුල්පිටු තිර පසුතල"},{"$i":"change-wallpaper","$v":"වෝල්පේපරය වෙනස් කරන්න"},{"$i":"add-smart-collections","$v":"ස්මාර්ට් රැස්කිරීම් එක්කරන්න"},{"$i":"edit-mode","$v":"සංස්කරණය කරන්න"},{"$i":"edit-done","$v":"ඉටු කළා"},{"$i":"tutorial-for-side-menu-1","$v":"වම්පස ඇති යෙදුම් වෙත පිවිසීමට වම් යතුර ඔබන්න."},{"$i":"tutorial-for-instant-settings-1","$v":"පොදුවේ භාවිතා වන පසුතල සඳහා ඉහළට යතුර ඔබන්න."},{"$i":"tutorial-for-notices","$v":"නව දැන්වීම් බැලීමට දකුණු යතුර ඔබන්න."},{"$i":"tutorial-for-google-assistant-1","$v":"කතා කිරීමට OK දීර්ඝව ඔබන්න."},{"$i":"tutorial-for-voice-input-1","$v":"කතා කිරීමට වදන් ක්‍ෂේත්‍රය තුළ OK දීර්ඝව ඔබන්න."},{"$i":"stop-download-title","$v":["නවත්වන්න ",{"t":"idOrVar","v":"name"}]},{"$i":"stop-download-body","$v":"සිදු කෙරෙමින් පවතින බාගැනීම නතර කිරීමට ඔබට අවශ්‍යද?"},{"$i":"stop-download-action","$v":"නවත්වන්න"},{"$i":"resume-download-title","$v":"බාගත කිරීම නැවත අරඹන්න"},{"$i":"resume-download-body","$v":[{"t":"idOrVar","v":"name"},"බාගැනීමට අවශ්‍ය නැතිද?"]},{"$i":"resume-download-action","$v":"බාගන්න"},{"$i":"edit-group-header","$v":"කණ්ඩායම වෙනස් කරන්න"},{"$i":"tcl-wallpaper-changed","$v":"බිත්ති පුවත්පත වෙනස් කරන ලදි"},{"$i":"gaia-shortcut-app-updated","$v":"යෙදුම් යාවත් කරන ලදි"},{"$i":"clocks-updated","$v":"ඔරලෝසු යාවත් කරන ලදි"},{"$i":"longDateFormat","$v":"%A, %B %e"},{"$i":"app-title","$v":"මගේ යෙදුම්"},{"$i":"app-uninstall","$v":[{"t":"idOrVar","v":"name"}," අස්ථාපනය කරනලදී"]},{"$i":"confirmation","$v":"තහවුරු කිරීම"},{"$i":"noSimCard","$v":"SIM කාඩ්පතක් නැත"},{"$i":"noService","$v":"සේවාවක් නොමැත"},{"$i":"eccOnly","$v":"Emergency calls only"},{"$i":"emergencyCallsOnly","$v":"Emergency calls only"},{"$i":"searching","$v":"සොයමින්…"},{"$i":"lockedSim","$v":"අගුළු දැමූ SIM"},{"$i":"clockDateFormat","$v":"%a, %e %b"},{"$i":"apn-sim1","$v":"APN Settings - SIM1"},{"$i":"apn-sim2","$v":"APN Settings - SIM2"},{"$i":"apnDefaultConfig","$v":"APN Default Config"},{"$i":"apn-defaultconfig-message","$v":"Set which type of apn to used"},{"$i":"apnConfigPostpay","$v":"Postpay APN"},{"$i":"apnConfigPrepay","$v":"Prepay APN"},{"$i":"qtn_sm_toast_set_ICE_first","$v":"ICE සබඳතා නැත, කරුණාකර පළමුව සකස් කිරීමට ICE තොරතුරුවල සබඳතා පසුතල හෝ විකල්ප මෙනුව වෙත යන්න."},{"$i":"qtn_sm_toast_google_assist","$v":"Google assistant සඳහා දීර්ඝව ඔබන්න හෝ දෙවරක් ඔබන්න"},{"$i":"qtn_sm_toast_sos_call_msg","$v":"SOS ඇමතුම / SOS පණිවුඩය සඳහා දීර්ඝව ඔබන්න හෝ දෙවරක් ඔබන්න"},{"$i":"nocard-eccOnly","$v":"No SIM card-Emergency calls only"},{"$i":"unusablecard-eccOnly","$v":"Unusable SIM card-Emergency calls only"},{"$i":"sim-with-index-and-carrier","$v":["SIM ",{"t":"idOrVar","v":"index"}," - ",{"t":"idOrVar","v":"carrier"}]},{"$i":"sim-without-carrier","$v":["SIM ",{"t":"idOrVar","v":"index"}]},{"$i":"call-forwarding-async","$v":["අසමමුහූර්තක: ",{"t":"idOrVar","v":"async"}]},{"$i":"call-forwarding-data","$v":["දත්ත: ",{"t":"idOrVar","v":"data"}]},{"$i":"call-forwarding-error","$v":"ඇමතුම යොමු කිරීමේ තත්ත්වය ලබා ගන්නා අතර දෝෂයක් ඇති විය"},{"$i":"call-forwarding-fax","$v":["ෆැක්ස්: ",{"t":"idOrVar","v":"fax"}]},{"$i":"call-forwarding-inactive","$v":"අක්‍රියයි"},{"$i":"call-forwarding-packet","$v":["පැකට්ටුව: ",{"t":"idOrVar","v":"packet"}]},{"$i":"call-forwarding-pad","$v":["PAD: ",{"t":"idOrVar","v":"pad"}]},{"$i":"call-forwarding-sms","$v":["SMS: ",{"t":"idOrVar","v":"sms"}]},{"$i":"call-forwarding-status","$v":"ඇමතුම යොමු කිරීමේ තත්ත්වය"},{"$i":"call-forwarding-sync","$v":["සමමුහූර්ත: ",{"t":"idOrVar","v":"sync"}]},{"$i":"call-forwarding-voice","$v":["හඬ: ",{"t":"idOrVar","v":"voice"}]},{"$i":"call-forwarding-voice-after-seconds","$v":["හඬ: තත්පර ",{"t":"idOrVar","v":"timeSeconds"}," කට පසුව ",{"t":"idOrVar","v":"voice"}]},{"$i":"fihVersion","$v":"FIH Version"},{"$i":"serviceClassVoice","$v":"හඬ"},{"$i":"serviceClassData","$v":"දත්ත"},{"$i":"serviceClassFax","$v":"ෆැක්ස්"},{"$i":"serviceClassSms","$v":"SMS"},{"$i":"serviceClassDataSync","$v":"සමමු කරන්න"},{"$i":"serviceClassDataAsync","$v":"අසමමු"},{"$i":"serviceClassPacket","$v":"පැකට්ටුව"},{"$i":"serviceClassPad","$v":"PAD"},{"$i":"smServiceEnabled","$v":"සේවාව සක්‍රීය කරන ලදි"},{"$i":"smServiceDisabled","$v":"සේවාව අක්‍රීය කර තිබේ"},{"$i":"smServiceRegistered","$v":"ලියාපදිංචි කිරීම සාර්ථකයි"},{"$i":"smServiceErased","$v":"මැකීම සාර්ථක විය"},{"$i":"smServiceInterrogated","$v":"ඉල්ලීම සාර්ථක විය"},{"$i":"smServiceNotProvisioned","$v":"සේවාව සපයා නැත"},{"$i":"smClirPermanent","$v":"ඔබට අමතන්නාගේ ID පසුතල වෙනස් කළ නොහැක"},{"$i":"smClirDefaultOnNextCallOn","$v":"අමතන්නාගේ ID පෙරනිමි සීමා කර ඇති ලෙසට. ඊළඟ ඇමතුම: සීමා කර ඇත"},{"$i":"smClirDefaultOnNextCallOff","$v":"අමතන්නාගේ ID පෙරනිමි සීමා කර ඇති ලෙසට. ඊළඟ ඇමතුම: සීමා කර නැත"},{"$i":"smClirDefaultOffNextCallOn","$v":"අමතන්නාගේ ID පෙරනිමි සීමා කර නැති ලෙසට. ඊළඟ ඇමතුම: සීමා කර ඇත"},{"$i":"smClirDefaultOffNextCallOff","$v":"අමතන්නාගේ ID පෙරනිමි සීමා කර නැති ලෙසට. ඊළඟ ඇමතුම: සීමා කර නැත"},{"$i":"smServiceEnabledFor","$v":"මේ සඳහා සේවාව සක්‍රීය කරන ලදි:"},{"$i":"smPinChanged","$v":"PIN අංකය සාර්ථකව වෙනස් කරන ලදි"},{"$i":"smPinUnblocked","$v":"PIN අංකය සාර්ථකව බාධා හරින ලදි"},{"$i":"smPin2Changed","$v":"PIN2 සාර්ථකව වෙනස් කරන ලදි"},{"$i":"smPin2Unblocked","$v":"PIN2 සාර්ථකව බාධා හරින ලදි"},{"$i":"ServiceIsEnabled","$v":"සේවාව සක්‍රීයයි"},{"$i":"ServiceIsDisabled","$v":"සේවාව අක්‍රීයයි"},{"$i":"ServiceIsEnabledFor","$v":"සඳහා සේවාව සක්‍රීයයි:"},{"$i":"emMmiError","$v":"සම්බන්ධතා ගැටළුවක් හෝ වැරදි MMI කේතයක්"},{"$i":"emMmiErrorPasswordIncorrect","$v":"වැරදි රහස් වචනයක්"},{"$i":"emMmiErrorNotSupported","$v":"වැරදි හෝ සහාය නොදක්වන MMI කේතය"},{"$i":"emMmiErrorInvalidAction","$v":"වැරදි ක්‍රියාවක"},{"$i":"emMmiErrorInvalidScCode","$v":"වැරදි සේවා කේතයක්"},{"$i":"emMmiErrorBadPuk","$v":"ඔබ ටයිප් කළ PUK වැරදි එකකි"},{"$i":"emMmiErrorBadPin","$v":"ඔබ ඇතුළු කළ පැරණි PIN වැරදිය."},{"$i":"emMmiErrorNeedPuk2","$v":"SIM කාඩ්පත අගුළු ඇරීමට PUK2 ඇතුළු කරන්න"},{"$i":"emMmiErrorMismatchPin","$v":"ඔබ ඇතුළු කළ PIN කේත නොගැලපේ"},{"$i":"emMmiErrorInvalidPin","$v":"ඉලක්කම් 4 සිට 8 අතර PIN අංකයක් ඇතුළු කරන්න"},{"$i":"emMmiErrorNeedsPuk","$v":"ඔබේ SIM කාඩ්පතේ PUK-අගුළු දමා තිබේ"},{"$i":"emMmiErrorEnablePin","$v":"අසාර්ථකයි. SIM/RUIM අගුළ සක්‍රීය කරන්න"},{"$i":"emMmiErrorMmiFdn","$v":"ස්ථිර ඩයල් කිරීමේ අංකවලට පමණක් මෙහෙයුම සීමා කර ඇත"},{"$i":"emMmiErrorStkCcUssdDial","$v":"DIAL ඉල්ලීම USSD ඉල්ලීම ලෙසට වෙනස් කරන ලදි"},{"$i":"emMmiErrorStkCcUssdSs","$v":"USSD ඉල්ලීම SS ඉල්ලීම ලෙසට වෙනස් කරන ලදි"},{"$i":"emMmiErrorStkCcUssdUssd","$v":"USSD ඉල්ලීම නව USSD ඉල්ලීම ලෙසට වෙනස් කරන ලදි"},{"$i":"emMmiErrorStkCcSsDial","$v":"SS ඉල්ලීම DIAL ඉල්ලීම ලෙසට වෙනස් කරන ලදි"},{"$i":"emMmiErrorStkCcSsUssd","$v":"SS ඉල්ලීම USSD ලෙසට වෙනස් කරන ලදි"},{"$i":"emMmiErrorStkCcSsSs","$v":"SS ඉල්ලීම නව SS ඉල්ලීම ලෙසට වෙනස් කරන ලදි"},{"$i":"emMmiErrorPinPukAttempts","$v":{"few":[{"t":"idOrVar","v":"n"}," ප්‍රතිඋත්සාහ හැරගොස්ය"],"many":[{"t":"idOrVar","v":"n"}," ප්‍රතිඋත්සාහ හැරගොස්ය"],"one":["එක්",{"t":"idOrVar","v":"n"}," නැවත උත්සාහ කිරීමක් පමණක් ඉතිරිව ඇත"],"other":[{"t":"idOrVar","v":"n"}," ප්‍රතිඋත්සාහ හැරගොස්ය"],"two":[{"t":"idOrVar","v":"n"}," ප්‍රතිඋත්සාහ හැරගොස්ය"]},"$x":[{"t":"idOrVar","v":"plural"},"n"]},{"$i":"emMmiErrorSimBlocked","$v":"උපරිම උත්සාහක සංඛ්‍යාව වෙත ළඟා විය. SIM අවහිර කරන ලදි"},{"$i":"RadioNotAvailable","$v":"Radio not available"},{"$i":"PasswordIncorrect","$v":"රහස් වචනය වැරදියි"},{"$i":"SimPin2","$v":"SIM PIN2"},{"$i":"SimPuk2","$v":"SIM PUK2"},{"$i":"RequestNotSupported","$v":"ඉල්ලීමට ආධාරක නොවේ"},{"$i":"OpNotAllowedDuringVoiceCall","$v":"හඬ පණිවුඩ අතරතුර මෙහෙයුමට ඉඩ දී නැත"},{"$i":"SmsSendFailRetry","$v":"SMS send fail retry"},{"$i":"SimAbsent","$v":"SIM නොමැත"},{"$i":"SubscriptionNotAvailable","$v":"දායකත්වය ලද නොහැකිය"},{"$i":"ModeNotSupported","$v":"ආකාරය ආධාරක නොවේ"},{"$i":"FdnCheckFailure","$v":"Fdn පරීක්ෂාව අසාර්ථකයි"},{"$i":"IllegalSimOrMe","$v":"නීතිවිරෝධී SIM හෝ ME"},{"$i":"DialModifiedToUssd","$v":"Dial modified to USSD"},{"$i":"DialModifiedToSs","$v":"Dial modified to SS"},{"$i":"DialModifiedToDial","$v":"Dial modified to dial"},{"$i":"UssdModifiedToDial","$v":"ඩයල් කිරීම ලෙසට USSD වෙනස් කරන ලදි"},{"$i":"UssdModifiedToSs","$v":"SS ලෙසට USSD වෙනස් කරන ලදි"},{"$i":"UssdModifiedToUssd","$v":"USSD ලෙසට USSD වෙනස් කරන ලදි"},{"$i":"SsModifiedToDial","$v":"SS ඩයල් කිරීමට වෙනස් කරන ලදි"},{"$i":"SsModifiedToUssd","$v":"SS USSDට වෙනස් කරන ලදි"},{"$i":"SsModifiedToSs","$v":"SS යන්න SS ට වෙනස් කරන ලදි"},{"$i":"SubscriptionNotSupported","$v":"දායකත්වය ආධාරක නොවේ"},{"$i":"InvalidParameter","$v":"වැරදි පරාමිතිය"},{"$i":"RejectedByRemote","$v":"දුරස්ථය මගින් ප්‍රතික්ෂේප කරන ලදි"},{"$i":"GetEmptyUssdPrompt","$v":"ලැබුණු පිළිතුර."},{"$i":"label","$v":"ලේබලය"},{"$i":"faxHome","$v":"නිවසේ ෆැක්ස්"},{"$i":"faxOffice","$v":"කාර්යාලයේ ෆැක්ස්"},{"$i":"faxOther","$v":"වෙනත් ෆැක්ස්"},{"$i":"another","$v":"වෙනත්"},{"$i":"other","$v":"වෙනත්"},{"$i":"tcl-customTag","$v":"ගැලපුම් ටැගය"},{"$i":"customTag","$v":"ගැලපුම් ටැගය","placeholder":"ගැලපුම් ටැගය"},{"$i":"current","$v":"වත්මන්"},{"$i":"itemWithLabel","$v":[{"t":"idOrVar","v":"label"},", ",{"t":"idOrVar","v":"item"}]},{"$i":"weekday-0-long","$v":"ඉරිදා"},{"$i":"weekday-1-long","$v":"සඳුදා"},{"$i":"weekday-2-long","$v":"අඟහරුවාදා"},{"$i":"weekday-3-long","$v":"බදාදා"},{"$i":"weekday-4-long","$v":"බ්‍රහස්පතින්දා"},{"$i":"weekday-5-long","$v":"සිකුරාදා"},{"$i":"weekday-6-long","$v":"සෙනසුරාදා"},{"$i":"weekday-0-short","$v":"ඉරිදා"},{"$i":"weekday-1-short","$v":"සඳු"},{"$i":"weekday-2-short","$v":"අඟ"},{"$i":"weekday-3-short","$v":"බදා"},{"$i":"weekday-4-short","$v":"බ්‍රහස්"},{"$i":"weekday-5-short","$v":"සිකු"},{"$i":"weekday-6-short","$v":"සෙන"},{"$i":"month-0-long","$v":"ජනවාරි"},{"$i":"month-1-long","$v":"පෙබරවාරි"},{"$i":"month-2-long","$v":"මාර්තු"},{"$i":"month-3-long","$v":"අප්‍රේල්"},{"$i":"month-4-long","$v":"මැයි"},{"$i":"month-5-long","$v":"ජුනි"},{"$i":"month-6-long","$v":"ජූලි"},{"$i":"month-7-long","$v":"අගෝස්තු"},{"$i":"month-8-long","$v":"සැප්තැම්බර්"},{"$i":"month-9-long","$v":"ඔක්තෝබර්"},{"$i":"month-10-long","$v":"නොවැම්බර්"},{"$i":"month-11-long","$v":"දෙසැම්බර්"},{"$i":"month-0-genitive","$v":"ජනවාරි"},{"$i":"month-1-genitive","$v":"පෙබරවාරි"},{"$i":"month-2-genitive","$v":"මාර්තු"},{"$i":"month-3-genitive","$v":"අප්‍රේල්"},{"$i":"month-4-genitive","$v":"මැයි"},{"$i":"month-5-genitive","$v":"ජූනි"},{"$i":"month-6-genitive","$v":"ජුලි"},{"$i":"month-7-genitive","$v":"අගෝස්තු"},{"$i":"month-8-genitive","$v":"සැප්තැම්බර්"},{"$i":"month-9-genitive","$v":"ඔක්තෝබර්"},{"$i":"month-10-genitive","$v":"නොවැම්බර්"},{"$i":"month-11-genitive","$v":"දෙසැම්බර්"},{"$i":"month-0-short","$v":"ජන"},{"$i":"month-1-short","$v":"පෙබ"},{"$i":"month-2-short","$v":"මාර්."},{"$i":"month-3-short","$v":"අප්‍රේ"},{"$i":"month-4-short","$v":"මැයි"},{"$i":"month-5-short","$v":"ජූනි"},{"$i":"month-6-short","$v":"ජූලි"},{"$i":"month-7-short","$v":"අගෝ"},{"$i":"month-8-short","$v":"සැප්"},{"$i":"month-9-short","$v":"ඔක්"},{"$i":"month-10-short","$v":"නොවැ"},{"$i":"month-11-short","$v":"දෙසැ"},{"$i":"minutes-ago-long","$v":{"few":[{"t":"idOrVar","v":"value"}," මිනිත්තුවකට පෙර"],"many":[{"t":"idOrVar","v":"value"}," මිනිත්තුවකට පෙර"],"one":"මිනිත්තුවකට පෙර","other":[{"t":"idOrVar","v":"value"}," මිනිත්තුවකට පෙර"],"two":[{"t":"idOrVar","v":"value"}," මිනිත්තුවකට පෙර"],"zero":"මේ දැන්"},"$x":[{"t":"idOrVar","v":"plural"},"value"]},{"$i":"hours-ago-long","$v":{"few":[{"t":"idOrVar","v":"value"}," පැයකට ඉහත"],"many":[{"t":"idOrVar","v":"value"}," පැයකට ඉහත"],"one":"පැයකට පෙර","other":[{"t":"idOrVar","v":"value"}," පැයකට ඉහත"],"two":[{"t":"idOrVar","v":"value"}," පැයකට ඉහත"],"zero":"මේ දැන්"},"$x":[{"t":"idOrVar","v":"plural"},"value"]},{"$i":"days-ago-long","$v":{"few":[{"t":"idOrVar","v":"value"}," දවසකට ඉහත"],"many":[{"t":"idOrVar","v":"value"}," දවසකට ඉහත"],"one":"ඊයේ","other":[{"t":"idOrVar","v":"value"}," දවසකට ඉහත"],"two":[{"t":"idOrVar","v":"value"}," දවසකට ඉහත"],"zero":"අද"},"$x":[{"t":"idOrVar","v":"plural"},"value"]},{"$i":"weeks-ago-long","$v":{"few":[{"t":"idOrVar","v":"value"}," සතියකට ඉහත"],"many":[{"t":"idOrVar","v":"value"}," සතියකට ඉහත"],"one":"පසුගිය සතිය","other":[{"t":"idOrVar","v":"value"}," සතියකට ඉහත"],"two":[{"t":"idOrVar","v":"value"}," සතියකට ඉහත"],"zero":"මේ සතිය"},"$x":[{"t":"idOrVar","v":"plural"},"value"]},{"$i":"months-ago-long","$v":{"few":[{"t":"idOrVar","v":"value"}," මසකට ඉහත"],"many":[{"t":"idOrVar","v":"value"}," මසකට ඉහත"],"one":"අවසන් මාසය","other":[{"t":"idOrVar","v":"value"}," මසකට ඉහත"],"two":[{"t":"idOrVar","v":"value"}," මසකට ඉහත"],"zero":"මේ මාසය"},"$x":[{"t":"idOrVar","v":"plural"},"value"]},{"$i":"years-ago-long","$v":{"few":[{"t":"idOrVar","v":"value"}," වසරකට ඉහත"],"many":[{"t":"idOrVar","v":"value"}," වසරකට ඉහත"],"one":"පසුගිය වසර","other":[{"t":"idOrVar","v":"value"}," වසරකට ඉහත"],"two":[{"t":"idOrVar","v":"value"}," වසරකට ඉහත"],"zero":"මෙම වසර"},"$x":[{"t":"idOrVar","v":"plural"},"value"]},{"$i":"minutes-until-long","$v":{"few":["මිනිත්තු",{"t":"idOrVar","v":"value"}," කින්"],"many":["මිනිත්තු",{"t":"idOrVar","v":"value"}," කින්"],"one":"මිනිත්තුවකදී","other":["මිනිත්තු",{"t":"idOrVar","v":"value"}," කින්"],"two":["මිනිත්තු",{"t":"idOrVar","v":"value"}," කින්"],"zero":"දැන්"},"$x":[{"t":"idOrVar","v":"plural"},"value"]},{"$i":"hours-until-long","$v":{"few":["පැය ",{"t":"idOrVar","v":"value"}," කින්"],"many":["පැය ",{"t":"idOrVar","v":"value"}," කින්"],"one":"පැයකදී","other":["පැය ",{"t":"idOrVar","v":"value"}," කින්"],"two":["පැය ",{"t":"idOrVar","v":"value"}," කින්"],"zero":"දැන්"},"$x":[{"t":"idOrVar","v":"plural"},"value"]},{"$i":"days-until-long","$v":{"few":["දින ",{"t":"idOrVar","v":"value"}," කින්"],"many":["දින ",{"t":"idOrVar","v":"value"}," කින්"],"one":"හෙට","other":["දින ",{"t":"idOrVar","v":"value"}," කින්"],"two":["දින ",{"t":"idOrVar","v":"value"}," කින්"],"zero":"අද"},"$x":[{"t":"idOrVar","v":"plural"},"value"]},{"$i":"weeks-until-long","$v":{"few":["සති ",{"t":"idOrVar","v":"value"}," කින්"],"many":["සති ",{"t":"idOrVar","v":"value"}," කින්"],"one":"ඊළඟ සතිය","other":["සති ",{"t":"idOrVar","v":"value"}," කින්"],"two":["සති ",{"t":"idOrVar","v":"value"}," කින්"],"zero":"මේ සතිය"},"$x":[{"t":"idOrVar","v":"plural"},"value"]},{"$i":"months-until-long","$v":{"few":["මාස ",{"t":"idOrVar","v":"value"}," කින්"],"many":["මාස ",{"t":"idOrVar","v":"value"}," කින්"],"one":"ඊළඟ මාසය","other":["මාස ",{"t":"idOrVar","v":"value"}," කින්"],"two":["මාස ",{"t":"idOrVar","v":"value"}," කින්"],"zero":"මේ මාසය"},"$x":[{"t":"idOrVar","v":"plural"},"value"]},{"$i":"years-until-long","$v":{"few":["වසර ",{"t":"idOrVar","v":"value"}," කින්"],"many":["වසර ",{"t":"idOrVar","v":"value"}," කින්"],"one":"ඊළඟ වසර","other":["වසර ",{"t":"idOrVar","v":"value"}," කින්"],"two":["වසර ",{"t":"idOrVar","v":"value"}," කින්"],"zero":"මෙම වසර"},"$x":[{"t":"idOrVar","v":"plural"},"value"]},{"$i":"minutes-ago-short","$v":{"other":[{"t":"idOrVar","v":"value"},"මි. පෙර"],"zero":"මේ දැන්"},"$x":[{"t":"idOrVar","v":"plural"},"value"]},{"$i":"hours-ago-short","$v":{"other":[{"t":"idOrVar","v":"value"},"පැ. පෙර"],"zero":"මේ දැන්"},"$x":[{"t":"idOrVar","v":"plural"},"value"]},{"$i":"days-ago-short","$v":{"other":[{"t":"idOrVar","v":"value"},"දි. පෙර"],"zero":"අද"},"$x":[{"t":"idOrVar","v":"plural"},"value"]},{"$i":"minutes-until-short","$v":{"other":["මාස ",{"t":"idOrVar","v":"value"},"කින්"],"zero":"දැන්"},"$x":[{"t":"idOrVar","v":"plural"},"value"]},{"$i":"hours-until-short","$v":{"other":["පැය ",{"t":"idOrVar","v":"value"},"කින්"],"zero":"දැන්"},"$x":[{"t":"idOrVar","v":"plural"},"value"]},{"$i":"days-until-short","$v":{"other":["දින ",{"t":"idOrVar","v":"value"},"කින්"],"zero":"අද"},"$x":[{"t":"idOrVar","v":"plural"},"value"]},{"$i":"incorrectDate","$v":"(වැරදිදිනය)"},{"$i":"dateTimeFormat_%c","$v":"%a %b %e %Y %I:%M:%S %p"},{"$i":"dateTimeFormat_%x","$v":"%m/%d/%Y"},{"$i":"dateTimeFormat_%X","$v":"%I:%M:%S %p"},{"$i":"shortTimeFormat","$v":"%I:%M %p"},{"$i":"shortTimeFormat12","$v":"%I:%M %p"},{"$i":"shortTimeFormat24","$v":"%H:%M"},{"$i":"shortDateTimeFormat","$v":"%x %I:%M %p"},{"$i":"weekStartsOnMonday","$v":"0.0"},{"$i":"firstDayOfTheWeek","$v":"0.0"},{"$i":"time_am","$v":"AM"},{"$i":"time_pm","$v":"PM"}]