[{"$i":"search-or-enter-address","placeholder":"Vyhľ. al. zadať adresu"},{"$i":"delete-title","$v":["Vymazať ",{"t":"idOrVar","v":"name"}]},{"$i":"delete-body","$v":[{"t":"idOrVar","v":"name"}," a všetky jeho údaje sa vymažú."]},{"$i":"delete","$v":"Vymazať"},{"$i":"cancel","$v":"Zrušiť"},{"$i":"apps","$v":"Aplikácie"},{"$i":"menu","$v":"Menu"},{"$i":"notifications","$v":"Oznámenia"},{"$i":"speed-dial","$v":"Rýchla voľba"},{"$i":"select","$v":"Vybrať"},{"$i":"move","$v":"Presunúť"},{"$i":"ok","$v":"OK"},{"$i":"set","$v":"Nastaviť"},{"$i":"edit","$v":"Upraviť"},{"$i":"call","$v":"Volať"},{"$i":"message","$v":"Správa"},{"$i":"options","$v":"Možnosti"},{"$i":"assign","$v":"Priradiť"},{"$i":"remove","$v":"Odobrať"},{"$i":"replace","$v":"Nahradiť"},{"$i":"more","$v":"Ďalšie"},{"$i":"settings","$v":"Nastavenia"},{"$i":"contacts","$v":"Kontakty"},{"$i":"list-view","$v":"Zobr. zoznamu"},{"$i":"grid-view","$v":"Zobr. ikon"},{"$i":"single-view","$v":"Samostatné zobr."},{"$i":"skip","$v":"Preskočiť"},{"$i":"shortcuts","$v":"Skratky"},{"$i":"next","$v":"Ďalej"},{"$i":"instant-settings","$v":"okamž. nastavenia"},{"$i":"flashlight","$v":"Baterka"},{"$i":"brightness","$v":"Jas"},{"$i":"volume","$v":"Hlasitosť"},{"$i":"camera","$v":"Fotoaparát"},{"$i":"calculator","$v":"Kalkulačka"},{"$i":"airplane-mode","$v":"Režim Lietadlo"},{"$i":"wifi","$v":"Wi-Fi"},{"$i":"bluetooth","$v":"Bluetooth"},{"$i":"cellular-data","$v":"Mobilné dáta"},{"$i":"on","$v":"Zap."},{"$i":"off","$v":"Vyp."},{"$i":"percentage-number","$v":[{"t":"idOrVar","v":"number"}," %"]},{"$i":"voicemail","$v":"Hlasová schránka"},{"$i":"speed-dial-not-empty","ariaLabel":[{"t":"idOrVar","v":"order"},", ",{"t":"idOrVar","v":"name"}]},{"$i":"speed-dial-empty","ariaLabel":[{"t":"idOrVar","v":"order"},", prázdne"]},{"$i":"remove-speed-dial","$v":["Naozaj chcete odstrániť ",{"t":"idOrVar","v":"name"}," z rýchlej voľby?"]},{"$i":"replace-speed-dial","$v":["Naozaj chcete nahradiť ",{"t":"idOrVar","v":"name"}," s ",{"t":"idOrVar","v":"subName"},"?"]},{"$i":"assign-speed-dial","$v":["Kontakt nebol pridaný ako rýchla voľba na tlačidlo ",{"t":"idOrVar","v":"n"},". Priradiť?"]},{"$i":"assign-voicemail","$v":"Číslo hlas. schránky nie je nastavené."},{"$i":"alert-for-contacts-without-number","$v":"Nenašiel sa žiadny dostupný kontakt s telefónnym číslom."},{"$i":"option-remove","$v":"Odstrániť z rýchlej voľby"},{"$i":"option-replace","$v":"Nahradiť"},{"$i":"all-apps","$v":"Všetky apl."},{"$i":"uninstall","$v":"Odinštalovať"},{"$i":"confirm-to-uninstall-app","$v":["Odinštalovať aplikáciu ",{"t":"idOrVar","v":"appName"},"?"]},{"$i":"confirm-to-unpin-bookmark","$v":"Odopnúť web?"},{"$i":"unpin","$v":"Zrušiť pripnutie"},{"$i":"rename","$v":"Premenovať"},{"$i":"title","$v":"Názov"},{"$i":"add-to-existing-contact","$v":"Pridať k exist. kontaktu"},{"$i":"create-new-contact","$v":"Vytvoriť nový účet"},{"$i":"sending","$v":"Posiela sa..."},{"$i":"video-call","$v":"Videohovor"},{"$i":"rtt-call","$v":"Volanie RTT"},{"$i":"callAirplaneModeTitle","$v":"Režim Lietadlo zapnutý"},{"$i":"callAirplaneModeMessage","$v":"Ak chcete uskutočniť hovor, vypnite režim Lietadlo v nastaveniach."},{"$i":"emergencyDialogTitle","$v":"Žiad. sieťové pripojenie"},{"$i":"emergencyDialogBodyBadNumber","$v":"Ak chcete uskutočniť hovor, telefón musí byť pripojený k sieti."},{"$i":"emergencyDialogBodyDeviceNotAccepted","$v":"Sieť nepovoľuje núdzové volania."},{"$i":"invalidNumberToDialTitle","$v":"Nepl. tel. číslo"},{"$i":"invalidNumberToDialMessage","$v":"Telefónne číslo, na ktoré voláte, je neplatné."},{"$i":"emergency-call-only","$v":"Len núdzový hovor"},{"$i":"emergency-call-error","$v":[{"t":"idOrVar","v":"number"}," nie je núdzové číslo."]},{"$i":"numberIsBusyTitle","$v":"Číslo je obs."},{"$i":"numberIsBusyMessage","$v":"Číslo je obsadené. Skúste to znova neskôr."},{"$i":"fdnIsActiveTitle","$v":"FDN aktívne"},{"$i":"fdnIsActiveMessage","$v":["Povolené čísla (FDN) sú aktiv. a nasled. číslo nie je v zozname FDN: ",{"t":"idOrVar","v":"number"}]},{"$i":"otherConnectionInUseTitle","$v":"Používa sa iné spojenie"},{"$i":"otherConnectionInUseMessage","$v":"Na inom spojení máte aktívny hovor. Môžete používať len 1 spojenie súčasne."},{"$i":"GenericFailure","$v":"Gener. chyba"},{"$i":"CallFailed","$v":"Hovor zlyhal"},{"$i":"scCallBarring","$v":"Blokovanie h."},{"$i":"scCallForwarding","$v":"Presmer. hov."},{"$i":"scClip","$v":"ID volaj. prich. hov."},{"$i":"scClir","$v":"ID volajúceho odch. h."},{"$i":"scPwd","$v":"Zmena hesla"},{"$i":"scCallWaiting","$v":"Čakanie na h."},{"$i":"scPin","$v":"Zmena k. PIN"},{"$i":"scPin2","$v":"Zmena k. PIN2"},{"$i":"scPuk","$v":"Odblokovať PIN"},{"$i":"scPuk2","$v":"Odblokovať PIN2"},{"$i":"scImei","$v":"IMEI"},{"$i":"scMeid","$v":"MEID"},{"$i":"scUssd","$v":"USSD"},{"$i":"deviceIsUnlocked","$v":"Zariadenie je odomk."},{"$i":"simUnlockCodeAccepted","$v":"Odomk. kód karty SIM prijatý"},{"$i":"simUnlockCodeFailed","$v":"Odomk. karty SIM zlyhalo"},{"$i":"personal","$v":"Osobné"},{"$i":"mobile","$v":"Mobilný"},{"$i":"home","$v":"Domov"},{"$i":"work","$v":"Práca"},{"$i":"fax-home","$v":"Fax domov"},{"$i":"fax-office","$v":"Fax (práca)"},{"$i":"fax-other","$v":"Fax (iné)"},{"$i":"homescreen-settings","$v":"Nastavenia dom. obr."},{"$i":"change-wallpaper","$v":"Zmeniť tapetu"},{"$i":"add-smart-collections","$v":"Pridať intelig. kolekcie"},{"$i":"edit-mode","$v":"Upraviť"},{"$i":"edit-done","$v":"Hotovo"},{"$i":"tutorial-for-side-menu-1","$v":"Stlačením tlačidla DOĽAVA zobrazíte aplikácie naľavo."},{"$i":"tutorial-for-instant-settings-1","$v":"Stlačením tlačidla HORE zobrazíte bežne používané nastavenia."},{"$i":"tutorial-for-notices","$v":"Ak chcete zobraziť nové oznamy, stlačte PRAVÉ tlačidlo."},{"$i":"tutorial-for-google-assistant-1","$v":"Ak chcete hovoriť, podržte dlho stlačenú ikonu OK."},{"$i":"tutorial-for-voice-input-1","$v":"Ak chcete hovoriť v textovom poli, podržte dlho stlačenú ikonu OK."},{"$i":"stop-download-title","$v":["Zastaviť ",{"t":"idOrVar","v":"name"}]},{"$i":"stop-download-body","$v":"Chcete zastaviť prebiehajúce sťahovanie?"},{"$i":"stop-download-action","$v":"Stop"},{"$i":"resume-download-title","$v":"Reštart. sťahovanie"},{"$i":"resume-download-body","$v":["Chcete stiahnuť ",{"t":"idOrVar","v":"name"},"?"]},{"$i":"resume-download-action","$v":"Stiahnuť"},{"$i":"edit-group-header","$v":"Upraviť skupinu"},{"$i":"tcl-wallpaper-changed","$v":"Tapeta zmenená"},{"$i":"gaia-shortcut-app-updated","$v":"Apl. aktual."},{"$i":"clocks-updated","$v":"Hodiny aktualiz."},{"$i":"longDateFormat","$v":"%A, %B %e"},{"$i":"app-title","$v":"Moje apl."},{"$i":"app-uninstall","$v":[{"t":"idOrVar","v":"name"}," odinštalovaná."]},{"$i":"confirmation","$v":"Potvrdenie"},{"$i":"noSimCard","$v":"Žiad. SIM karta"},{"$i":"noService","$v":"Žiadna služba"},{"$i":"eccOnly","$v":"Emergency calls only"},{"$i":"emergencyCallsOnly","$v":"Emergency calls only"},{"$i":"searching","$v":"Vyhľadávanie…"},{"$i":"lockedSim","$v":"Zamknutá SIM"},{"$i":"clockDateFormat","$v":"%a, %e %b"},{"$i":"apn-sim1","$v":"APN Settings - SIM1"},{"$i":"apn-sim2","$v":"APN Settings - SIM2"},{"$i":"apnDefaultConfig","$v":"APN Default Config"},{"$i":"apn-defaultconfig-message","$v":"Set which type of apn to used"},{"$i":"apnConfigPostpay","$v":"Postpay APN"},{"$i":"apnConfigPrepay","$v":"Prepay APN"},{"$i":"qtn_sm_toast_set_ICE_first","$v":"Nemáte žiadne tiesňové kontakty. Najskôr prejdite do nastavenia kontaktov alebo do ponuky možností tiesňových informácií"},{"$i":"qtn_sm_toast_google_assist","$v":"Dlhým alebo dvojitým stlačením aktivujete asistenta Google"},{"$i":"qtn_sm_toast_sos_call_msg","$v":"Dlhým alebo dvojitým stlačením aktivujete volanie SOS/správu SOS"},{"$i":"nocard-eccOnly","$v":"No SIM card-Emergency calls only"},{"$i":"unusablecard-eccOnly","$v":"Unusable SIM card-Emergency calls only"},{"$i":"sim-with-index-and-carrier","$v":["SIM ",{"t":"idOrVar","v":"index"}," - ",{"t":"idOrVar","v":"carrier"}]},{"$i":"sim-without-carrier","$v":["SIM ",{"t":"idOrVar","v":"index"}]},{"$i":"call-forwarding-async","$v":["Asynchrónne: ",{"t":"idOrVar","v":"async"}]},{"$i":"call-forwarding-data","$v":["Dáta: ",{"t":"idOrVar","v":"data"}]},{"$i":"call-forwarding-error","$v":"Počas načítania stavu presmer. hov. sa vyskytla chyba"},{"$i":"call-forwarding-fax","$v":["FAX: ",{"t":"idOrVar","v":"fax"}]},{"$i":"call-forwarding-inactive","$v":"Neaktívne"},{"$i":"call-forwarding-packet","$v":["Balíček: ",{"t":"idOrVar","v":"packet"}]},{"$i":"call-forwarding-pad","$v":["PAD: ",{"t":"idOrVar","v":"pad"}]},{"$i":"call-forwarding-sms","$v":["SMS: ",{"t":"idOrVar","v":"sms"}]},{"$i":"call-forwarding-status","$v":"Stav presmer. hov."},{"$i":"call-forwarding-sync","$v":["Synchrónne: ",{"t":"idOrVar","v":"sync"}]},{"$i":"call-forwarding-voice","$v":["Hlas: ",{"t":"idOrVar","v":"voice"}]},{"$i":"call-forwarding-voice-after-seconds","$v":["Hlas: ",{"t":"idOrVar","v":"voice"}," po ",{"t":"idOrVar","v":"timeSeconds"}," s"]},{"$i":"fihVersion","$v":"FIH Version"},{"$i":"serviceClassVoice","$v":"Hlas"},{"$i":"serviceClassData","$v":"Dáta"},{"$i":"serviceClassFax","$v":"FAX"},{"$i":"serviceClassSms","$v":"SMS"},{"$i":"serviceClassDataSync","$v":"Synchr."},{"$i":"serviceClassDataAsync","$v":"Asynch."},{"$i":"serviceClassPacket","$v":"Balíček"},{"$i":"serviceClassPad","$v":"PAD"},{"$i":"smServiceEnabled","$v":"Služba bola povolená"},{"$i":"smServiceDisabled","$v":"Služba bola zakázaná"},{"$i":"smServiceRegistered","$v":"Registrácia bola úspešná"},{"$i":"smServiceErased","$v":"Vymazanie úspešné"},{"$i":"smServiceInterrogated","$v":"Žiadosť bola úspešná"},{"$i":"smServiceNotProvisioned","$v":"Služba nie je poskytovaná"},{"$i":"smClirPermanent","$v":"Nie je možné zmeniť nastavenie ID volajúceho"},{"$i":"smClirDefaultOnNextCallOn","$v":"ID vol. sa zmení na obmedz. Ďalší hovor: obmedz."},{"$i":"smClirDefaultOnNextCallOff","$v":"ID vol. sa zmení na obmedz. Ďalší hovor: neobmedz."},{"$i":"smClirDefaultOffNextCallOn","$v":"ID vol. sa zmení na neobmedz. Ďalší hovor: obmedz."},{"$i":"smClirDefaultOffNextCallOff","$v":"ID vol. sa zmení na neobmedz. Ďalší hovor: neobmedz."},{"$i":"smServiceEnabledFor","$v":"Služba bola povolená pre:"},{"$i":"smPinChanged","$v":"Kód PIN úspešne zmen."},{"$i":"smPinUnblocked","$v":"Kód PIN úspešne odblok."},{"$i":"smPin2Changed","$v":"Kód PIN2 úspešne zmen."},{"$i":"smPin2Unblocked","$v":"Kód PIN2 úspešne odblok."},{"$i":"ServiceIsEnabled","$v":"Služba je povolená"},{"$i":"ServiceIsDisabled","$v":"Služba je zakázaná"},{"$i":"ServiceIsEnabledFor","$v":"Služba je povolená pre:"},{"$i":"emMmiError","$v":"Problém pripojenia alebo neplatný kód MMI"},{"$i":"emMmiErrorPasswordIncorrect","$v":"Nesprávne heslo"},{"$i":"emMmiErrorNotSupported","$v":"Nepl. alebo nepodpor. kód MMI"},{"$i":"emMmiErrorInvalidAction","$v":"Neplatná akcia"},{"$i":"emMmiErrorInvalidScCode","$v":"Nepl. kód služby"},{"$i":"emMmiErrorBadPuk","$v":"Zadaný kód PUK je nesprávny"},{"$i":"emMmiErrorBadPin","$v":"Zadaný starý kód PIN je nesprávny."},{"$i":"emMmiErrorNeedPuk2","$v":"Zadajte PUK2 na odblok. karty SIM"},{"$i":"emMmiErrorMismatchPin","$v":"Zadané kódy PIN sa nezhodujú"},{"$i":"emMmiErrorInvalidPin","$v":"Zadajte PIN – 4 až 8 číslic"},{"$i":"emMmiErrorNeedsPuk","$v":"Karte SIM je zamknutá kódom PUK"},{"$i":"emMmiErrorEnablePin","$v":"Nepodarilo sa. Povoľte ZÁMOK SIM/RUIM"},{"$i":"emMmiErrorMmiFdn","$v":"Operácia je obmedz. iba na čísla pevn. zozn."},{"$i":"emMmiErrorStkCcUssdDial","$v":"Žiadosť USSD je uprav. na žiadosť VYTOČENIA"},{"$i":"emMmiErrorStkCcUssdSs","$v":"Žiadosť USSD je uprav. na žiadosť SS"},{"$i":"emMmiErrorStkCcUssdUssd","$v":"Žiadosť USSD je uprav. na novú žiadosť USSD"},{"$i":"emMmiErrorStkCcSsDial","$v":"Žiad. SS je uprav. na žiad. VYTOČENIA"},{"$i":"emMmiErrorStkCcSsUssd","$v":"Žiad. SS je uprav. na žiad. USSD"},{"$i":"emMmiErrorStkCcSsSs","$v":"Žiad. SS je uprav. na novú žiad. SS"},{"$i":"emMmiErrorPinPukAttempts","$v":{"few":["Zost. opätovné pokusy: ",{"t":"idOrVar","v":"n"}],"many":["Zost. opätovné pokusy: ",{"t":"idOrVar","v":"n"}],"one":["Zost. počet pokusov: ",{"t":"idOrVar","v":"n"}],"other":["Zost. opätovné pokusy: ",{"t":"idOrVar","v":"n"}],"two":["Zost. opätovné pokusy: ",{"t":"idOrVar","v":"n"}]},"$x":[{"t":"idOrVar","v":"plural"},"n"]},{"$i":"emMmiErrorSimBlocked","$v":"Prekroč. max. poč. opak. pokusov. SIM zablok."},{"$i":"RadioNotAvailable","$v":"Radio not available"},{"$i":"PasswordIncorrect","$v":"Nesprávne heslo"},{"$i":"SimPin2","$v":"PIN2 (SIM)"},{"$i":"SimPuk2","$v":"PUK2 (SIM)"},{"$i":"RequestNotSupported","$v":"Žiadosť nepodpor."},{"$i":"OpNotAllowedDuringVoiceCall","$v":"Operácia nie je počas hlas. hov. pov."},{"$i":"SmsSendFailRetry","$v":"SMS send fail retry"},{"$i":"SimAbsent","$v":"SIM chýba"},{"$i":"SubscriptionNotAvailable","$v":"Predplatné nedostupné"},{"$i":"ModeNotSupported","$v":"Režim nepodporovaný"},{"$i":"FdnCheckFailure","$v":"Kontrola FDN zlyhala"},{"$i":"IllegalSimOrMe","$v":"Neplatná SIM al. ME"},{"$i":"DialModifiedToUssd","$v":"Dial modified to USSD"},{"$i":"DialModifiedToSs","$v":"Dial modified to SS"},{"$i":"DialModifiedToDial","$v":"Dial modified to dial"},{"$i":"UssdModifiedToDial","$v":"USSD uprav. na vytočenie"},{"$i":"UssdModifiedToSs","$v":"USSD uprav. na SS"},{"$i":"UssdModifiedToUssd","$v":"USSD uprav. na USSD"},{"$i":"SsModifiedToDial","$v":"SS uprav. na vytočenie"},{"$i":"SsModifiedToUssd","$v":"SS uprav. na USSD"},{"$i":"SsModifiedToSs","$v":"SS uprav. na SS"},{"$i":"SubscriptionNotSupported","$v":"Predplatné nepodporované"},{"$i":"InvalidParameter","$v":"Nepl. parameter"},{"$i":"RejectedByRemote","$v":"Odmietnuté diaľk. ovl."},{"$i":"GetEmptyUssdPrompt","$v":"Bolo prijaté nulové odpoveď."},{"$i":"label","$v":"Označ."},{"$i":"faxHome","$v":"Fax domov"},{"$i":"faxOffice","$v":"Fax (práca)"},{"$i":"faxOther","$v":"Fax (iné)"},{"$i":"another","$v":"Iné"},{"$i":"other","$v":"Iné"},{"$i":"tcl-customTag","$v":"Vlastná značka"},{"$i":"customTag","$v":"Vlastná značka","placeholder":"Vlastná značka"},{"$i":"current","$v":"Aktuálne"},{"$i":"itemWithLabel","$v":[{"t":"idOrVar","v":"label"},", ",{"t":"idOrVar","v":"item"}]},{"$i":"weekday-0-long","$v":"Nedeľa"},{"$i":"weekday-1-long","$v":"Pondelok"},{"$i":"weekday-2-long","$v":"Utorok"},{"$i":"weekday-3-long","$v":"Streda"},{"$i":"weekday-4-long","$v":"Štvrtok"},{"$i":"weekday-5-long","$v":"Piatok"},{"$i":"weekday-6-long","$v":"Sobota"},{"$i":"weekday-0-short","$v":"Ned"},{"$i":"weekday-1-short","$v":"Pon"},{"$i":"weekday-2-short","$v":"Uto"},{"$i":"weekday-3-short","$v":"Str"},{"$i":"weekday-4-short","$v":"Štv"},{"$i":"weekday-5-short","$v":"Pia"},{"$i":"weekday-6-short","$v":"Sob"},{"$i":"month-0-long","$v":"Január"},{"$i":"month-1-long","$v":"Február"},{"$i":"month-2-long","$v":"Marec"},{"$i":"month-3-long","$v":"Apríl"},{"$i":"month-4-long","$v":"Máj"},{"$i":"month-5-long","$v":"Jún"},{"$i":"month-6-long","$v":"Júl"},{"$i":"month-7-long","$v":"August"},{"$i":"month-8-long","$v":"September"},{"$i":"month-9-long","$v":"Október"},{"$i":"month-10-long","$v":"November"},{"$i":"month-11-long","$v":"December"},{"$i":"month-0-genitive","$v":"Január"},{"$i":"month-1-genitive","$v":"Február"},{"$i":"month-2-genitive","$v":"Marec"},{"$i":"month-3-genitive","$v":"Apríl"},{"$i":"month-4-genitive","$v":"Máj"},{"$i":"month-5-genitive","$v":"Jún"},{"$i":"month-6-genitive","$v":"Júl"},{"$i":"month-7-genitive","$v":"August"},{"$i":"month-8-genitive","$v":"September"},{"$i":"month-9-genitive","$v":"Október"},{"$i":"month-10-genitive","$v":"November"},{"$i":"month-11-genitive","$v":"December"},{"$i":"month-0-short","$v":"Jan"},{"$i":"month-1-short","$v":"Feb"},{"$i":"month-2-short","$v":"Mar"},{"$i":"month-3-short","$v":"Apr"},{"$i":"month-4-short","$v":"Máj"},{"$i":"month-5-short","$v":"Jún"},{"$i":"month-6-short","$v":"Júl"},{"$i":"month-7-short","$v":"Aug"},{"$i":"month-8-short","$v":"Sep"},{"$i":"month-9-short","$v":"Okt"},{"$i":"month-10-short","$v":"Nov"},{"$i":"month-11-short","$v":"Dec"},{"$i":"minutes-ago-long","$v":{"few":["Pred počtom min.: ",{"t":"idOrVar","v":"value"}],"many":["Pred počtom min.: ",{"t":"idOrVar","v":"value"}],"one":"pred 1 min.","other":["Pred počtom min.: ",{"t":"idOrVar","v":"value"}],"two":["Pred počtom min.: ",{"t":"idOrVar","v":"value"}],"zero":"práve teraz"},"$x":[{"t":"idOrVar","v":"plural"},"value"]},{"$i":"hours-ago-long","$v":{"few":["Pred počtom hod.: ",{"t":"idOrVar","v":"value"}],"many":["Pred počtom hod.: ",{"t":"idOrVar","v":"value"}],"one":"pred hodinou","other":["Pred počtom hod.: ",{"t":"idOrVar","v":"value"}],"two":["Pred počtom hod.: ",{"t":"idOrVar","v":"value"}],"zero":"práve teraz"},"$x":[{"t":"idOrVar","v":"plural"},"value"]},{"$i":"days-ago-long","$v":{"few":["Pred počtom dní: ",{"t":"idOrVar","v":"value"}],"many":["Pred počtom dní: ",{"t":"idOrVar","v":"value"}],"one":"včera","other":["Pred počtom dní: ",{"t":"idOrVar","v":"value"}],"two":["Pred počtom dní: ",{"t":"idOrVar","v":"value"}],"zero":"dnes"},"$x":[{"t":"idOrVar","v":"plural"},"value"]},{"$i":"weeks-ago-long","$v":{"few":["Pred počtom týžd.: ",{"t":"idOrVar","v":"value"}],"many":["Pred počtom týžd.: ",{"t":"idOrVar","v":"value"}],"one":"min. týždeň","other":["Pred počtom týžd.: ",{"t":"idOrVar","v":"value"}],"two":["Pred počtom týžd.: ",{"t":"idOrVar","v":"value"}],"zero":"tento týždeň"},"$x":[{"t":"idOrVar","v":"plural"},"value"]},{"$i":"months-ago-long","$v":{"few":["Pred počtom mes.: ",{"t":"idOrVar","v":"value"}],"many":["Pred počtom mes.: ",{"t":"idOrVar","v":"value"}],"one":"min. mesiac","other":["Pred počtom mes.: ",{"t":"idOrVar","v":"value"}],"two":["Pred počtom mes.: ",{"t":"idOrVar","v":"value"}],"zero":"tento mesiac"},"$x":[{"t":"idOrVar","v":"plural"},"value"]},{"$i":"years-ago-long","$v":{"few":["Pred počtom rokov: ",{"t":"idOrVar","v":"value"}],"many":["Pred počtom rokov: ",{"t":"idOrVar","v":"value"}],"one":"min. rok","other":["Pred počtom rokov: ",{"t":"idOrVar","v":"value"}],"two":["Pred počtom rokov: ",{"t":"idOrVar","v":"value"}],"zero":"tento rok"},"$x":[{"t":"idOrVar","v":"plural"},"value"]},{"$i":"minutes-until-long","$v":{"few":["o ",{"t":"idOrVar","v":"value"}," min"],"many":["o ",{"t":"idOrVar","v":"value"}," min"],"one":"o minútu","other":["o ",{"t":"idOrVar","v":"value"}," min"],"two":["o ",{"t":"idOrVar","v":"value"}," min"],"zero":"teraz"},"$x":[{"t":"idOrVar","v":"plural"},"value"]},{"$i":"hours-until-long","$v":{"few":["o ",{"t":"idOrVar","v":"value"}," hod."],"many":["o ",{"t":"idOrVar","v":"value"}," hod."],"one":"o hodinu","other":["o ",{"t":"idOrVar","v":"value"}," hod."],"two":["o ",{"t":"idOrVar","v":"value"}," hod."],"zero":"teraz"},"$x":[{"t":"idOrVar","v":"plural"},"value"]},{"$i":"days-until-long","$v":{"few":["o ",{"t":"idOrVar","v":"value"}," d."],"many":["o ",{"t":"idOrVar","v":"value"}," d."],"one":"zajtra","other":["o ",{"t":"idOrVar","v":"value"}," d."],"two":["o ",{"t":"idOrVar","v":"value"}," d."],"zero":"dnes"},"$x":[{"t":"idOrVar","v":"plural"},"value"]},{"$i":"weeks-until-long","$v":{"few":["o ",{"t":"idOrVar","v":"value"}," týžd."],"many":["o ",{"t":"idOrVar","v":"value"}," týžd."],"one":"nasl. týždeň","other":["o ",{"t":"idOrVar","v":"value"}," týžd."],"two":["o ",{"t":"idOrVar","v":"value"}," týžd."],"zero":"tento týždeň"},"$x":[{"t":"idOrVar","v":"plural"},"value"]},{"$i":"months-until-long","$v":{"few":["o ",{"t":"idOrVar","v":"value"}," mes."],"many":["o ",{"t":"idOrVar","v":"value"}," mes."],"one":"nasl. mesiac","other":["o ",{"t":"idOrVar","v":"value"}," mes."],"two":["o ",{"t":"idOrVar","v":"value"}," mes."],"zero":"tento mesiac"},"$x":[{"t":"idOrVar","v":"plural"},"value"]},{"$i":"years-until-long","$v":{"few":["o ",{"t":"idOrVar","v":"value"}," rok."],"many":["o ",{"t":"idOrVar","v":"value"}," rok."],"one":"nasl. rok","other":["o ",{"t":"idOrVar","v":"value"}," rok."],"two":["o ",{"t":"idOrVar","v":"value"}," rok."],"zero":"tento rok"},"$x":[{"t":"idOrVar","v":"plural"},"value"]},{"$i":"minutes-ago-short","$v":{"other":["Pred ",{"t":"idOrVar","v":"value"}," m"],"zero":"práve teraz"},"$x":[{"t":"idOrVar","v":"plural"},"value"]},{"$i":"hours-ago-short","$v":{"other":["Pred ",{"t":"idOrVar","v":"value"}," h"],"zero":"práve teraz"},"$x":[{"t":"idOrVar","v":"plural"},"value"]},{"$i":"days-ago-short","$v":{"other":["Pred ",{"t":"idOrVar","v":"value"}," d"],"zero":"dnes"},"$x":[{"t":"idOrVar","v":"plural"},"value"]},{"$i":"minutes-until-short","$v":{"other":["o ",{"t":"idOrVar","v":"value"}," m"],"zero":"teraz"},"$x":[{"t":"idOrVar","v":"plural"},"value"]},{"$i":"hours-until-short","$v":{"other":["o ",{"t":"idOrVar","v":"value"}," h"],"zero":"teraz"},"$x":[{"t":"idOrVar","v":"plural"},"value"]},{"$i":"days-until-short","$v":{"other":["o ",{"t":"idOrVar","v":"value"}," d"],"zero":"dnes"},"$x":[{"t":"idOrVar","v":"plural"},"value"]},{"$i":"incorrectDate","$v":"(nesprávny dátum)"},{"$i":"dateTimeFormat_%c","$v":"%a %b %e %Y %I:%M:%S %p"},{"$i":"dateTimeFormat_%x","$v":"%m/%d/%Y"},{"$i":"dateTimeFormat_%X","$v":"%I:%M:%S %p"},{"$i":"shortTimeFormat","$v":"%I:%M %p"},{"$i":"shortTimeFormat12","$v":"%I:%M %p"},{"$i":"shortTimeFormat24","$v":"%H:%M"},{"$i":"shortDateTimeFormat","$v":"%x %I:%M %p"},{"$i":"weekStartsOnMonday","$v":"0.0"},{"$i":"firstDayOfTheWeek","$v":"1.0"},{"$i":"time_am","$v":"AM"},{"$i":"time_pm","$v":"PM"}]