[{"$i":"search-or-enter-address","placeholder":"Poiščite ali vnesite naslov"},{"$i":"delete-title","$v":["Brisanje ",{"t":"idOrVar","v":"name"}]},{"$i":"delete-body","$v":[{"t":"idOrVar","v":"name"}," in vsi povezani podatki bodo izbrisani."]},{"$i":"delete","$v":"Brisanje"},{"$i":"cancel","$v":"Prekliči"},{"$i":"apps","$v":"Aplikacije"},{"$i":"menu","$v":"Meni"},{"$i":"notifications","$v":"Obvestila"},{"$i":"speed-dial","$v":"Hitro klicanje"},{"$i":"select","$v":"Izberi"},{"$i":"move","$v":"Premakni"},{"$i":"ok","$v":"V redu"},{"$i":"set","$v":"Nastavi"},{"$i":"edit","$v":"Uredi"},{"$i":"call","$v":"Klic"},{"$i":"message","$v":"Sporočilo"},{"$i":"options","$v":"Možnosti"},{"$i":"assign","$v":"Dodeli"},{"$i":"remove","$v":"Odstrani"},{"$i":"replace","$v":"Zamenjaj"},{"$i":"more","$v":"Več"},{"$i":"settings","$v":"Nastavitve"},{"$i":"contacts","$v":"Stiki"},{"$i":"list-view","$v":"Pogled seznama"},{"$i":"grid-view","$v":"Mrežni pogled"},{"$i":"single-view","$v":"Enojni pogled"},{"$i":"skip","$v":"Preskoči"},{"$i":"shortcuts","$v":"Bližnjične tipke"},{"$i":"next","$v":"Naprej"},{"$i":"instant-settings","$v":"hitre nastavitve"},{"$i":"flashlight","$v":"Svetilka"},{"$i":"brightness","$v":"Svetlost"},{"$i":"volume","$v":"Glasnost"},{"$i":"camera","$v":"Kamera"},{"$i":"calculator","$v":"Kalkulator"},{"$i":"airplane-mode","$v":"Način za letalo"},{"$i":"wifi","$v":"Wi-Fi"},{"$i":"bluetooth","$v":"Bluetooth"},{"$i":"cellular-data","$v":"Mobilni podatki"},{"$i":"on","$v":"Vklopljeno"},{"$i":"off","$v":"Izklopljeno"},{"$i":"percentage-number","$v":[{"t":"idOrVar","v":"number"}," %"]},{"$i":"voicemail","$v":"Glasovna pošta"},{"$i":"speed-dial-not-empty","ariaLabel":[{"t":"idOrVar","v":"order"},", ",{"t":"idOrVar","v":"name"}]},{"$i":"speed-dial-empty","ariaLabel":[{"t":"idOrVar","v":"order"},", prazno"]},{"$i":"remove-speed-dial","$v":["Ali ste prepričani, da želite odstraniti stik ",{"t":"idOrVar","v":"name"}," s seznama za hitro klicanje?"]},{"$i":"replace-speed-dial","$v":["Ali ste prepričani, da želite nadomestiti stik ",{"t":"idOrVar","v":"name"}," s stikom ",{"t":"idOrVar","v":"subName"},"?"]},{"$i":"assign-speed-dial","$v":["Stik ni bil dodeljen gumbu »",{"t":"idOrVar","v":"n"},"« za hitro klicanje. Ga želite dodeliti zdaj?"]},{"$i":"assign-voicemail","$v":"Številka predala za glasovno pošto ni nastavljena."},{"$i":"alert-for-contacts-without-number","$v":"Na voljo ni noben stik s telefonsko številko."},{"$i":"option-remove","$v":"Odstr. s sezn. za hitro klic."},{"$i":"option-replace","$v":"Zamenjaj"},{"$i":"all-apps","$v":"Vse aplikacije"},{"$i":"uninstall","$v":"Odstrani"},{"$i":"confirm-to-uninstall-app","$v":["Želite odstraniti aplikacijo ",{"t":"idOrVar","v":"appName"},"?"]},{"$i":"confirm-to-unpin-bookmark","$v":"Želite odpeti spletno mesto?"},{"$i":"unpin","$v":"Odpni"},{"$i":"rename","$v":"Preimenuj"},{"$i":"title","$v":"Naziv"},{"$i":"add-to-existing-contact","$v":"Dodaj k obstoječemu stiku"},{"$i":"create-new-contact","$v":"Ustvari nov stik"},{"$i":"sending","$v":"Pošiljanje ..."},{"$i":"video-call","$v":"Videoklic"},{"$i":"rtt-call","$v":"Klic RTT"},{"$i":"callAirplaneModeTitle","$v":"Način za letalo aktiviran"},{"$i":"callAirplaneModeMessage","$v":"Če želite opraviti klic, v nastavitvah izklopite način za letalo."},{"$i":"emergencyDialogTitle","$v":"Ni omrežne povezave"},{"$i":"emergencyDialogBodyBadNumber","$v":"Če želite opraviti klic, mora biti telefon povezan v omrežje."},{"$i":"emergencyDialogBodyDeviceNotAccepted","$v":"Omrežje ne dovoljuje klicev v sili."},{"$i":"invalidNumberToDialTitle","$v":"Neveljavna telefonska številka"},{"$i":"invalidNumberToDialMessage","$v":"Telefonska številka, ki jo kličete, ni veljavna."},{"$i":"emergency-call-only","$v":"Samo klici v sili"},{"$i":"emergency-call-error","$v":[{"t":"idOrVar","v":"number"}," ni številka za klic v sili."]},{"$i":"numberIsBusyTitle","$v":"Številka je zasedena"},{"$i":"numberIsBusyMessage","$v":"Številka je trenutno zasedena. Poskusite znova pozneje."},{"$i":"fdnIsActiveTitle","$v":"Omejeno klicanje je aktivno"},{"$i":"fdnIsActiveMessage","$v":["Omejeno klicanje (FDN) je aktivirano in te številke ni na vašem seznamu za omejeno klicanje: ",{"t":"idOrVar","v":"number"}]},{"$i":"otherConnectionInUseTitle","$v":"Druga povezava v uporabi"},{"$i":"otherConnectionInUseMessage","$v":"Imate aktiven klic prek druge povezave. Uporabljate lahko le eno povezavo naenkrat."},{"$i":"GenericFailure","$v":"Splošna napaka"},{"$i":"CallFailed","$v":"Klic ni uspel"},{"$i":"scCallBarring","$v":"Zapora klicev"},{"$i":"scCallForwarding","$v":"Preusmeritev klicev"},{"$i":"scClip","$v":"ID klicatelja pri dohodnem klicu"},{"$i":"scClir","$v":"ID klicat. pri odhod. klicu"},{"$i":"scPwd","$v":"Sprememba gesla"},{"$i":"scCallWaiting","$v":"Čakajoči klic"},{"$i":"scPin","$v":"Sprememba kode PIN"},{"$i":"scPin2","$v":"Sprememba kode PIN2"},{"$i":"scPuk","$v":"Odblokiraj kodo PIN"},{"$i":"scPuk2","$v":"Odblokiraj kodo PIN2"},{"$i":"scImei","$v":"IMEI"},{"$i":"scMeid","$v":"MEID"},{"$i":"scUssd","$v":"USSD"},{"$i":"deviceIsUnlocked","$v":"Naprava je odklenjena"},{"$i":"simUnlockCodeAccepted","$v":"Koda za odklepanje kartice SIM je sprejeta"},{"$i":"simUnlockCodeFailed","$v":"Odklepanje kartice SIM ni uspelo"},{"$i":"personal","$v":"Osebno"},{"$i":"mobile","$v":"Mobilno"},{"$i":"home","$v":"Dom"},{"$i":"work","$v":"Služba"},{"$i":"fax-home","$v":"Faks – doma"},{"$i":"fax-office","$v":"Faks – služba"},{"$i":"fax-other","$v":"Faks – drugo"},{"$i":"homescreen-settings","$v":"Nastavitve začetnega zaslona"},{"$i":"change-wallpaper","$v":"Spremeni ozadje"},{"$i":"add-smart-collections","$v":"Dodaj pametne zbirke"},{"$i":"edit-mode","$v":"Uredi"},{"$i":"edit-done","$v":"Dokončano"},{"$i":"tutorial-for-side-menu-1","$v":"Za dostop do aplikacij na levi pritisnite tipko LEVO."},{"$i":"tutorial-for-instant-settings-1","$v":"Za pogoste nastavitve pritisnite tipko GOR."},{"$i":"tutorial-for-notices","$v":"Za ogled novih obvestil pritisnite tipko DESNO."},{"$i":"tutorial-for-google-assistant-1","$v":"Za vnos z govorom dolgo pritisnite V redu."},{"$i":"tutorial-for-voice-input-1","$v":"Za vnos z govorom v besedilno polje dolgo pritisnite V redu."},{"$i":"stop-download-title","$v":["Ustavi ",{"t":"idOrVar","v":"name"}]},{"$i":"stop-download-body","$v":"Želite ustaviti prenos, ki poteka?"},{"$i":"stop-download-action","$v":"Ustavi"},{"$i":"resume-download-title","$v":"Znova zaženi prenos"},{"$i":"resume-download-body","$v":["Želite prenesti ",{"t":"idOrVar","v":"name"},"?"]},{"$i":"resume-download-action","$v":"Prenesi"},{"$i":"edit-group-header","$v":"Uredi skupino"},{"$i":"tcl-wallpaper-changed","$v":"Ozadje je spremenjeno"},{"$i":"gaia-shortcut-app-updated","$v":"Aplikacija je posodobljena"},{"$i":"clocks-updated","$v":"Ure so posodobljene"},{"$i":"longDateFormat","$v":"%A, %B %e"},{"$i":"app-title","$v":"Moje aplikacije"},{"$i":"app-uninstall","$v":[{"t":"idOrVar","v":"name"}," je bil odstranjen"]},{"$i":"confirmation","$v":"Potrditev"},{"$i":"noSimCard","$v":"Ni kartice SIM"},{"$i":"noService","$v":"Ni storitve"},{"$i":"eccOnly","$v":"Emergency calls only"},{"$i":"emergencyCallsOnly","$v":"Emergency calls only"},{"$i":"searching","$v":"Iskanje ..."},{"$i":"lockedSim","$v":"Zaklenjen SIM"},{"$i":"clockDateFormat","$v":"%a, %e. %b"},{"$i":"apn-sim1","$v":"APN Settings - SIM1"},{"$i":"apn-sim2","$v":"APN Settings - SIM2"},{"$i":"apnDefaultConfig","$v":"APN Default Config"},{"$i":"apn-defaultconfig-message","$v":"Set which type of apn to used"},{"$i":"apnConfigPostpay","$v":"Postpay APN"},{"$i":"apnConfigPrepay","$v":"Prepay APN"},{"$i":"qtn_sm_toast_set_ICE_first","$v":"Ni stikov za nujne primere. Odprite nastavitve stikov ali meni z možnostmi podatkov o stikih za nujne primere in jih čim prej nastavite."},{"$i":"qtn_sm_toast_google_assist","$v":"Dolgo pritisnite ali dvakrat pritisnite za Pomočnika Google"},{"$i":"qtn_sm_toast_sos_call_msg","$v":"Dolgo pritisnite ali dvakrat pritisnite za klic SOS/sporočilo SOS"},{"$i":"nocard-eccOnly","$v":"No SIM card-Emergency calls only"},{"$i":"unusablecard-eccOnly","$v":"Unusable SIM card-Emergency calls only"},{"$i":"sim-with-index-and-carrier","$v":["SIM ",{"t":"idOrVar","v":"index"}," - ",{"t":"idOrVar","v":"carrier"}]},{"$i":"sim-without-carrier","$v":["SIM ",{"t":"idOrVar","v":"index"}]},{"$i":"call-forwarding-async","$v":["Asinhrono: ",{"t":"idOrVar","v":"async"}]},{"$i":"call-forwarding-data","$v":["Podatki: ",{"t":"idOrVar","v":"data"}]},{"$i":"call-forwarding-error","$v":"Med pridobivanjem stanja preusmerjanja klicev je prišlo do napake"},{"$i":"call-forwarding-fax","$v":["FAKS: ",{"t":"idOrVar","v":"fax"}]},{"$i":"call-forwarding-inactive","$v":"Neaktivno"},{"$i":"call-forwarding-packet","$v":["Paket: ",{"t":"idOrVar","v":"packet"}]},{"$i":"call-forwarding-pad","$v":["PAD: ",{"t":"idOrVar","v":"pad"}]},{"$i":"call-forwarding-sms","$v":["SMS: ",{"t":"idOrVar","v":"sms"}]},{"$i":"call-forwarding-status","$v":"Stanje preusmeritve klicev"},{"$i":"call-forwarding-sync","$v":["Sinhrono: ",{"t":"idOrVar","v":"sync"}]},{"$i":"call-forwarding-voice","$v":["Glasovni: ",{"t":"idOrVar","v":"voice"}]},{"$i":"call-forwarding-voice-after-seconds","$v":["Glasovni: ",{"t":"idOrVar","v":"voice"}," po ",{"t":"idOrVar","v":"timeSeconds"}," s"]},{"$i":"fihVersion","$v":"FIH Version"},{"$i":"serviceClassVoice","$v":"Glasovni"},{"$i":"serviceClassData","$v":"Podatki"},{"$i":"serviceClassFax","$v":"FAKS"},{"$i":"serviceClassSms","$v":"SMS"},{"$i":"serviceClassDataSync","$v":"Sinhronizacija"},{"$i":"serviceClassDataAsync","$v":"Asinhrono"},{"$i":"serviceClassPacket","$v":"Paket"},{"$i":"serviceClassPad","$v":"PAD"},{"$i":"smServiceEnabled","$v":"Storitev je omogočena"},{"$i":"smServiceDisabled","$v":"Storitev je bila onemogočena"},{"$i":"smServiceRegistered","$v":"Registracija je bila uspešna"},{"$i":"smServiceErased","$v":"Brisanje je bilo uspešno"},{"$i":"smServiceInterrogated","$v":"Zahteva je bila uspešna"},{"$i":"smServiceNotProvisioned","$v":"Storitev ni na voljo"},{"$i":"smClirPermanent","$v":"Nastavitve za ID klicatelja ne morete spremeniti"},{"$i":"smClirDefaultOnNextCallOn","$v":"Privz. nast. za ID klicatelja je omejeno. Nasl. klic: omejeno."},{"$i":"smClirDefaultOnNextCallOff","$v":"Privzeta nastavitev za ID klicatelja je: omejeno. Naslednji klic: ni omejeno."},{"$i":"smClirDefaultOffNextCallOn","$v":"Privzeta nastavitev za ID klicatelja je: ni omejeno. Naslednji klic: omejeno."},{"$i":"smClirDefaultOffNextCallOff","$v":"Privzeta nastavitev za ID klicatelja je: ni omejeno. Naslednji klic: ni omejeno."},{"$i":"smServiceEnabledFor","$v":"Storitev je omogoč. za:"},{"$i":"smPinChanged","$v":"Koda PIN je spremenjena"},{"$i":"smPinUnblocked","$v":"Koda PIN je odblokirana"},{"$i":"smPin2Changed","$v":"Koda PIN2 je uspešno spremenjena"},{"$i":"smPin2Unblocked","$v":"Koda PIN2 je odblokirana"},{"$i":"ServiceIsEnabled","$v":"Storitev je omogočena"},{"$i":"ServiceIsDisabled","$v":"Storitev je onemogočena"},{"$i":"ServiceIsEnabledFor","$v":"Storitev je omogočena za:"},{"$i":"emMmiError","$v":"Težava v povezavi ali neveljavna koda MMI"},{"$i":"emMmiErrorPasswordIncorrect","$v":"Nepravilno geslo"},{"$i":"emMmiErrorNotSupported","$v":"Neveljavna ali nepodprta koda MMI"},{"$i":"emMmiErrorInvalidAction","$v":"Neveljavno dejanje"},{"$i":"emMmiErrorInvalidScCode","$v":"Neveljavna koda storitve"},{"$i":"emMmiErrorBadPuk","$v":"Vnesena koda PUK je nepravilna"},{"$i":"emMmiErrorBadPin","$v":"Vnesli ste nepravilno staro kodo PIN."},{"$i":"emMmiErrorNeedPuk2","$v":"Vnesite PUK2, da odblokirate kartico SIM"},{"$i":"emMmiErrorMismatchPin","$v":"Vneseni kodi PIN se ne ujemata"},{"$i":"emMmiErrorInvalidPin","$v":"Vnesite kodo PIN, dolgo od 4 do 8 števk"},{"$i":"emMmiErrorNeedsPuk","$v":"Vaša kartica SIM je zaklenjena s kodo PUK."},{"$i":"emMmiErrorEnablePin","$v":"Ni uspelo. Omogočite zaklepanje SIM/RUIM."},{"$i":"emMmiErrorMmiFdn","$v":"Samo za št. za omej. klic."},{"$i":"emMmiErrorStkCcUssdDial","$v":"Zahteva USSD je spremenjena v zahtevo DIAL"},{"$i":"emMmiErrorStkCcUssdSs","$v":"Zahteva USSD je spremenjena v zahtevo SS"},{"$i":"emMmiErrorStkCcUssdUssd","$v":"Zahteva USSD je spremenjena v novo zahtevo USSD"},{"$i":"emMmiErrorStkCcSsDial","$v":"Zahteva SS je spremenjena v zahtevo DIAL"},{"$i":"emMmiErrorStkCcSsUssd","$v":"Zaht. SS spremenjena v zaht. USSD"},{"$i":"emMmiErrorStkCcSsSs","$v":"Zahteva SS je spremenjena v novo zahtevo SS"},{"$i":"emMmiErrorPinPukAttempts","$v":{"few":[{"t":"idOrVar","v":"n"}," preostali poskusi"],"many":[{"t":"idOrVar","v":"n"}," preostalih poskusov"],"one":["Samo še ",{"t":"idOrVar","v":"n"}," poskus"],"other":[{"t":"idOrVar","v":"n"}," preostalih poskusov"],"two":[{"t":"idOrVar","v":"n"}," preostala poskusa"]},"$x":[{"t":"idOrVar","v":"plural"},"n"]},{"$i":"emMmiErrorSimBlocked","$v":"Dosežena je omejitev števila poskusov. Kartica SIM je blokirana."},{"$i":"RadioNotAvailable","$v":"Radio not available"},{"$i":"PasswordIncorrect","$v":"Geslo ni pravilno"},{"$i":"SimPin2","$v":"Koda PIN2 za kartico SIM"},{"$i":"SimPuk2","$v":"Koda PUK2 za kartico SIM"},{"$i":"RequestNotSupported","$v":"Zahteva ni podprta"},{"$i":"OpNotAllowedDuringVoiceCall","$v":"Ni dovolj. med gov. klicem"},{"$i":"SmsSendFailRetry","$v":"SMS send fail retry"},{"$i":"SimAbsent","$v":"Ni kartice SIM"},{"$i":"SubscriptionNotAvailable","$v":"Naročnina ni na voljo"},{"$i":"ModeNotSupported","$v":"Način ni podprt"},{"$i":"FdnCheckFailure","$v":"Napaka pri preverjanju omejenega klicanja"},{"$i":"IllegalSimOrMe","$v":"Neveljaven SIM ali ME"},{"$i":"DialModifiedToUssd","$v":"Dial modified to USSD"},{"$i":"DialModifiedToSs","$v":"Dial modified to SS"},{"$i":"DialModifiedToDial","$v":"Dial modified to dial"},{"$i":"UssdModifiedToDial","$v":"USSD spremenjen v klic"},{"$i":"UssdModifiedToSs","$v":"USSD spremenjen v SS"},{"$i":"UssdModifiedToUssd","$v":"USSD spremenjen v USSD"},{"$i":"SsModifiedToDial","$v":"SS je spremenjen v klic"},{"$i":"SsModifiedToUssd","$v":"SS je spremenjen v USSD"},{"$i":"SsModifiedToSs","$v":"SS je spremenjen v SS"},{"$i":"SubscriptionNotSupported","$v":"Naročnina ni podprta"},{"$i":"InvalidParameter","$v":"Neveljaven parameter"},{"$i":"RejectedByRemote","$v":"Zavrnila oddalj. naprava"},{"$i":"GetEmptyUssdPrompt","$v":"Prejet ni bil noben odgovor."},{"$i":"label","$v":"Oznaka"},{"$i":"faxHome","$v":"Faks – doma"},{"$i":"faxOffice","$v":"Faks – služba"},{"$i":"faxOther","$v":"Faks – drugo"},{"$i":"another","$v":"Druga"},{"$i":"other","$v":"Drugo"},{"$i":"tcl-customTag","$v":"Oznaka po meri"},{"$i":"customTag","$v":"Oznaka po meri","placeholder":"Oznaka po meri"},{"$i":"current","$v":"Trenutni"},{"$i":"itemWithLabel","$v":[{"t":"idOrVar","v":"label"},", ",{"t":"idOrVar","v":"item"}]},{"$i":"weekday-0-long","$v":"Nedelja"},{"$i":"weekday-1-long","$v":"Ponedeljek"},{"$i":"weekday-2-long","$v":"Torek"},{"$i":"weekday-3-long","$v":"Sreda"},{"$i":"weekday-4-long","$v":"Četrtek"},{"$i":"weekday-5-long","$v":"Petek"},{"$i":"weekday-6-long","$v":"Sobota"},{"$i":"weekday-0-short","$v":"ned"},{"$i":"weekday-1-short","$v":"pon"},{"$i":"weekday-2-short","$v":"tor"},{"$i":"weekday-3-short","$v":"sre"},{"$i":"weekday-4-short","$v":"čet"},{"$i":"weekday-5-short","$v":"pet"},{"$i":"weekday-6-short","$v":"sob"},{"$i":"month-0-long","$v":"januar"},{"$i":"month-1-long","$v":"februar"},{"$i":"month-2-long","$v":"marec"},{"$i":"month-3-long","$v":"april"},{"$i":"month-4-long","$v":"maj"},{"$i":"month-5-long","$v":"junij"},{"$i":"month-6-long","$v":"julij"},{"$i":"month-7-long","$v":"avgust"},{"$i":"month-8-long","$v":"september"},{"$i":"month-9-long","$v":"oktober"},{"$i":"month-10-long","$v":"november"},{"$i":"month-11-long","$v":"december"},{"$i":"month-0-genitive","$v":"januar"},{"$i":"month-1-genitive","$v":"februar"},{"$i":"month-2-genitive","$v":"marec"},{"$i":"month-3-genitive","$v":"april"},{"$i":"month-4-genitive","$v":"maj"},{"$i":"month-5-genitive","$v":"junij"},{"$i":"month-6-genitive","$v":"julij"},{"$i":"month-7-genitive","$v":"avgust"},{"$i":"month-8-genitive","$v":"september"},{"$i":"month-9-genitive","$v":"oktober"},{"$i":"month-10-genitive","$v":"november"},{"$i":"month-11-genitive","$v":"december"},{"$i":"month-0-short","$v":"jan"},{"$i":"month-1-short","$v":"feb"},{"$i":"month-2-short","$v":"mar"},{"$i":"month-3-short","$v":"apr"},{"$i":"month-4-short","$v":"maj"},{"$i":"month-5-short","$v":"jun"},{"$i":"month-6-short","$v":"jul"},{"$i":"month-7-short","$v":"avg"},{"$i":"month-8-short","$v":"sep"},{"$i":"month-9-short","$v":"okt"},{"$i":"month-10-short","$v":"nov"},{"$i":"month-11-short","$v":"dec"},{"$i":"minutes-ago-long","$v":{"few":["pred ",{"t":"idOrVar","v":"value"}," minutami"],"many":["pred ",{"t":"idOrVar","v":"value"}," minutami"],"one":"pred minuto","other":["pred ",{"t":"idOrVar","v":"value"}," minutami"],"two":["pred ",{"t":"idOrVar","v":"value"}," minutama"],"zero":"pravkar"},"$x":[{"t":"idOrVar","v":"plural"},"value"]},{"$i":"hours-ago-long","$v":{"few":["pred ",{"t":"idOrVar","v":"value"}," urami"],"many":["pred ",{"t":"idOrVar","v":"value"}," urami"],"one":"pred 1 uro","other":["pred ",{"t":"idOrVar","v":"value"}," urami"],"two":["pred ",{"t":"idOrVar","v":"value"}," urama"],"zero":"pravkar"},"$x":[{"t":"idOrVar","v":"plural"},"value"]},{"$i":"days-ago-long","$v":{"few":["pred ",{"t":"idOrVar","v":"value"}," dnevi"],"many":["pred ",{"t":"idOrVar","v":"value"}," dnevi"],"one":"včeraj","other":["pred ",{"t":"idOrVar","v":"value"}," dnevi"],"two":["pred ",{"t":"idOrVar","v":"value"}," dnevoma"],"zero":"danes"},"$x":[{"t":"idOrVar","v":"plural"},"value"]},{"$i":"weeks-ago-long","$v":{"few":["pred ",{"t":"idOrVar","v":"value"}," tedni"],"many":["pred ",{"t":"idOrVar","v":"value"}," tedni"],"one":"prejšnji teden","other":["pred ",{"t":"idOrVar","v":"value"}," tedni"],"two":["pred ",{"t":"idOrVar","v":"value"}," tednoma"],"zero":"ta teden"},"$x":[{"t":"idOrVar","v":"plural"},"value"]},{"$i":"months-ago-long","$v":{"few":["pred ",{"t":"idOrVar","v":"value"}," meseci"],"many":["pred ",{"t":"idOrVar","v":"value"}," meseci"],"one":"prejšnji mesec","other":["pred ",{"t":"idOrVar","v":"value"}," meseci"],"two":["pred ",{"t":"idOrVar","v":"value"}," mesecema"],"zero":"ta mesec"},"$x":[{"t":"idOrVar","v":"plural"},"value"]},{"$i":"years-ago-long","$v":{"few":["pred ",{"t":"idOrVar","v":"value"}," leti"],"many":["pred ",{"t":"idOrVar","v":"value"}," leti"],"one":"prejšnje leto","other":["pred ",{"t":"idOrVar","v":"value"}," leti"],"two":["pred ",{"t":"idOrVar","v":"value"}," letoma"],"zero":"to leto"},"$x":[{"t":"idOrVar","v":"plural"},"value"]},{"$i":"minutes-until-long","$v":{"few":["čez ",{"t":"idOrVar","v":"value"}," minute"],"many":["čez ",{"t":"idOrVar","v":"value"}," minut"],"one":"čez minuto","other":["čez ",{"t":"idOrVar","v":"value"}," minut"],"two":["čez ",{"t":"idOrVar","v":"value"}," minuti"],"zero":"zdaj"},"$x":[{"t":"idOrVar","v":"plural"},"value"]},{"$i":"hours-until-long","$v":{"few":["čez ",{"t":"idOrVar","v":"value"}," ure"],"many":["čez ",{"t":"idOrVar","v":"value"}," ur"],"one":"čez eno uro","other":["čez ",{"t":"idOrVar","v":"value"}," ur"],"two":["čez ",{"t":"idOrVar","v":"value"}," uri"],"zero":"zdaj"},"$x":[{"t":"idOrVar","v":"plural"},"value"]},{"$i":"days-until-long","$v":{"few":["čez ",{"t":"idOrVar","v":"value"}," dni"],"many":["čez ",{"t":"idOrVar","v":"value"}," dni"],"one":"jutri","other":["čez ",{"t":"idOrVar","v":"value"}," dni"],"two":["čez ",{"t":"idOrVar","v":"value"}," dni"],"zero":"danes"},"$x":[{"t":"idOrVar","v":"plural"},"value"]},{"$i":"weeks-until-long","$v":{"few":["čez ",{"t":"idOrVar","v":"value"}," tedne"],"many":["čez ",{"t":"idOrVar","v":"value"}," tednov"],"one":"naslednji teden","other":["čez ",{"t":"idOrVar","v":"value"}," tednov"],"two":["čez ",{"t":"idOrVar","v":"value"}," tedna"],"zero":"ta teden"},"$x":[{"t":"idOrVar","v":"plural"},"value"]},{"$i":"months-until-long","$v":{"few":["čez ",{"t":"idOrVar","v":"value"}," mesece"],"many":["čez ",{"t":"idOrVar","v":"value"}," mesecev"],"one":"naslednji mesec","other":["čez ",{"t":"idOrVar","v":"value"}," mesecev"],"two":["čez ",{"t":"idOrVar","v":"value"}," meseca"],"zero":"ta mesec"},"$x":[{"t":"idOrVar","v":"plural"},"value"]},{"$i":"years-until-long","$v":{"few":["čez ",{"t":"idOrVar","v":"value"}," leta"],"many":["čez ",{"t":"idOrVar","v":"value"}," let"],"one":"naslednje leto","other":["čez ",{"t":"idOrVar","v":"value"}," let"],"two":["čez ",{"t":"idOrVar","v":"value"}," leti"],"zero":"to leto"},"$x":[{"t":"idOrVar","v":"plural"},"value"]},{"$i":"minutes-ago-short","$v":{"other":["Pred ",{"t":"idOrVar","v":"value"}," m"],"zero":"pravkar"},"$x":[{"t":"idOrVar","v":"plural"},"value"]},{"$i":"hours-ago-short","$v":{"other":["pred ",{"t":"idOrVar","v":"value"}," h"],"zero":"pravkar"},"$x":[{"t":"idOrVar","v":"plural"},"value"]},{"$i":"days-ago-short","$v":{"other":["pred ",{"t":"idOrVar","v":"value"}," d"],"zero":"danes"},"$x":[{"t":"idOrVar","v":"plural"},"value"]},{"$i":"minutes-until-short","$v":{"other":["čez ",{"t":"idOrVar","v":"value"}," m"],"zero":"zdaj"},"$x":[{"t":"idOrVar","v":"plural"},"value"]},{"$i":"hours-until-short","$v":{"other":["čez ",{"t":"idOrVar","v":"value"}," h"],"zero":"zdaj"},"$x":[{"t":"idOrVar","v":"plural"},"value"]},{"$i":"days-until-short","$v":{"other":["čez ",{"t":"idOrVar","v":"value"}," d"],"zero":"danes"},"$x":[{"t":"idOrVar","v":"plural"},"value"]},{"$i":"incorrectDate","$v":"(nepravilen datum)"},{"$i":"dateTimeFormat_%c","$v":"%a %b %e %Y %I.%M.%S %p"},{"$i":"dateTimeFormat_%x","$v":"%m/%d/%Y"},{"$i":"dateTimeFormat_%X","$v":"%I:%M:%S %p"},{"$i":"shortTimeFormat","$v":"%I.%M %p"},{"$i":"shortTimeFormat12","$v":"%I.%M %p"},{"$i":"shortTimeFormat24","$v":"%H.%M"},{"$i":"shortDateTimeFormat","$v":"%x %I.%M %p"},{"$i":"weekStartsOnMonday","$v":"0.0"},{"$i":"firstDayOfTheWeek","$v":"1.0"},{"$i":"time_am","$v":"dop."},{"$i":"time_pm","$v":"pop."}]