[{"$i":"search-or-enter-address","placeholder":"Arayın veya adres girin"},{"$i":"delete-title","$v":[{"t":"idOrVar","v":"name"}," adlı kişiyi sil"]},{"$i":"delete-body","$v":[{"t":"idOrVar","v":"name"}," ve tüm verileri silinecek."]},{"$i":"delete","$v":"Sil"},{"$i":"cancel","$v":"İptal"},{"$i":"apps","$v":"Uygulamalar"},{"$i":"menu","$v":"Menü"},{"$i":"notifications","$v":"Uyarılar"},{"$i":"speed-dial","$v":"Hızlı Arama"},{"$i":"select","$v":"Seç"},{"$i":"move","$v":"Taşı"},{"$i":"ok","$v":"Tamam"},{"$i":"set","$v":"Ayarla"},{"$i":"edit","$v":"Düzenle"},{"$i":"call","$v":"Ara"},{"$i":"message","$v":"Mesaj"},{"$i":"options","$v":"Seçenekler"},{"$i":"assign","$v":"Ata"},{"$i":"remove","$v":"Kaldır"},{"$i":"replace","$v":"Değiştir"},{"$i":"more","$v":"Diğer"},{"$i":"settings","$v":"Ayarlar"},{"$i":"contacts","$v":"Kişiler"},{"$i":"list-view","$v":"Liste görünümü"},{"$i":"grid-view","$v":"Izgara görünümü"},{"$i":"single-view","$v":"Tek Görünüm"},{"$i":"skip","$v":"Atla"},{"$i":"shortcuts","$v":"Kısayollar"},{"$i":"next","$v":"Sonraki"},{"$i":"instant-settings","$v":"anlık ayarlar"},{"$i":"flashlight","$v":"Fener"},{"$i":"brightness","$v":"Parlaklık"},{"$i":"volume","$v":"Ses düzeyi"},{"$i":"camera","$v":"Kamera"},{"$i":"calculator","$v":"Hesap Makinesi"},{"$i":"airplane-mode","$v":"Uçak modu"},{"$i":"wifi","$v":"Wi-Fi"},{"$i":"bluetooth","$v":"Bluetooth"},{"$i":"cellular-data","$v":"Hücresel Veri"},{"$i":"on","$v":"Açık"},{"$i":"off","$v":"Kapalı"},{"$i":"percentage-number","$v":["%",{"t":"idOrVar","v":"number"}]},{"$i":"voicemail","$v":"Sesli mesaj"},{"$i":"speed-dial-not-empty","ariaLabel":[{"t":"idOrVar","v":"order"},", ",{"t":"idOrVar","v":"name"}]},{"$i":"speed-dial-empty","ariaLabel":[{"t":"idOrVar","v":"order"},", boş"]},{"$i":"remove-speed-dial","$v":[{"t":"idOrVar","v":"name"}," kişisini Hızlı Aramadan kaldırmak istediğinizden emin misiniz?"]},{"$i":"replace-speed-dial","$v":[{"t":"idOrVar","v":"name"}," adlı kişiyi ",{"t":"idOrVar","v":"subName"}," ile değiştirmek istediğinizden emin misiniz?"]},{"$i":"assign-speed-dial","$v":["Kişi ",{"t":"idOrVar","v":"n"}," düğmesine Hızlı Arama olarak eklenmemiş. Şimdi atansın mı?"]},{"$i":"assign-voicemail","$v":"Sesli Mesaj numarası ayarlanmadı."},{"$i":"alert-for-contacts-without-number","$v":"Telefon numarası olan kişi yok."},{"$i":"option-remove","$v":"Hızlı Aramadan kaldır"},{"$i":"option-replace","$v":"Değiştir"},{"$i":"all-apps","$v":"Tüm uygulamalar"},{"$i":"uninstall","$v":"Kaldır"},{"$i":"confirm-to-uninstall-app","$v":[{"t":"idOrVar","v":"appName"}," uygulaması kaldırılsın mı?"]},{"$i":"confirm-to-unpin-bookmark","$v":"Web sitesi kaldırılsın mı?"},{"$i":"unpin","$v":"Ayır"},{"$i":"rename","$v":"Yeniden adlandır"},{"$i":"title","$v":"Başlık"},{"$i":"add-to-existing-contact","$v":"Mevcut kişiye ekle"},{"$i":"create-new-contact","$v":"Yeni kişi oluştur"},{"$i":"sending","$v":"Gönderiliyor…"},{"$i":"video-call","$v":"Görüntülü arama"},{"$i":"rtt-call","$v":"RTT araması"},{"$i":"callAirplaneModeTitle","$v":"Uçak modu etkin"},{"$i":"callAirplaneModeMessage","$v":"Çağrı yapabilmek için Ayarlar'da uçak modunu kapatmalısınız."},{"$i":"emergencyDialogTitle","$v":"Şebeke bağlantısı yok"},{"$i":"emergencyDialogBodyBadNumber","$v":"Çağrı yapmak için telefon bir şebekeye bağlı olmalıdır."},{"$i":"emergencyDialogBodyDeviceNotAccepted","$v":"Acil çağrılara şebeke tarafından izin verilmemektedir."},{"$i":"invalidNumberToDialTitle","$v":"Geçersiz telefon numarası"},{"$i":"invalidNumberToDialMessage","$v":"Aradığınız telefon numarası geçersiz."},{"$i":"emergency-call-only","$v":"Yalnızca Acil Çağrı"},{"$i":"emergency-call-error","$v":[{"t":"idOrVar","v":"number"}," bir acil durum numarası değil."]},{"$i":"numberIsBusyTitle","$v":"Numara meşgul"},{"$i":"numberIsBusyMessage","$v":"Aradığınız numara şu anda meşgul. Lütfen daha sonra tekrar deneyin."},{"$i":"fdnIsActiveTitle","$v":"FDN etkin"},{"$i":"fdnIsActiveMessage","$v":["FDN (Sabit Arama Numaraları) etkinleştirildi ve şu numara FDN listenizde değil: ",{"t":"idOrVar","v":"number"}]},{"$i":"otherConnectionInUseTitle","$v":"Başka bir bağlantı kullanımda"},{"$i":"otherConnectionInUseMessage","$v":"Başka bir bağlantıda aktif bir çağrınız var. Bir seferde sadece bir bağlantı kullanabilirsiniz."},{"$i":"GenericFailure","$v":"Genel hata"},{"$i":"CallFailed","$v":"Çağrı başarısız"},{"$i":"scCallBarring","$v":"Çağrı engelleme"},{"$i":"scCallForwarding","$v":"Çağrı yönlendirme"},{"$i":"scClip","$v":"Arayan kimliği"},{"$i":"scClir","$v":"Aranan kimliği"},{"$i":"scPwd","$v":"Şifre değiştir"},{"$i":"scCallWaiting","$v":"Çağrı bekletiliyor"},{"$i":"scPin","$v":"PIN değiştir"},{"$i":"scPin2","$v":"PIN2 değiştir"},{"$i":"scPuk","$v":"PIN blokesini kaldır"},{"$i":"scPuk2","$v":"PIN2 blokesini kaldır"},{"$i":"scImei","$v":"IMEI"},{"$i":"scMeid","$v":"MEID"},{"$i":"scUssd","$v":"USSD"},{"$i":"deviceIsUnlocked","$v":"Cihazın kilidi açıldı"},{"$i":"simUnlockCodeAccepted","$v":"SIM kilidi açma kodu kabul edildi"},{"$i":"simUnlockCodeFailed","$v":"SIM kilidi açma başarısız"},{"$i":"personal","$v":"Kişisel"},{"$i":"mobile","$v":"Mobil"},{"$i":"home","$v":"Ev"},{"$i":"work","$v":"İş"},{"$i":"fax-home","$v":"Eve faks gönder"},{"$i":"fax-office","$v":"Ofise faks gönder"},{"$i":"fax-other","$v":"Başkasına faks gönder"},{"$i":"homescreen-settings","$v":"Ana Ekran Ayarları"},{"$i":"change-wallpaper","$v":"Duvar Kağıdını değiştir"},{"$i":"add-smart-collections","$v":"Akıllı Koleksiyon ekle"},{"$i":"edit-mode","$v":"Düzenle"},{"$i":"edit-done","$v":"Bitti"},{"$i":"tutorial-for-side-menu-1","$v":"Soldaki uygulamalara erişmek için SOL tuşuna basın."},{"$i":"tutorial-for-instant-settings-1","$v":"Sık kullanılan ayarlar için YUKARI tuşuna basın."},{"$i":"tutorial-for-notices","$v":"Yeni bildirimleri görüntülemek için SAĞ tuşa basın."},{"$i":"tutorial-for-google-assistant-1","$v":"Konuşmak için TAMAM öğesine uzun basın."},{"$i":"tutorial-for-voice-input-1","$v":"Metin alanında konuşmak için TAMAM öğesine uzun basın."},{"$i":"stop-download-title","$v":[{"t":"idOrVar","v":"name"}," adlı kişiyi durdur"]},{"$i":"stop-download-body","$v":"Devam eden indirme işlemini durdurmak istiyor musunuz?"},{"$i":"stop-download-action","$v":"Durdur"},{"$i":"resume-download-title","$v":"İndirme İşlemini Yeniden Başlat"},{"$i":"resume-download-body","$v":"{name}} adlı kişiyi indirmek istiyor musunuz?"},{"$i":"resume-download-action","$v":"İndir"},{"$i":"edit-group-header","$v":"Grubu düzenle"},{"$i":"tcl-wallpaper-changed","$v":"Duvar Kağıdı değiştirildi"},{"$i":"gaia-shortcut-app-updated","$v":"Uygulama Güncellendi"},{"$i":"clocks-updated","$v":"Saatler güncellendi"},{"$i":"longDateFormat","$v":"%A, %B %e"},{"$i":"app-title","$v":"Uygulamalarım"},{"$i":"app-uninstall","$v":[{"t":"idOrVar","v":"name"}," kaldırıldı"]},{"$i":"confirmation","$v":"Onay"},{"$i":"noSimCard","$v":"SIM kart yok"},{"$i":"noService","$v":"Servis Yok"},{"$i":"eccOnly","$v":"Emergency calls only"},{"$i":"emergencyCallsOnly","$v":"Emergency calls only"},{"$i":"searching","$v":"Aranıyor..."},{"$i":"lockedSim","$v":"Kilitli SIM"},{"$i":"clockDateFormat","$v":"%a, %e %b"},{"$i":"apn-sim1","$v":"APN Settings - SIM1"},{"$i":"apn-sim2","$v":"APN Settings - SIM2"},{"$i":"apnDefaultConfig","$v":"APN Default Config"},{"$i":"apn-defaultconfig-message","$v":"Set which type of apn to used"},{"$i":"apnConfigPostpay","$v":"Postpay APN"},{"$i":"apnConfigPrepay","$v":"Prepay APN"},{"$i":"qtn_sm_toast_set_ICE_first","$v":"Acil D. kişisi yok, önce kurulum için Acil D. bilg. Kişi seç. veya sçnk"},{"$i":"qtn_sm_toast_google_assist","$v":"Google Asistan için uzun veya iki kez basın"},{"$i":"qtn_sm_toast_sos_call_msg","$v":"Acil Arama / Acil Mesaj için uzun veya iki kez basın"},{"$i":"nocard-eccOnly","$v":"No SIM card-Emergency calls only"},{"$i":"unusablecard-eccOnly","$v":"Unusable SIM card-Emergency calls only"},{"$i":"sim-with-index-and-carrier","$v":["SIM ",{"t":"idOrVar","v":"index"}," - ",{"t":"idOrVar","v":"carrier"}]},{"$i":"sim-without-carrier","$v":["SIM ",{"t":"idOrVar","v":"index"}]},{"$i":"call-forwarding-async","$v":["Asenkron: ",{"t":"idOrVar","v":"async"}]},{"$i":"call-forwarding-data","$v":["Veri: ",{"t":"idOrVar","v":"data"}]},{"$i":"call-forwarding-error","$v":"Çağrı yönlendirme durumu alınırken bir hata oluştu"},{"$i":"call-forwarding-fax","$v":["FAKS: ",{"t":"idOrVar","v":"fax"}]},{"$i":"call-forwarding-inactive","$v":"Etkin değil"},{"$i":"call-forwarding-packet","$v":["Paket: ",{"t":"idOrVar","v":"packet"}]},{"$i":"call-forwarding-pad","$v":["PAD: ",{"t":"idOrVar","v":"pad"}]},{"$i":"call-forwarding-sms","$v":["SMS: ",{"t":"idOrVar","v":"sms"}]},{"$i":"call-forwarding-status","$v":"Çağrı yönlendirme durumu"},{"$i":"call-forwarding-sync","$v":["Senkron: ",{"t":"idOrVar","v":"sync"}]},{"$i":"call-forwarding-voice","$v":["Ses: ",{"t":"idOrVar","v":"voice"}]},{"$i":"call-forwarding-voice-after-seconds","$v":["Ses: ",{"t":"idOrVar","v":"timeSeconds"}," saniye sonra ",{"t":"idOrVar","v":"voice"}]},{"$i":"fihVersion","$v":"FIH Version"},{"$i":"serviceClassVoice","$v":"Ses"},{"$i":"serviceClassData","$v":"Veri"},{"$i":"serviceClassFax","$v":"FAKS"},{"$i":"serviceClassSms","$v":"SMS"},{"$i":"serviceClassDataSync","$v":"Senkron"},{"$i":"serviceClassDataAsync","$v":"Asenkron"},{"$i":"serviceClassPacket","$v":"Paket"},{"$i":"serviceClassPad","$v":"PAD"},{"$i":"smServiceEnabled","$v":"Hizmet etkinleştirildi."},{"$i":"smServiceDisabled","$v":"Hizmet devre dışı bırakıldı"},{"$i":"smServiceRegistered","$v":"Kayıt başarılı"},{"$i":"smServiceErased","$v":"Silme başarılı"},{"$i":"smServiceInterrogated","$v":"İstek başarılı"},{"$i":"smServiceNotProvisioned","$v":"Servis tanımsız"},{"$i":"smClirPermanent","$v":"Arayan kimliği ayarını değiştiremezsiniz"},{"$i":"smClirDefaultOnNextCallOn","$v":"Arayan Kimliği varsayılan ayarı kısıtlı. Sonraki arama: Kısıtlı"},{"$i":"smClirDefaultOnNextCallOff","$v":"Arayan Kimliği varsayılan ayarı kısıtlı. Sonraki arama: Kısıtlı değil"},{"$i":"smClirDefaultOffNextCallOn","$v":"Arayan Kimliği varsayılan ayarı kısıtlı değil. Sonraki arama: Kısıtlı"},{"$i":"smClirDefaultOffNextCallOff","$v":"Arayan Kimliği varsayılan ayarı kısıtlı değil. Sonraki arama: Kısıtlı değil"},{"$i":"smServiceEnabledFor","$v":"Servis şunun için etkin:"},{"$i":"smPinChanged","$v":"PIN başarıyla değiştirildi"},{"$i":"smPinUnblocked","$v":"PIN blokesi başarıyla kaldırıldı"},{"$i":"smPin2Changed","$v":"PIN2 başarıyla değiştirildi"},{"$i":"smPin2Unblocked","$v":"PIN2 blokesi başarıyla kaldırıldı"},{"$i":"ServiceIsEnabled","$v":"Servis etkin"},{"$i":"ServiceIsDisabled","$v":"Servis devre dışı"},{"$i":"ServiceIsEnabledFor","$v":"Servis şunun için etkin:"},{"$i":"emMmiError","$v":"Bağlantı problemi veya geçersiz MMI kodu."},{"$i":"emMmiErrorPasswordIncorrect","$v":"Hatalı Şifre"},{"$i":"emMmiErrorNotSupported","$v":"Geçersiz veya Desteklenmeyen MMI kodu"},{"$i":"emMmiErrorInvalidAction","$v":"Geçersiz işlem"},{"$i":"emMmiErrorInvalidScCode","$v":"Geçersiz hizmet kodu"},{"$i":"emMmiErrorBadPuk","$v":"Yazdığınız PUK doğru değil"},{"$i":"emMmiErrorBadPin","$v":"Yazdığınız eski PIN doğru değil."},{"$i":"emMmiErrorNeedPuk2","$v":"SIM kart blokesini kaldırmak için PUK2 kodunu girin."},{"$i":"emMmiErrorMismatchPin","$v":"Girdiğiniz PIN'ler eşleşmiyor."},{"$i":"emMmiErrorInvalidPin","$v":"4 ila 8 numaradan oluşan bir PIN girin"},{"$i":"emMmiErrorNeedsPuk","$v":"SIM kartınız PUK kilitli"},{"$i":"emMmiErrorEnablePin","$v":"Başarısız. SIM/RUIM kilidi etkinleştirildi."},{"$i":"emMmiErrorMmiFdn","$v":"İşlem sadece sabit arama numaralarıyla sınırlandırılmıştır."},{"$i":"emMmiErrorStkCcUssdDial","$v":"USSD request is modified to DIAL request"},{"$i":"emMmiErrorStkCcUssdSs","$v":"USSD request is modified to SS request"},{"$i":"emMmiErrorStkCcUssdUssd","$v":"USSD request is modified to new USSD request"},{"$i":"emMmiErrorStkCcSsDial","$v":"SS request is modified to DIAL request"},{"$i":"emMmiErrorStkCcSsUssd","$v":"SS request is modified to USSD request"},{"$i":"emMmiErrorStkCcSsSs","$v":"SS request is modified to new SS request"},{"$i":"emMmiErrorPinPukAttempts","$v":{"few":[{"t":"idOrVar","v":"n"}," yeniden deneme hakkınız kaldı"],"many":[{"t":"idOrVar","v":"n"}," yeniden deneme hakkınız kaldı"],"one":["Sadece ",{"t":"idOrVar","v":"n"}," yeniden deneme hakkınız kaldı"],"other":[{"t":"idOrVar","v":"n"}," yeniden deneme hakkınız kaldı"],"two":[{"t":"idOrVar","v":"n"}," yeniden deneme hakkınız kaldı"]},"$x":[{"t":"idOrVar","v":"plural"},"n"]},{"$i":"emMmiErrorSimBlocked","$v":"Maksimum deneme sayısını aştınız. SIM bloke edildi."},{"$i":"RadioNotAvailable","$v":"Radyo kullanılamıyor"},{"$i":"PasswordIncorrect","$v":"Şifre hatalı."},{"$i":"SimPin2","$v":"SIM PIN2"},{"$i":"SimPuk2","$v":"SIM PUK2"},{"$i":"RequestNotSupported","$v":"İstek desteklenmiyor"},{"$i":"OpNotAllowedDuringVoiceCall","$v":"İşleme sesli arama sırasında izin verilmiyor"},{"$i":"SmsSendFailRetry","$v":"SMS gönderme başarısız yeniden dene"},{"$i":"SimAbsent","$v":"SIM yok"},{"$i":"SubscriptionNotAvailable","$v":"Abonelik kullanılamıyor"},{"$i":"ModeNotSupported","$v":"Mod desteklenmiyor"},{"$i":"FdnCheckFailure","$v":"FDN denetim hatası"},{"$i":"IllegalSimOrMe","$v":"Yasa dışı SIM veya ME"},{"$i":"DialModifiedToUssd","$v":"Dial modified to USSD"},{"$i":"DialModifiedToSs","$v":"Dial modified to SS"},{"$i":"DialModifiedToDial","$v":"Dial modified to dial"},{"$i":"UssdModifiedToDial","$v":"SS isteği çevir isteği olarak değiştirildi"},{"$i":"UssdModifiedToSs","$v":"USSD isteği SS isteği olarak değiştirildi"},{"$i":"UssdModifiedToUssd","$v":"SS isteği USSD isteği olarak değiştirildi"},{"$i":"SsModifiedToDial","$v":"SS isteği çevir isteği olarak değiştirildi"},{"$i":"SsModifiedToUssd","$v":"SS isteği USSD isteği olarak değiştirildi"},{"$i":"SsModifiedToSs","$v":"SS isteği SS isteği olarak değiştirildi"},{"$i":"SubscriptionNotSupported","$v":"Abonelik desteklenmiyor"},{"$i":"InvalidParameter","$v":"Geçersiz parametre"},{"$i":"RejectedByRemote","$v":"Uzaktan reddedildi"},{"$i":"GetEmptyUssdPrompt","$v":"Boş yanıt alındı."},{"$i":"label","$v":"Etiket"},{"$i":"faxHome","$v":"Eve faks gönder"},{"$i":"faxOffice","$v":"Ofise faks gönder"},{"$i":"faxOther","$v":"Başkasına faks gönder"},{"$i":"another","$v":"Başka"},{"$i":"other","$v":"Diğer"},{"$i":"tcl-customTag","$v":"Özel etiket"},{"$i":"customTag","$v":"Özel etiket","placeholder":"Özel etiket"},{"$i":"current","$v":"Geçerli"},{"$i":"itemWithLabel","$v":[{"t":"idOrVar","v":"label"},", ",{"t":"idOrVar","v":"item"}]},{"$i":"weekday-0-long","$v":"Pazar"},{"$i":"weekday-1-long","$v":"Pazartesi"},{"$i":"weekday-2-long","$v":"Salı"},{"$i":"weekday-3-long","$v":"Çarşamba"},{"$i":"weekday-4-long","$v":"Perşembe"},{"$i":"weekday-5-long","$v":"Cuma"},{"$i":"weekday-6-long","$v":"Cumartesi"},{"$i":"weekday-0-short","$v":"Paz"},{"$i":"weekday-1-short","$v":"Pzt"},{"$i":"weekday-2-short","$v":"Sal"},{"$i":"weekday-3-short","$v":"Çrş"},{"$i":"weekday-4-short","$v":"Per"},{"$i":"weekday-5-short","$v":"Cum"},{"$i":"weekday-6-short","$v":"Cmt"},{"$i":"month-0-long","$v":"Ocak"},{"$i":"month-1-long","$v":"Şubat"},{"$i":"month-2-long","$v":"Mart"},{"$i":"month-3-long","$v":"Nisan"},{"$i":"month-4-long","$v":"Mayıs"},{"$i":"month-5-long","$v":"Haziran"},{"$i":"month-6-long","$v":"Temmuz"},{"$i":"month-7-long","$v":"Ağustos"},{"$i":"month-8-long","$v":"Eylül"},{"$i":"month-9-long","$v":"Ekim"},{"$i":"month-10-long","$v":"Kasım"},{"$i":"month-11-long","$v":"Aralık"},{"$i":"month-0-genitive","$v":"Ocak"},{"$i":"month-1-genitive","$v":"Şubat"},{"$i":"month-2-genitive","$v":"Mart"},{"$i":"month-3-genitive","$v":"Nisan"},{"$i":"month-4-genitive","$v":"Mayıs"},{"$i":"month-5-genitive","$v":"Haziran"},{"$i":"month-6-genitive","$v":"Temmuz"},{"$i":"month-7-genitive","$v":"Ağustos"},{"$i":"month-8-genitive","$v":"Eylül"},{"$i":"month-9-genitive","$v":"Ekim"},{"$i":"month-10-genitive","$v":"Kasım"},{"$i":"month-11-genitive","$v":"Aralık"},{"$i":"month-0-short","$v":"Oca"},{"$i":"month-1-short","$v":"Şub"},{"$i":"month-2-short","$v":"Mar"},{"$i":"month-3-short","$v":"Nis"},{"$i":"month-4-short","$v":"Mayıs"},{"$i":"month-5-short","$v":"Haz"},{"$i":"month-6-short","$v":"Tem"},{"$i":"month-7-short","$v":"Ağu"},{"$i":"month-8-short","$v":"Eyl"},{"$i":"month-9-short","$v":"Eki"},{"$i":"month-10-short","$v":"Kas"},{"$i":"month-11-short","$v":"Ara"},{"$i":"minutes-ago-long","$v":{"few":[{"t":"idOrVar","v":"value"}," dakika önce"],"many":[{"t":"idOrVar","v":"value"}," dakika önce"],"one":"bir dakika önce","other":[{"t":"idOrVar","v":"value"}," dakika önce"],"two":[{"t":"idOrVar","v":"value"}," dakika önce"],"zero":"az önce"},"$x":[{"t":"idOrVar","v":"plural"},"value"]},{"$i":"hours-ago-long","$v":{"few":[{"t":"idOrVar","v":"value"}," saat önce"],"many":[{"t":"idOrVar","v":"value"}," saat önce"],"one":"bir saat önce","other":[{"t":"idOrVar","v":"value"}," saat önce"],"two":[{"t":"idOrVar","v":"value"}," saat önce"],"zero":"az önce"},"$x":[{"t":"idOrVar","v":"plural"},"value"]},{"$i":"days-ago-long","$v":{"few":[{"t":"idOrVar","v":"value"}," gün önce"],"many":[{"t":"idOrVar","v":"value"}," gün önce"],"one":"dün","other":[{"t":"idOrVar","v":"value"}," gün önce"],"two":[{"t":"idOrVar","v":"value"}," gün önce"],"zero":"bugün"},"$x":[{"t":"idOrVar","v":"plural"},"value"]},{"$i":"weeks-ago-long","$v":{"few":[{"t":"idOrVar","v":"value"}," hafta önce"],"many":[{"t":"idOrVar","v":"value"}," hafta önce"],"one":"geçen hafta","other":[{"t":"idOrVar","v":"value"}," hafta önce"],"two":[{"t":"idOrVar","v":"value"}," hafta önce"],"zero":"bu hafta"},"$x":[{"t":"idOrVar","v":"plural"},"value"]},{"$i":"months-ago-long","$v":{"few":[{"t":"idOrVar","v":"value"}," ay önce"],"many":[{"t":"idOrVar","v":"value"}," ay önce"],"one":"geçen ay","other":[{"t":"idOrVar","v":"value"}," ay önce"],"two":[{"t":"idOrVar","v":"value"}," ay önce"],"zero":"bu ay"},"$x":[{"t":"idOrVar","v":"plural"},"value"]},{"$i":"years-ago-long","$v":{"few":[{"t":"idOrVar","v":"value"}," yıl önce"],"many":[{"t":"idOrVar","v":"value"}," yıl önce"],"one":"geçen yıl","other":[{"t":"idOrVar","v":"value"}," yıl önce"],"two":[{"t":"idOrVar","v":"value"}," yıl önce"],"zero":"bu yıl"},"$x":[{"t":"idOrVar","v":"plural"},"value"]},{"$i":"minutes-until-long","$v":{"few":[{"t":"idOrVar","v":"value"}," dakika içinde"],"many":[{"t":"idOrVar","v":"value"}," dakika içinde"],"one":"bir dakika içinde","other":[{"t":"idOrVar","v":"value"}," dakika içinde"],"two":[{"t":"idOrVar","v":"value"}," dakika içinde"],"zero":"şimdi"},"$x":[{"t":"idOrVar","v":"plural"},"value"]},{"$i":"hours-until-long","$v":{"few":[{"t":"idOrVar","v":"value"}," saat içinde"],"many":[{"t":"idOrVar","v":"value"}," saat içinde"],"one":"bir saat içinde","other":[{"t":"idOrVar","v":"value"}," saat içinde"],"two":[{"t":"idOrVar","v":"value"}," saat içinde"],"zero":"şimdi"},"$x":[{"t":"idOrVar","v":"plural"},"value"]},{"$i":"days-until-long","$v":{"few":[{"t":"idOrVar","v":"value"}," gün içinde"],"many":[{"t":"idOrVar","v":"value"}," gün içinde"],"one":"yarın","other":[{"t":"idOrVar","v":"value"}," gün içinde"],"two":[{"t":"idOrVar","v":"value"}," gün içinde"],"zero":"bugün"},"$x":[{"t":"idOrVar","v":"plural"},"value"]},{"$i":"weeks-until-long","$v":{"few":[{"t":"idOrVar","v":"value"}," hafta içinde"],"many":[{"t":"idOrVar","v":"value"}," hafta içinde"],"one":"gelecek hafta","other":[{"t":"idOrVar","v":"value"}," hafta içinde"],"two":[{"t":"idOrVar","v":"value"}," hafta içinde"],"zero":"bu hafta"},"$x":[{"t":"idOrVar","v":"plural"},"value"]},{"$i":"months-until-long","$v":{"few":[{"t":"idOrVar","v":"value"}," ay içinde"],"many":[{"t":"idOrVar","v":"value"}," ay içinde"],"one":"gelecek ay","other":[{"t":"idOrVar","v":"value"}," ay içinde"],"two":[{"t":"idOrVar","v":"value"}," ay içinde"],"zero":"bu ay"},"$x":[{"t":"idOrVar","v":"plural"},"value"]},{"$i":"years-until-long","$v":{"few":[{"t":"idOrVar","v":"value"}," yıl içinde"],"many":[{"t":"idOrVar","v":"value"}," yıl içinde"],"one":"gelecek yıl","other":[{"t":"idOrVar","v":"value"}," yıl içinde"],"two":[{"t":"idOrVar","v":"value"}," yıl içinde"],"zero":"bu yıl"},"$x":[{"t":"idOrVar","v":"plural"},"value"]},{"$i":"minutes-ago-short","$v":{"other":[{"t":"idOrVar","v":"value"},"d önce"],"zero":"az önce"},"$x":[{"t":"idOrVar","v":"plural"},"value"]},{"$i":"hours-ago-short","$v":{"other":[{"t":"idOrVar","v":"value"},"s önce"],"zero":"az önce"},"$x":[{"t":"idOrVar","v":"plural"},"value"]},{"$i":"days-ago-short","$v":{"other":[{"t":"idOrVar","v":"value"},"g önce"],"zero":"bugün"},"$x":[{"t":"idOrVar","v":"plural"},"value"]},{"$i":"minutes-until-short","$v":{"other":[{"t":"idOrVar","v":"value"},"d içinde"],"zero":"şimdi"},"$x":[{"t":"idOrVar","v":"plural"},"value"]},{"$i":"hours-until-short","$v":{"other":[{"t":"idOrVar","v":"value"},"s içinde"],"zero":"şimdi"},"$x":[{"t":"idOrVar","v":"plural"},"value"]},{"$i":"days-until-short","$v":{"other":[{"t":"idOrVar","v":"value"},"g içinde"],"zero":"bugün"},"$x":[{"t":"idOrVar","v":"plural"},"value"]},{"$i":"incorrectDate","$v":"(hatalı tarih)"},{"$i":"dateTimeFormat_%c","$v":"%a %b %e %Y %I:%M:%S %p"},{"$i":"dateTimeFormat_%x","$v":"%d/%m/%Y"},{"$i":"dateTimeFormat_%X","$v":"%I:%M:%S %p"},{"$i":"shortTimeFormat","$v":"%I:%M %p"},{"$i":"shortTimeFormat12","$v":"%I:%M %p"},{"$i":"shortTimeFormat24","$v":"%H:%M"},{"$i":"shortDateTimeFormat","$v":"%x %I:%M %p"},{"$i":"weekStartsOnMonday","$v":"0.0"},{"$i":"firstDayOfTheWeek","$v":"1.0"},{"$i":"time_am","$v":"AM"},{"$i":"time_pm","$v":"PM"}]