[{"$i":"search-or-enter-address","placeholder":"Знайти або ввести адресу"},{"$i":"delete-title","$v":["Видалити ",{"t":"idOrVar","v":"name"}]},{"$i":"delete-body","$v":["Контакт ",{"t":"idOrVar","v":"name"}," та всі пов’язані з ним дані буде видалено."]},{"$i":"delete","$v":"Видалити"},{"$i":"cancel","$v":"Скасувати"},{"$i":"apps","$v":"Програми"},{"$i":"menu","$v":"Меню"},{"$i":"notifications","$v":"Повідомлення"},{"$i":"speed-dial","$v":"Швидкий набір"},{"$i":"select","$v":"Вибрати"},{"$i":"move","$v":"Перемістити"},{"$i":"ok","$v":"OK"},{"$i":"set","$v":"Установити"},{"$i":"edit","$v":"Редагувати"},{"$i":"call","$v":"Подзвонити"},{"$i":"message","$v":"Повідомлення"},{"$i":"options","$v":"Опції"},{"$i":"assign","$v":"Призначити"},{"$i":"remove","$v":"Видалити"},{"$i":"replace","$v":"Замінити"},{"$i":"more","$v":"Більше"},{"$i":"settings","$v":"Настройки"},{"$i":"contacts","$v":"Контакти"},{"$i":"list-view","$v":"Подання списку"},{"$i":"grid-view","$v":"Подання таблиці"},{"$i":"single-view","$v":"Суцільне подання"},{"$i":"skip","$v":"Пропустити"},{"$i":"shortcuts","$v":"Ярлики"},{"$i":"next","$v":"Далі"},{"$i":"instant-settings","$v":"миттєві настройки"},{"$i":"flashlight","$v":"Ліхтарик"},{"$i":"brightness","$v":"Яскравість"},{"$i":"volume","$v":"Гучність"},{"$i":"camera","$v":"Камера"},{"$i":"calculator","$v":"Калькулятор"},{"$i":"airplane-mode","$v":"Режим \"Політ"},{"$i":"wifi","$v":"Wi-Fi"},{"$i":"bluetooth","$v":"Bluetooth"},{"$i":"cellular-data","$v":"Мобільні дані"},{"$i":"on","$v":"Увімк."},{"$i":"off","$v":"Вимк."},{"$i":"percentage-number","$v":[{"t":"idOrVar","v":"number"},"%"]},{"$i":"voicemail","$v":"Голос. повід."},{"$i":"speed-dial-not-empty","ariaLabel":[{"t":"idOrVar","v":"order"},", ",{"t":"idOrVar","v":"name"}]},{"$i":"speed-dial-empty","ariaLabel":[{"t":"idOrVar","v":"order"},", вільно"]},{"$i":"remove-speed-dial","$v":["Видалити контакт ",{"t":"idOrVar","v":"name"}," зі швидкого набору?"]},{"$i":"replace-speed-dial","$v":["Замінити \"",{"t":"idOrVar","v":"name"},"\" на \"",{"t":"idOrVar","v":"subName"},"\"?"]},{"$i":"assign-speed-dial","$v":["Контакту не призначено клавішу швидкого набору ",{"t":"idOrVar","v":"n"},". Призначити зараз?"]},{"$i":"assign-voicemail","$v":"Номер голосової пошти не задано."},{"$i":"alert-for-contacts-without-number","$v":"Немає контактів із доступним номером телефону."},{"$i":"option-remove","$v":"Видалити зі швидкого набору"},{"$i":"option-replace","$v":"Замінити"},{"$i":"all-apps","$v":"Усі програми"},{"$i":"uninstall","$v":"Видалити"},{"$i":"confirm-to-uninstall-app","$v":["Видалити програму \"",{"t":"idOrVar","v":"appName"},"\"?"]},{"$i":"confirm-to-unpin-bookmark","$v":"Відкріпити веб-сайт?"},{"$i":"unpin","$v":"Відкріпити"},{"$i":"rename","$v":"Перейменувати"},{"$i":"title","$v":"Заголовок"},{"$i":"add-to-existing-contact","$v":"Додати до наявного контакту"},{"$i":"create-new-contact","$v":"Створити новий контакт"},{"$i":"sending","$v":"Надсилання…"},{"$i":"video-call","$v":"Відеодзвінок"},{"$i":"rtt-call","$v":"Дзвінок RTT"},{"$i":"callAirplaneModeTitle","$v":"Режим \"У літаку\" ввімкнено"},{"$i":"callAirplaneModeMessage","$v":"Щоб здійснити дзвінок, у настройках вимкніть режим \"У літаку\"."},{"$i":"emergencyDialogTitle","$v":"Немає підключення до мережі"},{"$i":"emergencyDialogBodyBadNumber","$v":"Щоб здійснити дзвінок, телефон має бути підключений до мережі."},{"$i":"emergencyDialogBodyDeviceNotAccepted","$v":"Екстрені дзвінки не дозволені мережею."},{"$i":"invalidNumberToDialTitle","$v":"Неправильний номер телефону"},{"$i":"invalidNumberToDialMessage","$v":"Номер телефону, на який ви дзвоните, недійсний."},{"$i":"emergency-call-only","$v":"Тільки екстрені дзвінки"},{"$i":"emergency-call-error","$v":[{"t":"idOrVar","v":"number"}," не є екстреним номером."]},{"$i":"numberIsBusyTitle","$v":"Номер зайнятий"},{"$i":"numberIsBusyMessage","$v":"Номер зараз зайнятий. Спробуйте ще раз пізніше."},{"$i":"fdnIsActiveTitle","$v":"Номери фіксованого набору ввімкнено"},{"$i":"fdnIsActiveMessage","$v":["Номери фіксованого набору ввімкнено. Наведений номер відсутній у вашому списку номерів фіксованого набору: ",{"t":"idOrVar","v":"number"}]},{"$i":"otherConnectionInUseTitle","$v":"Інше з’єднання, що наразі використовується"},{"$i":"otherConnectionInUseMessage","$v":"На іншому каналі очікує активний дзвінок. Одночасно можна використовувати тільки одне з’єднання."},{"$i":"GenericFailure","$v":"Загальна помилка"},{"$i":"CallFailed","$v":"Помилка дзвінка"},{"$i":"scCallBarring","$v":"Заборона дзвінків"},{"$i":"scCallForwarding","$v":"Переадр. дзвінків"},{"$i":"scClip","$v":"Дані абонента, що дзвонить"},{"$i":"scClir","$v":"Дані абонента, якому ви дзвоните"},{"$i":"scPwd","$v":"Змінення пароля"},{"$i":"scCallWaiting","$v":"Очікування дзвінків"},{"$i":"scPin","$v":"Змінення PIN-коду"},{"$i":"scPin2","$v":"Змінення PIN2-коду"},{"$i":"scPuk","$v":"Розблокувати PIN-код"},{"$i":"scPuk2","$v":"Розблокувати PIN2-код"},{"$i":"scImei","$v":"IMEI"},{"$i":"scMeid","$v":"MEID"},{"$i":"scUssd","$v":"USSD"},{"$i":"deviceIsUnlocked","$v":"Пристрій не заблоковано."},{"$i":"simUnlockCodeAccepted","$v":"Код розблокування SIM-карти прийнято."},{"$i":"simUnlockCodeFailed","$v":"Не вдалося розблокувати SIM-карту."},{"$i":"personal","$v":"Особист."},{"$i":"mobile","$v":"Мобільний"},{"$i":"home","$v":"Домашній"},{"$i":"work","$v":"Роб."},{"$i":"fax-home","$v":"Факс (дім)"},{"$i":"fax-office","$v":"Факс (офіс)"},{"$i":"fax-other","$v":"Факс (інше)"},{"$i":"homescreen-settings","$v":"Настройки головного екрана"},{"$i":"change-wallpaper","$v":"Змінити шпалери"},{"$i":"add-smart-collections","$v":"Додати смарт-колекції"},{"$i":"edit-mode","$v":"Редагувати"},{"$i":"edit-done","$v":"Готово"},{"$i":"tutorial-for-side-menu-1","$v":"Натисніть клавішу \"ЛІВОРУЧ\", щоб отримати доступ до програм ліворуч."},{"$i":"tutorial-for-instant-settings-1","$v":"Натисніть клавішу \"УГОРУ\", щоб перейти до загальних настройок."},{"$i":"tutorial-for-notices","$v":"Натисніть ПРАВУ клавішу, щоб переглянути нові повідомлення."},{"$i":"tutorial-for-google-assistant-1","$v":"Натисніть і утримуйте OK, щоб почати розмову."},{"$i":"tutorial-for-voice-input-1","$v":"Натисніть і утримуйте OK у текстовому полі, щоб почати розмову."},{"$i":"stop-download-title","$v":["Зупинити ",{"t":"idOrVar","v":"name"}]},{"$i":"stop-download-body","$v":"Зупинити завантаження?"},{"$i":"stop-download-action","$v":"Зупинити"},{"$i":"resume-download-title","$v":"Перезап. завантаж."},{"$i":"resume-download-body","$v":["Завантажити ",{"t":"idOrVar","v":"name"},"?"]},{"$i":"resume-download-action","$v":"Завантажити"},{"$i":"edit-group-header","$v":"Редагувати групу"},{"$i":"tcl-wallpaper-changed","$v":"Шпалери змінено"},{"$i":"gaia-shortcut-app-updated","$v":"Програму оновлено"},{"$i":"clocks-updated","$v":"Годинники оновлено"},{"$i":"longDateFormat","$v":"%A, %B %e"},{"$i":"app-title","$v":"Мої програми"},{"$i":"app-uninstall","$v":[{"t":"idOrVar","v":"name"}," видалено"]},{"$i":"confirmation","$v":"Підтвердження"},{"$i":"noSimCard","$v":"Немає SIM-картки"},{"$i":"noService","$v":"Послуги недоступні"},{"$i":"eccOnly","$v":"Emergency calls only"},{"$i":"emergencyCallsOnly","$v":"Emergency calls only"},{"$i":"searching","$v":"Пошук…"},{"$i":"lockedSim","$v":"Заблокована SIM-картка"},{"$i":"clockDateFormat","$v":"%a, %e %b"},{"$i":"apn-sim1","$v":"APN Settings - SIM1"},{"$i":"apn-sim2","$v":"APN Settings - SIM2"},{"$i":"apnDefaultConfig","$v":"APN Default Config"},{"$i":"apn-defaultconfig-message","$v":"Set which type of apn to used"},{"$i":"apnConfigPostpay","$v":"Postpay APN"},{"$i":"apnConfigPrepay","$v":"Prepay APN"},{"$i":"qtn_sm_toast_set_ICE_first","$v":"Контактів ICE немає. Перейдіть до настройок контактів або меню опцій профілю ICE,"},{"$i":"qtn_sm_toast_google_assist","$v":"Натисніть і утримуйте або двічі натисніть, щоб запустити Google Assistant"},{"$i":"qtn_sm_toast_sos_call_msg","$v":"Натисніть і утримуйте або двічі натисніть, щоб здійснити екстрений дзвінок чи надіслати екстрене повідомлення"},{"$i":"nocard-eccOnly","$v":"No SIM card-Emergency calls only"},{"$i":"unusablecard-eccOnly","$v":"Unusable SIM card-Emergency calls only"},{"$i":"sim-with-index-and-carrier","$v":["SIM ",{"t":"idOrVar","v":"index"}," - ",{"t":"idOrVar","v":"carrier"}]},{"$i":"sim-without-carrier","$v":["SIM ",{"t":"idOrVar","v":"index"}]},{"$i":"call-forwarding-async","$v":["Асинхронний: ",{"t":"idOrVar","v":"async"}]},{"$i":"call-forwarding-data","$v":["Дані: ",{"t":"idOrVar","v":"data"}]},{"$i":"call-forwarding-error","$v":"Сталася помилка під час отримання стану переадресації дзвінків"},{"$i":"call-forwarding-fax","$v":["ФАКС: ",{"t":"idOrVar","v":"fax"}]},{"$i":"call-forwarding-inactive","$v":"Вимкнено"},{"$i":"call-forwarding-packet","$v":["Пакет: ",{"t":"idOrVar","v":"packet"}]},{"$i":"call-forwarding-pad","$v":["ПАНЕЛЬ: ",{"t":"idOrVar","v":"pad"}]},{"$i":"call-forwarding-sms","$v":["SMS: ",{"t":"idOrVar","v":"sms"}]},{"$i":"call-forwarding-status","$v":"Стан переадресації дзвінків"},{"$i":"call-forwarding-sync","$v":["Синхронізовано: ",{"t":"idOrVar","v":"sync"}]},{"$i":"call-forwarding-voice","$v":["Голос: ",{"t":"idOrVar","v":"voice"}]},{"$i":"call-forwarding-voice-after-seconds","$v":["Голосовий дзвінок: ",{"t":"idOrVar","v":"voice"}," через ",{"t":"idOrVar","v":"timeSeconds"}," с"]},{"$i":"fihVersion","$v":"FIH Version"},{"$i":"serviceClassVoice","$v":"Голосові записи"},{"$i":"serviceClassData","$v":"Дані"},{"$i":"serviceClassFax","$v":"ФАКС"},{"$i":"serviceClassSms","$v":"SMS"},{"$i":"serviceClassDataSync","$v":"Синхронізувати"},{"$i":"serviceClassDataAsync","$v":"Асинхрон."},{"$i":"serviceClassPacket","$v":"Пакет"},{"$i":"serviceClassPad","$v":"ПАНЕЛЬ"},{"$i":"smServiceEnabled","$v":"Службу ввімкнено"},{"$i":"smServiceDisabled","$v":"Службу вимкнено"},{"$i":"smServiceRegistered","$v":"Реєстрацію завершено"},{"$i":"smServiceErased","$v":"Стирання виконано"},{"$i":"smServiceInterrogated","$v":"Запит виконано"},{"$i":"smServiceNotProvisioned","$v":"Служба недоступна"},{"$i":"smClirPermanent","$v":"Ви не можете змінювати дані абонента"},{"$i":"smClirDefaultOnNextCallOn","$v":"Станд. настройки даних абонента обмежено. Наступн. дзвін.: обмежено"},{"$i":"smClirDefaultOnNextCallOff","$v":"Станд. настройки даних абонента обмежено. Наступн. дзвін.: не обмежено"},{"$i":"smClirDefaultOffNextCallOn","$v":"Станд. настройки даних абонента не обмежено. Наступн. дзвін.: обмежено"},{"$i":"smClirDefaultOffNextCallOff","$v":"Станд. настройки даних абонента не обмежено. Наступн. дзвін.: не обмежено"},{"$i":"smServiceEnabledFor","$v":"Службу ввімкнено для:"},{"$i":"smPinChanged","$v":"PIN-код змінено"},{"$i":"smPinUnblocked","$v":"PIN-код розблоковано"},{"$i":"smPin2Changed","$v":"PIN2-код змінено"},{"$i":"smPin2Unblocked","$v":"PIN2-код розблоковано"},{"$i":"ServiceIsEnabled","$v":"Службу ввімкнено"},{"$i":"ServiceIsDisabled","$v":"Службу вимкнено"},{"$i":"ServiceIsEnabledFor","$v":"Службу ввімкнено для:"},{"$i":"emMmiError","$v":"Проблема з’єднання або неправильний MMI-код"},{"$i":"emMmiErrorPasswordIncorrect","$v":"Неправильний пароль"},{"$i":"emMmiErrorNotSupported","$v":"MMI-код не підтримується або неправильний"},{"$i":"emMmiErrorInvalidAction","$v":"Неправильна дія"},{"$i":"emMmiErrorInvalidScCode","$v":"Неправильний службовий код"},{"$i":"emMmiErrorBadPuk","$v":"Введено неправильний PUK-код."},{"$i":"emMmiErrorBadPin","$v":"Введено неправильний старий PIN-код."},{"$i":"emMmiErrorNeedPuk2","$v":"Введіть PUK2-код, щоб розблокувати SIM-картку"},{"$i":"emMmiErrorMismatchPin","$v":"Введені PIN-коди не збігаються."},{"$i":"emMmiErrorInvalidPin","$v":"Введіть PIN-код (від 4 до 8 цифр)"},{"$i":"emMmiErrorNeedsPuk","$v":"Вашу SIM-картку заблоковано PUK-кодом."},{"$i":"emMmiErrorEnablePin","$v":"Сталася помилка. Увімкніть БЛОКУВАННЯ SIM/RUIM"},{"$i":"emMmiErrorMmiFdn","$v":"Операція виконується тільки для номерів фікс. набору"},{"$i":"emMmiErrorStkCcUssdDial","$v":"Запит USSD змінено на запит НАБОРУ"},{"$i":"emMmiErrorStkCcUssdSs","$v":"Запит USSD змінено на запит SS"},{"$i":"emMmiErrorStkCcUssdUssd","$v":"Запит USSD змінено на новий запит USSD"},{"$i":"emMmiErrorStkCcSsDial","$v":"Запит SS змінено на запит НАБОРУ"},{"$i":"emMmiErrorStkCcSsUssd","$v":"Запит SS змінено на запит USSD"},{"$i":"emMmiErrorStkCcSsSs","$v":"Запит SS змінено на новий запит SS"},{"$i":"emMmiErrorPinPukAttempts","$v":{"few":["Залишилося ",{"t":"idOrVar","v":"n"}," спроби"],"many":["Залишилося ",{"t":"idOrVar","v":"n"}," спроб"],"one":["Залишилося спроб: ",{"t":"idOrVar","v":"n"}],"other":["Залишилося ",{"t":"idOrVar","v":"n"}," спроби"],"two":["Залишилося ",{"t":"idOrVar","v":"n"}," спроби"]},"$x":[{"t":"idOrVar","v":"plural"},"n"]},{"$i":"emMmiErrorSimBlocked","$v":"Перевищено макс. кількість спроб. SIM-картку заблоковано."},{"$i":"RadioNotAvailable","$v":"Radio not available"},{"$i":"PasswordIncorrect","$v":"Неправильний пароль"},{"$i":"SimPin2","$v":"PIN2-код SIM-картки"},{"$i":"SimPuk2","$v":"PUK2-код SIM-картки"},{"$i":"RequestNotSupported","$v":"Запит не підтримується"},{"$i":"OpNotAllowedDuringVoiceCall","$v":"Операція не виконується під час голос. дзвінків"},{"$i":"SmsSendFailRetry","$v":"Не вдалося надіслати SMS; повторити"},{"$i":"SimAbsent","$v":"SIM-картка відсутня"},{"$i":"SubscriptionNotAvailable","$v":"Підписка недоступна"},{"$i":"ModeNotSupported","$v":"Режим не підтримується"},{"$i":"FdnCheckFailure","$v":"Помилка перевірки номерів фіксованого набору"},{"$i":"IllegalSimOrMe","$v":"Недійсна SIM-картка або ME"},{"$i":"DialModifiedToUssd","$v":"Dial modified to USSD"},{"$i":"DialModifiedToSs","$v":"Dial modified to SS"},{"$i":"DialModifiedToDial","$v":"Dial modified to dial"},{"$i":"UssdModifiedToDial","$v":"USSD змінено на набір"},{"$i":"UssdModifiedToSs","$v":"USSD змінено на SS"},{"$i":"UssdModifiedToUssd","$v":"USSD змінено на USSD"},{"$i":"SsModifiedToDial","$v":"SS змінено на набір"},{"$i":"SsModifiedToUssd","$v":"SS змінено на USSD"},{"$i":"SsModifiedToSs","$v":"SS змінено на SS"},{"$i":"SubscriptionNotSupported","$v":"Підписка не підтримується"},{"$i":"InvalidParameter","$v":"Неправильний параметр"},{"$i":"RejectedByRemote","$v":"Відхилено віддал. вузлом"},{"$i":"GetEmptyUssdPrompt","$v":"Отримано нульову відповідь."},{"$i":"label","$v":"Мітка"},{"$i":"faxHome","$v":"Факс (дім)"},{"$i":"faxOffice","$v":"Факс (офіс)"},{"$i":"faxOther","$v":"Факс (інше)"},{"$i":"another","$v":"Інше"},{"$i":"other","$v":"Інший"},{"$i":"tcl-customTag","$v":"Користув. позначка"},{"$i":"customTag","$v":"Користув. позначка","placeholder":"Користув. позначка"},{"$i":"current","$v":"Поточн."},{"$i":"itemWithLabel","$v":[{"t":"idOrVar","v":"label"},", ",{"t":"idOrVar","v":"item"}]},{"$i":"weekday-0-long","$v":"Неділя"},{"$i":"weekday-1-long","$v":"Понеділок"},{"$i":"weekday-2-long","$v":"Вівторок"},{"$i":"weekday-3-long","$v":"Середа"},{"$i":"weekday-4-long","$v":"Четвер"},{"$i":"weekday-5-long","$v":"П’ятниця"},{"$i":"weekday-6-long","$v":"Субота"},{"$i":"weekday-0-short","$v":"Нд"},{"$i":"weekday-1-short","$v":"Пн"},{"$i":"weekday-2-short","$v":"Вт"},{"$i":"weekday-3-short","$v":"Ср"},{"$i":"weekday-4-short","$v":"Чт"},{"$i":"weekday-5-short","$v":"Пт"},{"$i":"weekday-6-short","$v":"Сб"},{"$i":"month-0-long","$v":"Січень"},{"$i":"month-1-long","$v":"Лютий"},{"$i":"month-2-long","$v":"Березень"},{"$i":"month-3-long","$v":"Квітень"},{"$i":"month-4-long","$v":"Травень"},{"$i":"month-5-long","$v":"Червень"},{"$i":"month-6-long","$v":"Липень"},{"$i":"month-7-long","$v":"Серпень"},{"$i":"month-8-long","$v":"Вересень"},{"$i":"month-9-long","$v":"Жовтень"},{"$i":"month-10-long","$v":"Листопад"},{"$i":"month-11-long","$v":"Грудень"},{"$i":"month-0-genitive","$v":"січня"},{"$i":"month-1-genitive","$v":"лютого"},{"$i":"month-2-genitive","$v":"березня"},{"$i":"month-3-genitive","$v":"квітня"},{"$i":"month-4-genitive","$v":"травня"},{"$i":"month-5-genitive","$v":"червня"},{"$i":"month-6-genitive","$v":"липня"},{"$i":"month-7-genitive","$v":"серпня"},{"$i":"month-8-genitive","$v":"вересня"},{"$i":"month-9-genitive","$v":"жовтня"},{"$i":"month-10-genitive","$v":"листопада"},{"$i":"month-11-genitive","$v":"грудня"},{"$i":"month-0-short","$v":"Січ"},{"$i":"month-1-short","$v":"Лют"},{"$i":"month-2-short","$v":"Бер"},{"$i":"month-3-short","$v":"Кві"},{"$i":"month-4-short","$v":"Тра"},{"$i":"month-5-short","$v":"Чер"},{"$i":"month-6-short","$v":"Лип"},{"$i":"month-7-short","$v":"Сер"},{"$i":"month-8-short","$v":"Вер"},{"$i":"month-9-short","$v":"Жов"},{"$i":"month-10-short","$v":"Лис"},{"$i":"month-11-short","$v":"Гру"},{"$i":"minutes-ago-long","$v":{"few":[{"t":"idOrVar","v":"value"}," хвилини тому"],"many":[{"t":"idOrVar","v":"value"}," хвилин тому"],"one":"Хвилину тому","other":[{"t":"idOrVar","v":"value"}," хвилини тому"],"two":[{"t":"idOrVar","v":"value"}," хвилини тому"],"zero":"просто зараз"},"$x":[{"t":"idOrVar","v":"plural"},"value"]},{"$i":"hours-ago-long","$v":{"few":[{"t":"idOrVar","v":"value"}," години тому"],"many":[{"t":"idOrVar","v":"value"}," годин тому"],"one":"годину тому","other":[{"t":"idOrVar","v":"value"}," години тому"],"two":[{"t":"idOrVar","v":"value"}," години тому"],"zero":"просто зараз"},"$x":[{"t":"idOrVar","v":"plural"},"value"]},{"$i":"days-ago-long","$v":{"few":[{"t":"idOrVar","v":"value"}," дні тому"],"many":[{"t":"idOrVar","v":"value"}," днів тому"],"one":"учора","other":[{"t":"idOrVar","v":"value"}," дня тому"],"two":[{"t":"idOrVar","v":"value"}," дні тому"],"zero":"сьогодні"},"$x":[{"t":"idOrVar","v":"plural"},"value"]},{"$i":"weeks-ago-long","$v":{"few":[{"t":"idOrVar","v":"value"}," тижні тому"],"many":[{"t":"idOrVar","v":"value"}," тижнів тому"],"one":"минулий тиждень","other":[{"t":"idOrVar","v":"value"}," тижня тому"],"two":[{"t":"idOrVar","v":"value"}," тижні тому"],"zero":"цього тижня"},"$x":[{"t":"idOrVar","v":"plural"},"value"]},{"$i":"months-ago-long","$v":{"few":[{"t":"idOrVar","v":"value"}," місяці тому"],"many":[{"t":"idOrVar","v":"value"}," місяців тому"],"one":"минулий місяць","other":[{"t":"idOrVar","v":"value"}," місяця тому"],"two":[{"t":"idOrVar","v":"value"}," місяці тому"],"zero":"цього місяця"},"$x":[{"t":"idOrVar","v":"plural"},"value"]},{"$i":"years-ago-long","$v":{"few":[{"t":"idOrVar","v":"value"}," роки тому"],"many":[{"t":"idOrVar","v":"value"}," років тому"],"one":"минулий рік","other":[{"t":"idOrVar","v":"value"}," року тому"],"two":[{"t":"idOrVar","v":"value"}," роки тому"],"zero":"цього року"},"$x":[{"t":"idOrVar","v":"plural"},"value"]},{"$i":"minutes-until-long","$v":{"few":["через ",{"t":"idOrVar","v":"value"}," хв."],"many":["через ",{"t":"idOrVar","v":"value"}," хв."],"one":"через хвилину","other":["через ",{"t":"idOrVar","v":"value"}," хв."],"two":["через ",{"t":"idOrVar","v":"value"}," хв."],"zero":"зараз"},"$x":[{"t":"idOrVar","v":"plural"},"value"]},{"$i":"hours-until-long","$v":{"few":["через ",{"t":"idOrVar","v":"value"}," год."],"many":["через ",{"t":"idOrVar","v":"value"}," год."],"one":"через годину","other":["через ",{"t":"idOrVar","v":"value"}," год."],"two":["через ",{"t":"idOrVar","v":"value"}," год."],"zero":"зараз"},"$x":[{"t":"idOrVar","v":"plural"},"value"]},{"$i":"days-until-long","$v":{"few":["через ",{"t":"idOrVar","v":"value"}," дн."],"many":["через ",{"t":"idOrVar","v":"value"}," дн."],"one":"завтра","other":["через ",{"t":"idOrVar","v":"value"}," дн."],"two":["через ",{"t":"idOrVar","v":"value"}," дн."],"zero":"сьогодні"},"$x":[{"t":"idOrVar","v":"plural"},"value"]},{"$i":"weeks-until-long","$v":{"few":["через ",{"t":"idOrVar","v":"value"}," тиж."],"many":["через ",{"t":"idOrVar","v":"value"}," тиж."],"one":"наступного тижня","other":["через ",{"t":"idOrVar","v":"value"}," тиж."],"two":["через ",{"t":"idOrVar","v":"value"}," тиж."],"zero":"цього тижня"},"$x":[{"t":"idOrVar","v":"plural"},"value"]},{"$i":"months-until-long","$v":{"few":["через ",{"t":"idOrVar","v":"value"}," міс."],"many":["через ",{"t":"idOrVar","v":"value"}," міс."],"one":"наступного місяця","other":["через ",{"t":"idOrVar","v":"value"}," міс."],"two":["через ",{"t":"idOrVar","v":"value"}," міс."],"zero":"цього місяця"},"$x":[{"t":"idOrVar","v":"plural"},"value"]},{"$i":"years-until-long","$v":{"few":["через ",{"t":"idOrVar","v":"value"}," р."],"many":["через ",{"t":"idOrVar","v":"value"}," р."],"one":"наступного року","other":["через ",{"t":"idOrVar","v":"value"}," р."],"two":["через ",{"t":"idOrVar","v":"value"}," р."],"zero":"цього року"},"$x":[{"t":"idOrVar","v":"plural"},"value"]},{"$i":"minutes-ago-short","$v":{"other":[{"t":"idOrVar","v":"value"}," хвилини тому"],"zero":"просто зараз"},"$x":[{"t":"idOrVar","v":"plural"},"value"]},{"$i":"hours-ago-short","$v":{"other":[{"t":"idOrVar","v":"value"}," години тому"],"zero":"просто зараз"},"$x":[{"t":"idOrVar","v":"plural"},"value"]},{"$i":"days-ago-short","$v":{"other":[{"t":"idOrVar","v":"value"}," дня тому"],"zero":"сьогодні"},"$x":[{"t":"idOrVar","v":"plural"},"value"]},{"$i":"minutes-until-short","$v":{"other":["через ",{"t":"idOrVar","v":"value"}," хв."],"zero":"зараз"},"$x":[{"t":"idOrVar","v":"plural"},"value"]},{"$i":"hours-until-short","$v":{"other":["через ",{"t":"idOrVar","v":"value"}," год."],"zero":"зараз"},"$x":[{"t":"idOrVar","v":"plural"},"value"]},{"$i":"days-until-short","$v":{"other":["через ",{"t":"idOrVar","v":"value"}," дн."],"zero":"сьогодні"},"$x":[{"t":"idOrVar","v":"plural"},"value"]},{"$i":"incorrectDate","$v":"(неправильна дата)"},{"$i":"dateTimeFormat_%c","$v":"%a %b %e %Y %I:%M:%S %p"},{"$i":"dateTimeFormat_%x","$v":"%m/%d/%Y"},{"$i":"dateTimeFormat_%X","$v":"%I:%M:%S %p"},{"$i":"shortTimeFormat","$v":"%I:%M %p"},{"$i":"shortTimeFormat12","$v":"%I:%M %p"},{"$i":"shortTimeFormat24","$v":"%H:%M"},{"$i":"shortDateTimeFormat","$v":"%x %I:%M %p"},{"$i":"weekStartsOnMonday","$v":"0.0"},{"$i":"firstDayOfTheWeek","$v":"1.0"},{"$i":"time_am","$v":"ДП"},{"$i":"time_pm","$v":"ПП"}]