[{"$i":"search-or-enter-address","placeholder":"Қидириш ёки манзил"},{"$i":"delete-title","$v":[{"t":"idOrVar","v":"name"}," ўчирилсин"]},{"$i":"delete-body","$v":[{"t":"idOrVar","v":"name"}," барча ахборотлари билан ўчирилади."]},{"$i":"delete","$v":"Ўчириш"},{"$i":"cancel","$v":"Бекор"},{"$i":"apps","$v":"Дастурлар"},{"$i":"menu","$v":"Меню"},{"$i":"notifications","$v":"Эслатмалар"},{"$i":"speed-dial","$v":"Тезкор рақам"},{"$i":"select","$v":"Танлаш"},{"$i":"move","$v":"Кўчириш"},{"$i":"ok","$v":"OK"},{"$i":"set","$v":"Қўйиш"},{"$i":"edit","$v":"Таҳрирлаш"},{"$i":"call","$v":"Чақирув"},{"$i":"message","$v":"Хабар"},{"$i":"options","$v":"Параметрлар"},{"$i":"assign","$v":"Белгилаш"},{"$i":"remove","$v":"Олиб ташлаш"},{"$i":"replace","$v":"Алмаштириш"},{"$i":"more","$v":"Яна"},{"$i":"settings","$v":"Созламалар"},{"$i":"contacts","$v":"Контактлар"},{"$i":"list-view","$v":"Рўйхат"},{"$i":"grid-view","$v":"Панжара"},{"$i":"single-view","$v":"Битталик"},{"$i":"skip","$v":"Ташлаб кетиш"},{"$i":"shortcuts","$v":"Тезкор тугм-р"},{"$i":"next","$v":"Кейингиси"},{"$i":"instant-settings","$v":"тезкор созламалар"},{"$i":"flashlight","$v":"Фонар"},{"$i":"brightness","$v":"Ёрқинлик"},{"$i":"volume","$v":"Товуш баландлиги"},{"$i":"camera","$v":"Камера"},{"$i":"calculator","$v":"Калькулятор"},{"$i":"airplane-mode","$v":"Парвоз режими"},{"$i":"wifi","$v":"Wi-Fi"},{"$i":"bluetooth","$v":"Bluetooth"},{"$i":"cellular-data","$v":"Уяли интернет"},{"$i":"on","$v":"Ёниқ"},{"$i":"off","$v":"Ўчиқ"},{"$i":"percentage-number","$v":[{"t":"idOrVar","v":"number"},"%"]},{"$i":"voicemail","$v":"Овозли почта"},{"$i":"speed-dial-not-empty","ariaLabel":[{"t":"idOrVar","v":"order"},", ",{"t":"idOrVar","v":"name"}]},{"$i":"speed-dial-empty","ariaLabel":[{"t":"idOrVar","v":"order"},", бўш"]},{"$i":"remove-speed-dial","$v":["Ҳақиқатан ҳам тезкор рақамдан ",{"t":"idOrVar","v":"name"}," ни олиб ташлайсизми?"]},{"$i":"replace-speed-dial","$v":["Ҳақиқатан ҳам ",{"t":"idOrVar","v":"name"}," ўрнига ",{"t":"idOrVar","v":"subName"}," ёзасизми?"]},{"$i":"assign-speed-dial","$v":["Контакт тезкор рақам сифатида \"",{"t":"idOrVar","v":"n"},"” тугмасига қўйилмади. Тайинлансинми?"]},{"$i":"assign-voicemail","$v":"Овозли почта рақами созланмаган."},{"$i":"alert-for-contacts-without-number","$v":"Бирорта ҳам рақамли контакт йўқ."},{"$i":"option-remove","$v":"Тезкор рақ-н олиб таш."},{"$i":"option-replace","$v":"Алмаштириш"},{"$i":"all-apps","$v":"Барча дастурлар"},{"$i":"uninstall","$v":"Ўчириш"},{"$i":"confirm-to-uninstall-app","$v":[{"t":"idOrVar","v":"appName"}," олиб ташлансинми?"]},{"$i":"confirm-to-unpin-bookmark","$v":"Бу веб-сайтни олиб ташлайсизми?"},{"$i":"unpin","$v":"Олиб ташлаш"},{"$i":"rename","$v":"Қайта номлаш"},{"$i":"title","$v":"Сарлавҳа"},{"$i":"add-to-existing-contact","$v":"Мавжуд контактга қўшиш"},{"$i":"create-new-contact","$v":"Янги контакт яр-ш"},{"$i":"sending","$v":"Юбор-да…"},{"$i":"video-call","$v":"Видео чақирув"},{"$i":"rtt-call","$v":"RTT чақирув"},{"$i":"callAirplaneModeTitle","$v":"Парвоз режими фаоллашди"},{"$i":"callAirplaneModeMessage","$v":"Чақирув учун созламаларда парвоз режимини ўчиринг."},{"$i":"emergencyDialogTitle","$v":"Тармоққа уланмаган"},{"$i":"emergencyDialogBodyBadNumber","$v":"Чақирув учун телефон тармоққа уланиши керак."},{"$i":"emergencyDialogBodyDeviceNotAccepted","$v":"Тармоқ фавқулодда чақирувга рухсат бермайди."},{"$i":"invalidNumberToDialTitle","$v":"Телефон рақами хато"},{"$i":"invalidNumberToDialMessage","$v":"Чақирилаётган рақам мавжуд эмас."},{"$i":"emergency-call-only","$v":"Фақат фавқулодда чақ."},{"$i":"emergency-call-error","$v":[{"t":"idOrVar","v":"number"}," фавқулодда рақам эмас."]},{"$i":"numberIsBusyTitle","$v":"Рақам банд"},{"$i":"numberIsBusyMessage","$v":"Рақам ҳозирча банд. Кейинроқ қайта урининг."},{"$i":"fdnIsActiveTitle","$v":"FDN ёқилди"},{"$i":"fdnIsActiveMessage","$v":["FDN (Рухсат этилган рақамлар) ёқилди, аммо қуйидаги рақам FDN рўйхатида йўқ: ",{"t":"idOrVar","v":"number"}]},{"$i":"otherConnectionInUseTitle","$v":"Бошқа фаол уланиш"},{"$i":"otherConnectionInUseMessage","$v":"Бошқа уланишда чақирув кетмоқда. Бир вақтда биттагина уланиш ишлатасиз."},{"$i":"GenericFailure","$v":"Умумий носозлик"},{"$i":"CallFailed","$v":"Чақирилмади"},{"$i":"scCallBarring","$v":"Чақирувни тақиқлаш"},{"$i":"scCallForwarding","$v":"Чақирувни йўналтириш"},{"$i":"scClip","$v":"Кирувчи абонент рақами"},{"$i":"scClir","$v":"Чиқувчи абонент рақами"},{"$i":"scPwd","$v":"Паролни ўзгартириш"},{"$i":"scCallWaiting","$v":"Чақирувни кутиш"},{"$i":"scPin","$v":"PIN ўзгариши"},{"$i":"scPin2","$v":"PIN2 ўзгариши"},{"$i":"scPuk","$v":"PIN қулфини очиш"},{"$i":"scPuk2","$v":"PIN2 қулфини очиш"},{"$i":"scImei","$v":"IMEI"},{"$i":"scMeid","$v":"MEID"},{"$i":"scUssd","$v":"USSD"},{"$i":"deviceIsUnlocked","$v":"Қурилма қулфланган"},{"$i":"simUnlockCodeAccepted","$v":"SIM қулфини очиш коди қабул қилинди"},{"$i":"simUnlockCodeFailed","$v":"SIM қулфи очилди"},{"$i":"personal","$v":"Шахсий"},{"$i":"mobile","$v":"Мобил"},{"$i":"home","$v":"Уй"},{"$i":"work","$v":"Иш"},{"$i":"fax-home","$v":"Факс уй"},{"$i":"fax-office","$v":"Факс офис"},{"$i":"fax-other","$v":"Факс бошқа"},{"$i":"homescreen-settings","$v":"Бош экран созламалари"},{"$i":"change-wallpaper","$v":"Фон расмини ўзгартириш"},{"$i":"add-smart-collections","$v":"Ақлли коллекция қўшиш"},{"$i":"edit-mode","$v":"Таҳрирлаш"},{"$i":"edit-done","$v":"Тайёр"},{"$i":"tutorial-for-side-menu-1","$v":"Чапдаги иловаларга кириш учун ЧАПГА тугмасини босинг."},{"$i":"tutorial-for-instant-settings-1","$v":"Одатий созламалар учун ТЕПАГА тугмасини босинг."},{"$i":"tutorial-for-notices","$v":"Янги эслатмаларни кўриш учун ЎНГ тугмани босинг."},{"$i":"tutorial-for-google-assistant-1","$v":"Гапириш учун OK тугмасини босиб туринг."},{"$i":"tutorial-for-voice-input-1","$v":"OK тугмасини босиб матн майдончасига маълумот киритинг."},{"$i":"stop-download-title","$v":[{"t":"idOrVar","v":"name"}," тўхтатиш"]},{"$i":"stop-download-body","$v":"Юкланишни тўхтатасизми?"},{"$i":"stop-download-action","$v":"Тўхтатиш"},{"$i":"resume-download-title","$v":"Қайта юклаб олиш"},{"$i":"resume-download-body","$v":["Буни юклаб оласизми: ",{"t":"idOrVar","v":"name"},"?"]},{"$i":"resume-download-action","$v":"Юклаб олиш"},{"$i":"edit-group-header","$v":"Гуруҳни таҳрирлаш"},{"$i":"tcl-wallpaper-changed","$v":"Фон расми ўзгарди"},{"$i":"gaia-shortcut-app-updated","$v":"Дастур янгиланди"},{"$i":"clocks-updated","$v":"Соатлар янгиланди"},{"$i":"longDateFormat","$v":"%A, %B %e"},{"$i":"app-title","$v":"Дастурларим"},{"$i":"app-uninstall","$v":[{"t":"idOrVar","v":"name"}," олиб ташланди"]},{"$i":"confirmation","$v":"Тасдиқ"},{"$i":"noSimCard","$v":"SIM карта йўқ"},{"$i":"noService","$v":"Сигнал йўқ"},{"$i":"eccOnly","$v":"Emergency calls only"},{"$i":"emergencyCallsOnly","$v":"Emergency calls only"},{"$i":"searching","$v":"Қидирилмоқда…"},{"$i":"lockedSim","$v":"Қулфланган SIM"},{"$i":"clockDateFormat","$v":"%a, %e %b"},{"$i":"apn-sim1","$v":"APN Settings - SIM1"},{"$i":"apn-sim2","$v":"APN Settings - SIM2"},{"$i":"apnDefaultConfig","$v":"APN Default Config"},{"$i":"apn-defaultconfig-message","$v":"Set which type of apn to used"},{"$i":"apnConfigPostpay","$v":"Postpay APN"},{"$i":"apnConfigPrepay","$v":"Prepay APN"},{"$i":"qtn_sm_toast_set_ICE_first","$v":"Ҳеч қандай ICE контакти топилмади, созлаш учун Контаклар созламалари ёки ICE маълумоти"},{"$i":"qtn_sm_toast_google_assist","$v":"Google Assistent иловасини очиш учун босиб туринг ёки икки марта босинг"},{"$i":"qtn_sm_toast_sos_call_msg","$v":"SOS чақируви / SOS хабари учун"},{"$i":"nocard-eccOnly","$v":"No SIM card-Emergency calls only"},{"$i":"unusablecard-eccOnly","$v":"Unusable SIM card-Emergency calls only"},{"$i":"sim-with-index-and-carrier","$v":["SIM ",{"t":"idOrVar","v":"index"}," - ",{"t":"idOrVar","v":"carrier"}]},{"$i":"sim-without-carrier","$v":["SIM ",{"t":"idOrVar","v":"index"}]},{"$i":"call-forwarding-async","$v":["Асинхрон: ",{"t":"idOrVar","v":"async"}]},{"$i":"call-forwarding-data","$v":["Ахборот: ",{"t":"idOrVar","v":"data"}]},{"$i":"call-forwarding-error","$v":"Чақирувни йўналтириш ҳолатини олишда хато юз берди"},{"$i":"call-forwarding-fax","$v":["ФАКС: ",{"t":"idOrVar","v":"fax"}]},{"$i":"call-forwarding-inactive","$v":"Фаол эмас"},{"$i":"call-forwarding-packet","$v":["Пакет: ",{"t":"idOrVar","v":"packet"}]},{"$i":"call-forwarding-pad","$v":["PAD: ",{"t":"idOrVar","v":"pad"}]},{"$i":"call-forwarding-sms","$v":["SMS: ",{"t":"idOrVar","v":"sms"}]},{"$i":"call-forwarding-status","$v":"Чақирувни йўналтириш ҳолати"},{"$i":"call-forwarding-sync","$v":["Синхрон: ",{"t":"idOrVar","v":"sync"}]},{"$i":"call-forwarding-voice","$v":["Овоз: ",{"t":"idOrVar","v":"voice"}]},{"$i":"call-forwarding-voice-after-seconds","$v":["Овоз: ",{"t":"idOrVar","v":"voice"},", ",{"t":"idOrVar","v":"timeSeconds"}," сониядан кейин"]},{"$i":"fihVersion","$v":"FIH Version"},{"$i":"serviceClassVoice","$v":"Овоз"},{"$i":"serviceClassData","$v":"Маълумот"},{"$i":"serviceClassFax","$v":"ФАКС"},{"$i":"serviceClassSms","$v":"SMS"},{"$i":"serviceClassDataSync","$v":"Синхронлаш"},{"$i":"serviceClassDataAsync","$v":"Асинх"},{"$i":"serviceClassPacket","$v":"Пакет"},{"$i":"serviceClassPad","$v":"PAD"},{"$i":"smServiceEnabled","$v":"Хизмат ёқилди"},{"$i":"smServiceDisabled","$v":"Хизмат ўчирилган"},{"$i":"smServiceRegistered","$v":"Рег-я амалга ошди"},{"$i":"smServiceErased","$v":"Ўчирилди"},{"$i":"smServiceInterrogated","$v":"Талаб амалга ошди"},{"$i":"smServiceNotProvisioned","$v":"Хизмат кўрсатилмади"},{"$i":"smClirPermanent","$v":"Абонент рақами созламасини ўзгартира олмайсиз"},{"$i":"smClirDefaultOnNextCallOn","$v":"Абон. рақ. одатий чекланган. Кей. чақ.: чек-н"},{"$i":"smClirDefaultOnNextCallOff","$v":"Абонент рақами одатий чекланган. Кейинги чақирув: чекланмаган"},{"$i":"smClirDefaultOffNextCallOn","$v":"Абонент рақами одатий чекланмаган. Кейинги чақирув: чекланган"},{"$i":"smClirDefaultOffNextCallOff","$v":"Абонент рақами одатий чекланмаган. Кейинги чақирув: чекланмаган"},{"$i":"smServiceEnabledFor","$v":"Хизмат бу учун ёқилди:"},{"$i":"smPinChanged","$v":"PIN код ўзгарди"},{"$i":"smPinUnblocked","$v":"PIN код очилди"},{"$i":"smPin2Changed","$v":"PIN2 код ўзгарди"},{"$i":"smPin2Unblocked","$v":"PIN2 код очилди"},{"$i":"ServiceIsEnabled","$v":"Хизмат ёқилди"},{"$i":"ServiceIsDisabled","$v":"Хизмат ўчирилди"},{"$i":"ServiceIsEnabledFor","$v":"Хизмат бу учун ёқилди:"},{"$i":"emMmiError","$v":"Уланишда муаммо ёки MMI коди хато"},{"$i":"emMmiErrorPasswordIncorrect","$v":"Парол хато"},{"$i":"emMmiErrorNotSupported","$v":"Яроқсиз ёки номаълум MMI код"},{"$i":"emMmiErrorInvalidAction","$v":"Нотўғри амал"},{"$i":"emMmiErrorInvalidScCode","$v":"Хизмат коди хато"},{"$i":"emMmiErrorBadPuk","$v":"Нотўғри PUK код киритилди"},{"$i":"emMmiErrorBadPin","$v":"Эски PIN кодни нотўғри киритдингиз."},{"$i":"emMmiErrorNeedPuk2","$v":"SIM картани очиш учун PUK2 кодни киритинг"},{"$i":"emMmiErrorMismatchPin","$v":"Киритилган PIN кодлар бир хил эмас"},{"$i":"emMmiErrorInvalidPin","$v":"4-8 хонали PIN киритинг"},{"$i":"emMmiErrorNeedsPuk","$v":"SIM картангиз PUK кодга қулфланган"},{"$i":"emMmiErrorEnablePin","$v":"Амалга ошмади. SIM/RUIM LOCK ёқинг"},{"$i":"emMmiErrorMmiFdn","$v":"Фақат рухсат этилган рақамни териш м-н"},{"$i":"emMmiErrorStkCcUssdDial","$v":"USSD талаби DIAL талабига ўзгарди"},{"$i":"emMmiErrorStkCcUssdSs","$v":"USSD талаби SS талабига ўзгарди"},{"$i":"emMmiErrorStkCcUssdUssd","$v":"USSD талаби янги USSD талабига ўзгарди"},{"$i":"emMmiErrorStkCcSsDial","$v":"SS талаби DIAL талабига ўзгарди"},{"$i":"emMmiErrorStkCcSsUssd","$v":"SS талаби USSD га ўз-ди"},{"$i":"emMmiErrorStkCcSsSs","$v":"SS талаби янги SS талабига ўзгарди"},{"$i":"emMmiErrorPinPukAttempts","$v":{"few":[{"t":"idOrVar","v":"n"}," марта уринасиз"],"many":[{"t":"idOrVar","v":"n"}," марта уринасиз"],"one":[{"t":"idOrVar","v":"n"}," ур-ш қолди"],"other":[{"t":"idOrVar","v":"n"}," марта уринасиз"],"two":[{"t":"idOrVar","v":"n"}," марта уринасиз"]},"$x":[{"t":"idOrVar","v":"plural"},"n"]},{"$i":"emMmiErrorSimBlocked","$v":"Максимал уринишлар сонига етилди. SIM блокланди"},{"$i":"RadioNotAvailable","$v":"Radio not available"},{"$i":"PasswordIncorrect","$v":"Паро хато"},{"$i":"SimPin2","$v":"SIM PIN2"},{"$i":"SimPuk2","$v":"SIM PUK2"},{"$i":"RequestNotSupported","$v":"Сўров қўллаб-қувватланмади"},{"$i":"OpNotAllowedDuringVoiceCall","$v":"Чақирув пайтида м-н эмас"},{"$i":"SmsSendFailRetry","$v":"SMS юборилмади"},{"$i":"SimAbsent","$v":"SIM йўқ"},{"$i":"SubscriptionNotAvailable","$v":"Обунанинг иложи йўқ"},{"$i":"ModeNotSupported","$v":"Режим ишламайди"},{"$i":"FdnCheckFailure","$v":"Fdn текширувдан ўтмади"},{"$i":"IllegalSimOrMe","$v":"Ноқонуний SIM ёки ME"},{"$i":"DialModifiedToUssd","$v":"Dial modified to USSD"},{"$i":"DialModifiedToSs","$v":"Dial modified to SS"},{"$i":"DialModifiedToDial","$v":"Dial modified to dial"},{"$i":"UssdModifiedToDial","$v":"USSD ўзгарди: териш"},{"$i":"UssdModifiedToSs","$v":"USSD ўзгарди: SS"},{"$i":"UssdModifiedToUssd","$v":"USSD ўзгарди: USSD"},{"$i":"SsModifiedToDial","$v":"SS ўзгарди: териш"},{"$i":"SsModifiedToUssd","$v":"SS ўзгарди: USSD"},{"$i":"SsModifiedToSs","$v":"SS ўзгарди: SS"},{"$i":"SubscriptionNotSupported","$v":"Обуна қилинмайди"},{"$i":"InvalidParameter","$v":"Параметр хато"},{"$i":"RejectedByRemote","$v":"Масофавий рад этилди"},{"$i":"GetEmptyUssdPrompt","$v":"Нулл явоб qабул qилинди."},{"$i":"label","$v":"Ёрлиқ"},{"$i":"faxHome","$v":"Факс уй"},{"$i":"faxOffice","$v":"Факс офис"},{"$i":"faxOther","$v":"Факс бошқа"},{"$i":"another","$v":"Бошқа"},{"$i":"other","$v":"Бошқа"},{"$i":"tcl-customTag","$v":"Махсус тег"},{"$i":"customTag","$v":"Махсус тег","placeholder":"Махсус тег"},{"$i":"current","$v":"Жорий"},{"$i":"itemWithLabel","$v":[{"t":"idOrVar","v":"label"},", ",{"t":"idOrVar","v":"item"}]},{"$i":"weekday-0-long","$v":"Якшанба"},{"$i":"weekday-1-long","$v":"Душанба"},{"$i":"weekday-2-long","$v":"Сешанба"},{"$i":"weekday-3-long","$v":"Чоршанба"},{"$i":"weekday-4-long","$v":"Пайшанба"},{"$i":"weekday-5-long","$v":"Жума"},{"$i":"weekday-6-long","$v":"Шанба"},{"$i":"weekday-0-short","$v":"Якш"},{"$i":"weekday-1-short","$v":"Душ"},{"$i":"weekday-2-short","$v":"Сеш"},{"$i":"weekday-3-short","$v":"Чор"},{"$i":"weekday-4-short","$v":"Пай"},{"$i":"weekday-5-short","$v":"Жум"},{"$i":"weekday-6-short","$v":"Шан"},{"$i":"month-0-long","$v":"Январ"},{"$i":"month-1-long","$v":"Феврал"},{"$i":"month-2-long","$v":"Март"},{"$i":"month-3-long","$v":"Апрель"},{"$i":"month-4-long","$v":"Май"},{"$i":"month-5-long","$v":"Июн"},{"$i":"month-6-long","$v":"Июл"},{"$i":"month-7-long","$v":"Август"},{"$i":"month-8-long","$v":"Сентябр"},{"$i":"month-9-long","$v":"Октябр"},{"$i":"month-10-long","$v":"Ноябр"},{"$i":"month-11-long","$v":"Декабр"},{"$i":"month-0-genitive","$v":"Январь"},{"$i":"month-1-genitive","$v":"Февраль"},{"$i":"month-2-genitive","$v":"Март"},{"$i":"month-3-genitive","$v":"Апрель"},{"$i":"month-4-genitive","$v":"Май"},{"$i":"month-5-genitive","$v":"Июнь"},{"$i":"month-6-genitive","$v":"Июль"},{"$i":"month-7-genitive","$v":"Август"},{"$i":"month-8-genitive","$v":"Сентябрь"},{"$i":"month-9-genitive","$v":"Октябрь"},{"$i":"month-10-genitive","$v":"Ноябрь"},{"$i":"month-11-genitive","$v":"Декабрь"},{"$i":"month-0-short","$v":"Янв"},{"$i":"month-1-short","$v":"Фев"},{"$i":"month-2-short","$v":"Мар"},{"$i":"month-3-short","$v":"Апр"},{"$i":"month-4-short","$v":"Май"},{"$i":"month-5-short","$v":"Июн"},{"$i":"month-6-short","$v":"Июл"},{"$i":"month-7-short","$v":"Авг"},{"$i":"month-8-short","$v":"Сен"},{"$i":"month-9-short","$v":"Окт"},{"$i":"month-10-short","$v":"Ноя"},{"$i":"month-11-short","$v":"Дек"},{"$i":"minutes-ago-long","$v":{"few":[{"t":"idOrVar","v":"value"}," дақиқа олдин"],"many":[{"t":"idOrVar","v":"value"}," дақиқа олдин"],"one":"бир дақиқа аввал","other":[{"t":"idOrVar","v":"value"}," дақиқа олдин"],"two":[{"t":"idOrVar","v":"value"}," дақиқа олдин"],"zero":"ҳозиргина"},"$x":[{"t":"idOrVar","v":"plural"},"value"]},{"$i":"hours-ago-long","$v":{"few":[{"t":"idOrVar","v":"value"}," соат олдин"],"many":[{"t":"idOrVar","v":"value"}," соат олдин"],"one":"бир соат олдин","other":[{"t":"idOrVar","v":"value"}," соат олдин"],"two":[{"t":"idOrVar","v":"value"}," соат олдин"],"zero":"ҳозиргина"},"$x":[{"t":"idOrVar","v":"plural"},"value"]},{"$i":"days-ago-long","$v":{"few":[{"t":"idOrVar","v":"value"}," кун олдин"],"many":[{"t":"idOrVar","v":"value"}," кун олдин"],"one":"кеча","other":[{"t":"idOrVar","v":"value"}," кун олдин"],"two":[{"t":"idOrVar","v":"value"}," кун олдин"],"zero":"бугун"},"$x":[{"t":"idOrVar","v":"plural"},"value"]},{"$i":"weeks-ago-long","$v":{"few":[{"t":"idOrVar","v":"value"}," ҳафта олдин"],"many":[{"t":"idOrVar","v":"value"}," ҳафта олдин"],"one":"ўтган ҳафта","other":[{"t":"idOrVar","v":"value"}," ҳафта олдин"],"two":[{"t":"idOrVar","v":"value"}," ҳафта олдин"],"zero":"шу ҳафта"},"$x":[{"t":"idOrVar","v":"plural"},"value"]},{"$i":"months-ago-long","$v":{"few":[{"t":"idOrVar","v":"value"}," ой олдин"],"many":[{"t":"idOrVar","v":"value"}," ой олдин"],"one":"ўтган ой","other":[{"t":"idOrVar","v":"value"}," ой олдин"],"two":[{"t":"idOrVar","v":"value"}," ой олдин"],"zero":"бу ой"},"$x":[{"t":"idOrVar","v":"plural"},"value"]},{"$i":"years-ago-long","$v":{"few":[{"t":"idOrVar","v":"value"}," йил олдин"],"many":[{"t":"idOrVar","v":"value"}," йил олдин"],"one":"ўтган йил","other":[{"t":"idOrVar","v":"value"}," йил олдин"],"two":[{"t":"idOrVar","v":"value"}," йил олдин"],"zero":"шу йил"},"$x":[{"t":"idOrVar","v":"plural"},"value"]},{"$i":"minutes-until-long","$v":{"few":[{"t":"idOrVar","v":"value"}," дақиқада"],"many":[{"t":"idOrVar","v":"value"}," дақиқада"],"one":"бир дақиқада","other":[{"t":"idOrVar","v":"value"}," дақиқада"],"two":[{"t":"idOrVar","v":"value"}," дақиқада"],"zero":"ҳозир"},"$x":[{"t":"idOrVar","v":"plural"},"value"]},{"$i":"hours-until-long","$v":{"few":[{"t":"idOrVar","v":"value"}," соатда"],"many":[{"t":"idOrVar","v":"value"}," соатда"],"one":"бир соатда","other":[{"t":"idOrVar","v":"value"}," соатда"],"two":[{"t":"idOrVar","v":"value"}," соатда"],"zero":"ҳозир"},"$x":[{"t":"idOrVar","v":"plural"},"value"]},{"$i":"days-until-long","$v":{"few":[{"t":"idOrVar","v":"value"}," кунда"],"many":[{"t":"idOrVar","v":"value"}," кунда"],"one":"эртага","other":[{"t":"idOrVar","v":"value"}," кунда"],"two":[{"t":"idOrVar","v":"value"}," кунда"],"zero":"бугун"},"$x":[{"t":"idOrVar","v":"plural"},"value"]},{"$i":"weeks-until-long","$v":{"few":[{"t":"idOrVar","v":"value"}," ҳафтада"],"many":[{"t":"idOrVar","v":"value"}," ҳафтада"],"one":"кейинги ҳафта","other":[{"t":"idOrVar","v":"value"}," ҳафтада"],"two":[{"t":"idOrVar","v":"value"}," ҳафтада"],"zero":"шу ҳафта"},"$x":[{"t":"idOrVar","v":"plural"},"value"]},{"$i":"months-until-long","$v":{"few":[{"t":"idOrVar","v":"value"}," ойда"],"many":[{"t":"idOrVar","v":"value"}," ойда"],"one":"кейинги ой","other":[{"t":"idOrVar","v":"value"}," ойда"],"two":[{"t":"idOrVar","v":"value"}," ойда"],"zero":"бу ой"},"$x":[{"t":"idOrVar","v":"plural"},"value"]},{"$i":"years-until-long","$v":{"few":[{"t":"idOrVar","v":"value"}," йилда"],"many":[{"t":"idOrVar","v":"value"}," йилда"],"one":"кейинги йил","other":[{"t":"idOrVar","v":"value"}," йилда"],"two":[{"t":"idOrVar","v":"value"}," йилда"],"zero":"шу йил"},"$x":[{"t":"idOrVar","v":"plural"},"value"]},{"$i":"minutes-ago-short","$v":{"other":[{"t":"idOrVar","v":"value"},"д олдин"],"zero":"ҳозиргина"},"$x":[{"t":"idOrVar","v":"plural"},"value"]},{"$i":"hours-ago-short","$v":{"other":[{"t":"idOrVar","v":"value"},"с олдин"],"zero":"ҳозиргина"},"$x":[{"t":"idOrVar","v":"plural"},"value"]},{"$i":"days-ago-short","$v":{"other":[{"t":"idOrVar","v":"value"},"к олдин"],"zero":"бугун"},"$x":[{"t":"idOrVar","v":"plural"},"value"]},{"$i":"minutes-until-short","$v":{"other":[{"t":"idOrVar","v":"value"},"д"],"zero":"ҳозир"},"$x":[{"t":"idOrVar","v":"plural"},"value"]},{"$i":"hours-until-short","$v":{"other":[{"t":"idOrVar","v":"value"},"с"],"zero":"ҳозир"},"$x":[{"t":"idOrVar","v":"plural"},"value"]},{"$i":"days-until-short","$v":{"other":[{"t":"idOrVar","v":"value"},"к"],"zero":"бугун"},"$x":[{"t":"idOrVar","v":"plural"},"value"]},{"$i":"incorrectDate","$v":"(сана хато)"},{"$i":"dateTimeFormat_%c","$v":"%a %b %e %Y %I:%M:%S %p"},{"$i":"dateTimeFormat_%x","$v":"%m/%d/%Y"},{"$i":"dateTimeFormat_%X","$v":"%I:%M:%S %p"},{"$i":"shortTimeFormat","$v":"%I:%M %p"},{"$i":"shortTimeFormat12","$v":"%I:%M %p"},{"$i":"shortTimeFormat24","$v":"%H:%M"},{"$i":"shortDateTimeFormat","$v":"%x %I:%M %p"},{"$i":"weekStartsOnMonday","$v":"0.0"},{"$i":"firstDayOfTheWeek","$v":"1.0"},{"$i":"time_am","$v":"ТО"},{"$i":"time_pm","$v":"ТК"}]