[{"$i":"search-or-enter-address","placeholder":"Khangela okanye faka idilesi"},{"$i":"delete-title","$v":["Icime ",{"t":"idOrVar","v":"name"}]},{"$i":"delete-body","$v":[{"t":"idOrVar","v":"name"}," kwaye yonke idatha yayo izakucinywa."]},{"$i":"delete","$v":"Cima"},{"$i":"cancel","$v":"Rhoxisa"},{"$i":"apps","$v":"Ii-App"},{"$i":"menu","$v":"Imenyu"},{"$i":"notifications","$v":"Izaziso"},{"$i":"speed-dial","$v":"Ispid Dayali"},{"$i":"select","$v":"Khetha"},{"$i":"move","$v":"Fudusa"},{"$i":"ok","$v":"Kulungile"},{"$i":"set","$v":"Seta"},{"$i":"edit","$v":"Hlela"},{"$i":"call","$v":"Fowuna"},{"$i":"message","$v":"Umyalezo"},{"$i":"options","$v":"Iinketho"},{"$i":"assign","$v":"Yabela"},{"$i":"remove","$v":"Susa"},{"$i":"replace","$v":"Beka enye"},{"$i":"more","$v":"Ukungakumbi"},{"$i":"settings","$v":"Iisethingi"},{"$i":"contacts","$v":"Abaqhagamshelwa"},{"$i":"list-view","$v":"Imbonakalo yoLuhlu"},{"$i":"grid-view","$v":"Imbonakalo yeGridi"},{"$i":"single-view","$v":"Imbonakalo yeNto eNye"},{"$i":"skip","$v":"Tsiba"},{"$i":"shortcuts","$v":"Izinqumleli"},{"$i":"next","$v":"Landelayo"},{"$i":"instant-settings","$v":"iisethingi zangoku"},{"$i":"flashlight","$v":"Isikhanyiso Sefleshi"},{"$i":"brightness","$v":"Ukukhanya"},{"$i":"volume","$v":"Ivolyum"},{"$i":"camera","$v":"Ikhamera"},{"$i":"calculator","$v":"Ikhatyuletha"},{"$i":"airplane-mode","$v":"Imo yenqwelo moya"},{"$i":"wifi","$v":"I-Wi-Fi"},{"$i":"bluetooth","$v":"I-IBluetooth"},{"$i":"cellular-data","$v":"Idatha kanomyayi"},{"$i":"on","$v":"Ilayitile"},{"$i":"off","$v":"Icimile"},{"$i":"percentage-number","$v":[{"t":"idOrVar","v":"number"},"%"]},{"$i":"voicemail","$v":"Ivoysmele"},{"$i":"speed-dial-not-empty","ariaLabel":[{"t":"idOrVar","v":"order"},", ",{"t":"idOrVar","v":"name"}]},{"$i":"speed-dial-empty","ariaLabel":[{"t":"idOrVar","v":"order"},", akhonto."]},{"$i":"remove-speed-dial","$v":["Uqinisekile ufuna ukususa ",{"t":"idOrVar","v":"name"}," kwi-Speed Dial?"]},{"$i":"replace-speed-dial","$v":["Uqinisekile ufuna ukuthatha indawo ",{"t":"idOrVar","v":"name"}," ufake ",{"t":"idOrVar","v":"subName"},"?"]},{"$i":"assign-speed-dial","$v":["Umqhagamshelwa akongezwanga kwiqhosha le-Speed Dial ",{"t":"idOrVar","v":"n"},"? Abelwe ngoku?"]},{"$i":"assign-voicemail","$v":"Inombolo yeVoysmeyili ayikasetwa."},{"$i":"alert-for-contacts-without-number","$v":"Akukho baqhagamshelwa abanenombolo yefowuni bafumanekayo."},{"$i":"option-remove","$v":"Susa ukusuka kufowuno olukhawulezayo"},{"$i":"option-replace","$v":"Beka enye"},{"$i":"all-apps","$v":"Lonke usentyenziso"},{"$i":"uninstall","$v":"Khupha ufakelo"},{"$i":"confirm-to-uninstall-app","$v":["Khupha ",{"t":"idOrVar","v":"appName"}," i-app?"]},{"$i":"confirm-to-unpin-bookmark","$v":"Ungaphakamiseli iwebhusayithi?"},{"$i":"unpin","$v":"Yekisa ukuqhoboshela"},{"$i":"rename","$v":"Phnd uthy"},{"$i":"title","$v":"Itayitile"},{"$i":"add-to-existing-contact","$v":"Faka kumqhakamshelwa osele ekhona"},{"$i":"create-new-contact","$v":"Yila umqhagamshelwa omtsha"},{"$i":"sending","$v":"Iyathumela…"},{"$i":"video-call","$v":"Umnxeba wevidiyo"},{"$i":"rtt-call","$v":"Umnxeba we RTT"},{"$i":"callAirplaneModeTitle","$v":"Imodi yenqwelo-moya ivuliwe"},{"$i":"callAirplaneModeMessage","$v":"Ukuze utsale umnxeba kufuneka uvale imo yepleyini kwiisethingi."},{"$i":"emergencyDialogTitle","$v":"Akukho qhakamshelo lanethiwekhi"},{"$i":"emergencyDialogBodyBadNumber","$v":"Ukuze utsale umnxeba, ifowuni kumele inxibelelane nenetwekhi."},{"$i":"emergencyDialogBodyDeviceNotAccepted","$v":"Ifowuni zongxamiseko azilandelwa kwinethiwekhi."},{"$i":"invalidNumberToDialTitle","$v":"Akuyiyo inombolo yefowuni"},{"$i":"invalidNumberToDialMessage","$v":"Le nombolo yefowuni uyifowunelayo ayilunganga."},{"$i":"emergency-call-only","$v":"Fowunela Ungxamiseko Kuphela"},{"$i":"emergency-call-error","$v":[{"t":"idOrVar","v":"number"}," akuyonombolo kaxakeka."]},{"$i":"numberIsBusyTitle","$v":"Inombolo ixakekile"},{"$i":"numberIsBusyMessage","$v":"Le nombolo ixakekile okwangoku. Nceda uzame kamva."},{"$i":"fdnIsActiveTitle","$v":"I-FDN iyasetyenziswa"},{"$i":"fdnIsActiveMessage","$v":["I-FDN (Iinombolo Ezimiselwe Ukutsalelwa) ivuliwe ibe ezi nombolo zilandelayo azikho kuludwe lwe-FDN: ",{"t":"idOrVar","v":"number"}]},{"$i":"otherConnectionInUseTitle","$v":"Amanye oqhakamshelo asetyenziswayo"},{"$i":"otherConnectionInUseMessage","$v":"Usemnxebeni kolunye unxibelelwano. Ungasebenzisa kuphela unxibelelwano olunye ngexesha."},{"$i":"GenericFailure","$v":"Ukusilela okuzenzekelayo"},{"$i":"CallFailed","$v":"Umnxeba uphanzile"},{"$i":"scCallBarring","$v":"Ukuvala umnxeba"},{"$i":"scCallForwarding","$v":"Umnxeba uthunyelwe phambili"},{"$i":"scClip","$v":"Umnxeba ongenayoer ID"},{"$i":"scClir","$v":"iID yoMnxeba ophumayo"},{"$i":"scPwd","$v":"Utshintso lwepasiwedi"},{"$i":"scCallWaiting","$v":"Umnxeba ulindile"},{"$i":"scPin","$v":"Utshintsho PIN"},{"$i":"scPin2","$v":"Utshintsho PIN2"},{"$i":"scPuk","$v":"Yekisa ukubhloka kwe-PIN"},{"$i":"scPuk2","$v":"Yekisa ukubhloka kuka-PIN2"},{"$i":"scImei","$v":"IMEI"},{"$i":"scMeid","$v":"MEID"},{"$i":"scUssd","$v":"I-USSD"},{"$i":"deviceIsUnlocked","$v":"Isixhobo asintshixwanga"},{"$i":"simUnlockCodeAccepted","$v":"Ikhowudi yokuvula I-SIM yamnkelwe"},{"$i":"simUnlockCodeFailed","$v":"uvulo lwe-SIM aluphumelelenga"},{"$i":"personal","$v":"Eyobuqu"},{"$i":"mobile","$v":"Nomyayi"},{"$i":"home","$v":"Ikhaya"},{"$i":"work","$v":"Umsebenzi"},{"$i":"fax-home","$v":"Ifeksi yasekhaya"},{"$i":"fax-office","$v":"Ifeksi yaseofisini"},{"$i":"fax-other","$v":"Enye ifeksi"},{"$i":"homescreen-settings","$v":"Iisethingi zeSkrinisekhaya"},{"$i":"change-wallpaper","$v":"Tshintsha Iwalpheyipha"},{"$i":"add-smart-collections","$v":"Faka ingqokelela ye Smart"},{"$i":"edit-mode","$v":"Hlela"},{"$i":"edit-done","$v":"Ugqibile"},{"$i":"tutorial-for-side-menu-1","$v":"Cofa iqhosha LEFT ukufikelela kwii-app ekhohlo."},{"$i":"tutorial-for-instant-settings-1","$v":"Cofa u-UP kwizilungiselelo eziqhelekileyo ezisetyenzisiweyo.."},{"$i":"tutorial-for-notices","$v":"Cofa iqosha KUNENE RIGHT ukubona izaziso."},{"$i":"tutorial-for-google-assistant-1","$v":"Cofa ungayeki KULUNGILE ukuthetha."},{"$i":"tutorial-for-voice-input-1","$v":"Cofa ungayeki KULUNGILE ukuthethe kwibhokisi lokubhala field."},{"$i":"stop-download-title","$v":["Yima ",{"t":"idOrVar","v":"name"}]},{"$i":"stop-download-body","$v":"Ufuna ukuyekisa inkqubela yokukhuphela?"},{"$i":"stop-download-action","$v":"Yima"},{"$i":"resume-download-title","$v":"Qalela ukhutshelo"},{"$i":"resume-download-body","$v":["Ufuna ukukhuphela ",{"t":"idOrVar","v":"name"},"?"]},{"$i":"resume-download-action","$v":"Ukhuphelo"},{"$i":"edit-group-header","$v":"Hlela iqela"},{"$i":"tcl-wallpaper-changed","$v":"Iwolpeyipa itshintshile"},{"$i":"gaia-shortcut-app-updated","$v":"I-App Ihlaziyiwe"},{"$i":"clocks-updated","$v":"Ukuhlaziya iwotshi"},{"$i":"longDateFormat","$v":"%A, %B %e"},{"$i":"app-title","$v":"ii-App Zam"},{"$i":"app-uninstall","$v":[{"t":"idOrVar","v":"name"}," ikhutshiwe"]},{"$i":"confirmation","$v":"Isiqinisekiso"},{"$i":"noSimCard","$v":"Akukho SIM khadi"},{"$i":"noService","$v":"Akukho ziiNkonzo"},{"$i":"eccOnly","$v":"Emergency calls only"},{"$i":"emergencyCallsOnly","$v":"Emergency calls only"},{"$i":"searching","$v":"Iyahangela..."},{"$i":"lockedSim","$v":"Itshixiwe iSIM"},{"$i":"clockDateFormat","$v":"%a, %e %b"},{"$i":"apn-sim1","$v":"APN Settings - SIM1"},{"$i":"apn-sim2","$v":"APN Settings - SIM2"},{"$i":"apnDefaultConfig","$v":"APN Default Config"},{"$i":"apn-defaultconfig-message","$v":"Set which type of apn to used"},{"$i":"apnConfigPostpay","$v":"Postpay APN"},{"$i":"apnConfigPrepay","$v":"Prepay APN"},{"$i":"qtn_sm_toast_set_ICE_first","$v":"Akunabo abaqhagamshelwano be-ICE, nceda uye kwiindlela zokunxibelelana okanye kwimenyu yokukhetha ye-ICE yolwazi"},{"$i":"qtn_sm_toast_google_assist","$v":"Cofaka okude okanye cinezela kabini  Kumncedisi weGoogle"},{"$i":"qtn_sm_toast_sos_call_msg","$v":"Cofa okude okanye cinezela kabini kwi SOS call / SOS myalezo"},{"$i":"nocard-eccOnly","$v":"No SIM card-Emergency calls only"},{"$i":"unusablecard-eccOnly","$v":"Unusable SIM card-Emergency calls only"},{"$i":"sim-with-index-and-carrier","$v":["SIM ",{"t":"idOrVar","v":"index"}," - ",{"t":"idOrVar","v":"carrier"}]},{"$i":"sim-without-carrier","$v":["SIM ",{"t":"idOrVar","v":"index"}]},{"$i":"call-forwarding-async","$v":["I-Asynchronous: ",{"t":"idOrVar","v":"async"}]},{"$i":"call-forwarding-data","$v":["Idatha: ",{"t":"idOrVar","v":"data"}]},{"$i":"call-forwarding-error","$v":"Impazamo yenzeke ngoxa ufuna imo yokuthumela iminxeba"},{"$i":"call-forwarding-fax","$v":["I-FEKSI: ",{"t":"idOrVar","v":"fax"}]},{"$i":"call-forwarding-inactive","$v":"Ayivulwanga"},{"$i":"call-forwarding-packet","$v":["iPakethe: ",{"t":"idOrVar","v":"packet"}]},{"$i":"call-forwarding-pad","$v":["iPAD: ",{"t":"idOrVar","v":"pad"}]},{"$i":"call-forwarding-sms","$v":["I-SMS: ",{"t":"idOrVar","v":"sms"}]},{"$i":"call-forwarding-status","$v":"Imo yomnxeba othunyelwe phambili"},{"$i":"call-forwarding-sync","$v":["Ingqamene: ",{"t":"idOrVar","v":"sync"}]},{"$i":"call-forwarding-voice","$v":["Ilizwi: ",{"t":"idOrVar","v":"voice"}]},{"$i":"call-forwarding-voice-after-seconds","$v":["Ilizwi: ",{"t":"idOrVar","v":"voice"}," emva ",{"t":"idOrVar","v":"timeSeconds"}," imizuzwana"]},{"$i":"fihVersion","$v":"FIH Version"},{"$i":"serviceClassVoice","$v":"Ilizwi"},{"$i":"serviceClassData","$v":"Idatha"},{"$i":"serviceClassFax","$v":"I-FEKSI"},{"$i":"serviceClassSms","$v":"I-SMS"},{"$i":"serviceClassDataSync","$v":"Ngqamanisa"},{"$i":"serviceClassDataAsync","$v":"Ukudibanisa"},{"$i":"serviceClassPacket","$v":"iPakethe"},{"$i":"serviceClassPad","$v":"iPAD"},{"$i":"smServiceEnabled","$v":"Inkonzo ivuliwe"},{"$i":"smServiceDisabled","$v":"Inkonzo iye yavalwa"},{"$i":"smServiceRegistered","$v":"Ubhaliso luphumelele"},{"$i":"smServiceErased","$v":"Ukuqinisekisa kuphumelele"},{"$i":"smServiceInterrogated","$v":"Isicelo siphumelele"},{"$i":"smServiceNotProvisioned","$v":"Inkonzo ayibonelelwa"},{"$i":"smClirPermanent","$v":"Awunakho ukutshintsha isethingi yeSazisi soMfowuni"},{"$i":"smClirDefaultOnNextCallOn","$v":"I-ID yofowunayo imisela imida. Umnxeba olandelayo: Inemida"},{"$i":"smClirDefaultOnNextCallOff","$v":"I-ID yofowunayo imisela imida. Umnxeba olandelayo: Akukho mida"},{"$i":"smClirDefaultOffNextCallOn","$v":"I-ID yofowunayo imisela ingabi namida. Umnxeba olandelayo: Inemida"},{"$i":"smClirDefaultOffNextCallOff","$v":"I-ID yofowunayo imisela ingabi namida. Umnxeba olandelayo: Akukho mida"},{"$i":"smServiceEnabledFor","$v":"Inkonzo ivulelwe:"},{"$i":"smPinChanged","$v":"IPIN itshintswe ngempumelelo"},{"$i":"smPinUnblocked","$v":"IPIN Ivulelwe ngempumelelo"},{"$i":"smPin2Changed","$v":"IPIN2 itshintswe ngempumelelo"},{"$i":"smPin2Unblocked","$v":"IPIN2 ivulelwe ngempumelelo"},{"$i":"ServiceIsEnabled","$v":"Inkonzo ivuliwe"},{"$i":"ServiceIsDisabled","$v":"Inkonzo ivaliwe"},{"$i":"ServiceIsEnabledFor","$v":"Inkonzo ivulwe:"},{"$i":"emMmiError","$v":"Kukho ingxaki yoqhagamshelwano okanye ikhowudi ye-MMI ayisebenzi"},{"$i":"emMmiErrorPasswordIncorrect","$v":"Ipasiwedi ekungeyiyo"},{"$i":"emMmiErrorNotSupported","$v":"Akuyiyo okanye ayixhaswanga ikhodi ye MMI"},{"$i":"emMmiErrorInvalidAction","$v":"Akungesiso isenzo"},{"$i":"emMmiErrorInvalidScCode","$v":"Akuyiyo ikhodi yenkonzo"},{"$i":"emMmiErrorBadPuk","$v":"I-PUK oyitayipileyo ayichanekanga"},{"$i":"emMmiErrorBadPin","$v":"La PIN indala uyifakileyo ayichanekanga."},{"$i":"emMmiErrorNeedPuk2","$v":"Faka i-PUK2 ukuvula ikhadi leSIM"},{"$i":"emMmiErrorMismatchPin","$v":"Ii-PIN ozifakileyo azihambelani"},{"$i":"emMmiErrorInvalidPin","$v":"Faka i-PIN eneenombolo ezi-4 ukusa kwezi-8"},{"$i":"emMmiErrorNeedsPuk","$v":"I-SIM khadi yakho itshixwe nge-PUK"},{"$i":"emMmiErrorEnablePin","$v":"Ayiphumelelanga. Vla i-SIM/RUIM LOCK"},{"$i":"emMmiErrorMmiFdn","$v":"Umsebenzi uthintelwe kwinombolo ezenzelwe ufowuni kuphela"},{"$i":"emMmiErrorStkCcUssdDial","$v":"Isicelo se-USSD silungiselelwe isicelo se-DIAL"},{"$i":"emMmiErrorStkCcUssdSs","$v":"Isicelo se-USSD silungiselelwe isicelo se-SS request"},{"$i":"emMmiErrorStkCcUssdUssd","$v":"Isicelo se-USSD silungiselelwe isicelo esitsha se-USSD request"},{"$i":"emMmiErrorStkCcSsDial","$v":"Isicelo se-SS silungiselwe isicelo se-DIAL"},{"$i":"emMmiErrorStkCcSsUssd","$v":"Isicelo se-SS silungiselelwe isicelo se-USSD"},{"$i":"emMmiErrorStkCcSsSs","$v":"Isicelo se-SS silungiselelwe isicelo esitsha se-SS"},{"$i":"emMmiErrorPinPukAttempts","$v":{"few":[{"t":"idOrVar","v":"n"}," zizame ekhohlo"],"many":[{"t":"idOrVar","v":"n"}," zizame ekhohlo"],"one":["Kuphela ",{"t":"idOrVar","v":"n"}," zama ekhohlo"],"other":[{"t":"idOrVar","v":"n"}," zizame ekhohlo"],"two":[{"t":"idOrVar","v":"n"}," zizame ekhohlo"]},"$x":[{"t":"idOrVar","v":"plural"},"n"]},{"$i":"emMmiErrorSimBlocked","$v":"Isiphelo nani semizamo sidlule. iSIM ivaliwe"},{"$i":"RadioNotAvailable","$v":"Radio not available"},{"$i":"PasswordIncorrect","$v":"Ipasiwedi ayilunganga"},{"$i":"SimPin2","$v":"U-PIN 2 we-SIM"},{"$i":"SimPuk2","$v":"U-PUK2 we-SIM"},{"$i":"RequestNotSupported","$v":"Isicelo asixhaswanga"},{"$i":"OpNotAllowedDuringVoiceCall","$v":"Umsebenzi awuvumelekanga ukwenza ufowuno lelizwi"},{"$i":"SmsSendFailRetry","$v":"SMS send fail retry"},{"$i":"SimAbsent","$v":"I-SIM ayikho"},{"$i":"SubscriptionNotAvailable","$v":"Ubulungu abufumaneki"},{"$i":"ModeNotSupported","$v":"Ayixhaswanga imo"},{"$i":"FdnCheckFailure","$v":"Hlola ukusilela kwe-fdn"},{"$i":"IllegalSimOrMe","$v":"Engekhothethweni iSIM okanye ME"},{"$i":"DialModifiedToUssd","$v":"Dial modified to USSD"},{"$i":"DialModifiedToSs","$v":"Dial modified to SS"},{"$i":"DialModifiedToDial","$v":"Dial modified to dial"},{"$i":"UssdModifiedToDial","$v":"I-USSD ilungiselelwe ku-dial"},{"$i":"UssdModifiedToSs","$v":"I-USSD ilungiselelwe ku-SS"},{"$i":"UssdModifiedToUssd","$v":"I-USSD ilungiselelwe ku-USSD"},{"$i":"SsModifiedToDial","$v":"I-SS ilungiselwe ukudayela"},{"$i":"SsModifiedToUssd","$v":"I-SS ilungiselwe i-USSD"},{"$i":"SsModifiedToSs","$v":"I-SS ilungiselwe i-SS"},{"$i":"SubscriptionNotSupported","$v":"Ubulungu abuxhaswa"},{"$i":"InvalidParameter","$v":"Iakusiso isikhombi"},{"$i":"RejectedByRemote","$v":"Yaliwe yirimothi"},{"$i":"GetEmptyUssdPrompt","$v":"Impendulo yeNull ifumaneka."},{"$i":"label","$v":"Umbhalo"},{"$i":"faxHome","$v":"Ifeksi yasekhaya"},{"$i":"faxOffice","$v":"Ifeksi yaseofisini"},{"$i":"faxOther","$v":"Enye ifeksi"},{"$i":"another","$v":"Okunye"},{"$i":"other","$v":"Ezinye"},{"$i":"tcl-customTag","$v":"Ithengi yokuzenzela"},{"$i":"customTag","$v":"Ithengi yokuzenzela","placeholder":"Ithengi yokuzenzela"},{"$i":"current","$v":"Ngoku"},{"$i":"itemWithLabel","$v":[{"t":"idOrVar","v":"label"},", ",{"t":"idOrVar","v":"item"}]},{"$i":"weekday-0-long","$v":"Ngecawe"},{"$i":"weekday-1-long","$v":"NgoMvulo"},{"$i":"weekday-2-long","$v":"Lwesibini"},{"$i":"weekday-3-long","$v":"Lwesithathu"},{"$i":"weekday-4-long","$v":"Lwesine"},{"$i":"weekday-5-long","$v":"Lwesihlanu"},{"$i":"weekday-6-long","$v":"Mgqibelo"},{"$i":"weekday-0-short","$v":"Ca"},{"$i":"weekday-1-short","$v":"Mvu"},{"$i":"weekday-2-short","$v":"Lb"},{"$i":"weekday-3-short","$v":"Lt"},{"$i":"weekday-4-short","$v":"Ln"},{"$i":"weekday-5-short","$v":"Lh"},{"$i":"weekday-6-short","$v":"Mg"},{"$i":"month-0-long","$v":"EyoMqungu"},{"$i":"month-1-long","$v":"EyoMdumba"},{"$i":"month-2-long","$v":"EyoKwindla"},{"$i":"month-3-long","$v":"Tshazimpuzi"},{"$i":"month-4-long","$v":"UCanzibe"},{"$i":"month-5-long","$v":"Isilimela"},{"$i":"month-6-long","$v":"EyeKhala"},{"$i":"month-7-long","$v":"EyeThupha"},{"$i":"month-8-long","$v":"EyoMsintsi"},{"$i":"month-9-long","$v":"EyeDwarha"},{"$i":"month-10-long","$v":"EyeNkanga"},{"$i":"month-11-long","$v":"EyoMnga"},{"$i":"month-0-genitive","$v":"Januwari"},{"$i":"month-1-genitive","$v":"Februwari"},{"$i":"month-2-genitive","$v":"Matshi"},{"$i":"month-3-genitive","$v":"Tshazimpuzi"},{"$i":"month-4-genitive","$v":"Meyi"},{"$i":"month-5-genitive","$v":"Juni"},{"$i":"month-6-genitive","$v":"Julayi"},{"$i":"month-7-genitive","$v":"Agasti"},{"$i":"month-8-genitive","$v":"Septemba"},{"$i":"month-9-genitive","$v":"Oktobha"},{"$i":"month-10-genitive","$v":"Novemba"},{"$i":"month-11-genitive","$v":"Disemba"},{"$i":"month-0-short","$v":"Jan"},{"$i":"month-1-short","$v":"Feb"},{"$i":"month-2-short","$v":"Mat"},{"$i":"month-3-short","$v":"Tshaz"},{"$i":"month-4-short","$v":"Meyi"},{"$i":"month-5-short","$v":"Juni"},{"$i":"month-6-short","$v":"Julayi"},{"$i":"month-7-short","$v":"Agasti"},{"$i":"month-8-short","$v":"Sep"},{"$i":"month-9-short","$v":"Okto"},{"$i":"month-10-short","$v":"Nov"},{"$i":"month-11-short","$v":"Dis"},{"$i":"minutes-ago-long","$v":{"few":[{"t":"idOrVar","v":"value"}," imizuzu edlileyo"],"many":[{"t":"idOrVar","v":"value"}," imizuzu edlileyo"],"one":"Umzuzu odluleyo","other":[{"t":"idOrVar","v":"value"}," imizuzu edlileyo"],"two":[{"t":"idOrVar","v":"value"}," imizuzu edlileyo"],"zero":"nje ngoku"},"$x":[{"t":"idOrVar","v":"izininzi"},"inani"]},{"$i":"hours-ago-long","$v":{"few":[{"t":"idOrVar","v":"value"}," iiyure ezidluleyo"],"many":[{"t":"idOrVar","v":"value"}," iiyure ezidluleyo"],"one":"kwiyure edluleyo","other":[{"t":"idOrVar","v":"value"}," iiyure ezidluleyo"],"two":[{"t":"idOrVar","v":"value"}," iiyure ezidluleyo"],"zero":"nje ngoku"},"$x":[{"t":"idOrVar","v":"izininzi"},"inani"]},{"$i":"days-ago-long","$v":{"few":[{"t":"idOrVar","v":"value"}," iintsuku ezidluleyo"],"many":[{"t":"idOrVar","v":"value"}," iintsuku ezidluleyo"],"one":"izolo","other":[{"t":"idOrVar","v":"value"}," iintsuku ezidluleyo"],"two":[{"t":"idOrVar","v":"value"}," iintsuku ezidluleyo"],"zero":"namhlanje"},"$x":[{"t":"idOrVar","v":"izininzi"},"inani"]},{"$i":"weeks-ago-long","$v":{"few":[{"t":"idOrVar","v":"value"}," iiveki ezidluleyo"],"many":[{"t":"idOrVar","v":"value"}," iiveki ezidluleyo"],"one":"kwiveki edluleyo","other":[{"t":"idOrVar","v":"value"}," iiveki ezidluleyo"],"two":[{"t":"idOrVar","v":"value"}," iiveki ezidluleyo"],"zero":"kule veki"},"$x":[{"t":"idOrVar","v":"izininzi"},"inani"]},{"$i":"months-ago-long","$v":{"few":[{"t":"idOrVar","v":"value"}," iinyanga ezidluyo"],"many":[{"t":"idOrVar","v":"value"}," iinyanga ezidluyo"],"one":"Kwinyanga edluleyo","other":[{"t":"idOrVar","v":"value"}," iinyanga ezidluyo"],"two":[{"t":"idOrVar","v":"value"}," iinyanga ezidluyo"],"zero":"kule nyanga"},"$x":[{"t":"idOrVar","v":"izininzi"},"inani"]},{"$i":"years-ago-long","$v":{"few":[{"t":"idOrVar","v":"value"}," iiminyak edluleyo"],"many":[{"t":"idOrVar","v":"value"}," iiminyak edluleyo"],"one":"kunyaka odluleyo","other":[{"t":"idOrVar","v":"value"}," iiminyak edluleyo"],"two":[{"t":"idOrVar","v":"value"}," iiminyak edluleyo"],"zero":"kulo nyaka"},"$x":[{"t":"idOrVar","v":"izininzi"},"inani"]},{"$i":"minutes-until-long","$v":{"few":["in ",{"t":"idOrVar","v":"value"}," imizuzu"],"many":["in ",{"t":"idOrVar","v":"value"}," imizuzu"],"one":"kumzuzu","other":["in ",{"t":"idOrVar","v":"value"}," imizuzu"],"two":["in ",{"t":"idOrVar","v":"value"}," imizuzu"],"zero":"Ngoku"},"$x":[{"t":"idOrVar","v":"izininzi"},"inani"]},{"$i":"hours-until-long","$v":{"few":["in ",{"t":"idOrVar","v":"value"}," iiyure"],"many":["in ",{"t":"idOrVar","v":"value"}," iiyure"],"one":"kwiyure","other":["in ",{"t":"idOrVar","v":"value"}," iiyure"],"two":["in ",{"t":"idOrVar","v":"value"}," iiyure"],"zero":"Ngoku"},"$x":[{"t":"idOrVar","v":"izininzi"},"inani"]},{"$i":"days-until-long","$v":{"few":["in ",{"t":"idOrVar","v":"value"}," iintsuku"],"many":["in ",{"t":"idOrVar","v":"value"}," iintsuku"],"one":"ngomso","other":["in ",{"t":"idOrVar","v":"value"}," iintsuku"],"two":["in ",{"t":"idOrVar","v":"value"}," iintsuku"],"zero":"namhlanje"},"$x":[{"t":"idOrVar","v":"izininzi"},"inani"]},{"$i":"weeks-until-long","$v":{"few":["in ",{"t":"idOrVar","v":"value"}," iiveki"],"many":["in ",{"t":"idOrVar","v":"value"}," iiveki"],"one":"iveki ezayo","other":["in ",{"t":"idOrVar","v":"value"}," iiveki"],"two":["in ",{"t":"idOrVar","v":"value"}," iiveki"],"zero":"kule veki"},"$x":[{"t":"idOrVar","v":"izininzi"},"inani"]},{"$i":"months-until-long","$v":{"few":["in ",{"t":"idOrVar","v":"value"}," iinyanga"],"many":["in ",{"t":"idOrVar","v":"value"}," iinyanga"],"one":"inyanga ezayo","other":["in ",{"t":"idOrVar","v":"value"}," iinyanga"],"two":["in ",{"t":"idOrVar","v":"value"}," iinyanga"],"zero":"kule nyanga"},"$x":[{"t":"idOrVar","v":"izininzi"},"inani"]},{"$i":"years-until-long","$v":{"few":["in ",{"t":"idOrVar","v":"value"}," iiminyaka"],"many":["in ",{"t":"idOrVar","v":"value"}," iiminyaka"],"one":"unyaka ozayou","other":["in ",{"t":"idOrVar","v":"value"}," iiminyaka"],"two":["in ",{"t":"idOrVar","v":"value"}," iiminyaka"],"zero":"kulo nyaka"},"$x":[{"t":"idOrVar","v":"izininzi"},"inani"]},{"$i":"minutes-ago-short","$v":{"other":[{"t":"idOrVar","v":"value"},"m dluleyo"],"zero":"nje ngoku"},"$x":[{"t":"idOrVar","v":"izininzi"},"inani"]},{"$i":"hours-ago-short","$v":{"other":[{"t":"idOrVar","v":"value"},"y dluleyo"],"zero":"nje ngoku"},"$x":[{"t":"idOrVar","v":"izininzi"},"inani"]},{"$i":"days-ago-short","$v":{"other":[{"t":"idOrVar","v":"value"},"s dluleyo"],"zero":"namhlanje"},"$x":[{"t":"idOrVar","v":"izininzi"},"inani"]},{"$i":"minutes-until-short","$v":{"other":["in ",{"t":"idOrVar","v":"value"},"m"],"zero":"Ngoku"},"$x":[{"t":"idOrVar","v":"izininzi"},"inani"]},{"$i":"hours-until-short","$v":{"other":["in ",{"t":"idOrVar","v":"value"},"h"],"zero":"Ngoku"},"$x":[{"t":"idOrVar","v":"izininzi"},"inani"]},{"$i":"days-until-short","$v":{"other":["in ",{"t":"idOrVar","v":"value"},"d"],"zero":"namhlanje"},"$x":[{"t":"idOrVar","v":"izininzi"},"inani"]},{"$i":"incorrectDate","$v":"(umhla awulunganga)"},{"$i":"dateTimeFormat_%c","$v":"%a %b %e %Y %I:%M:%S %p"},{"$i":"dateTimeFormat_%x","$v":"%m/%d/%Y"},{"$i":"dateTimeFormat_%X","$v":"%I:%M:%S %p"},{"$i":"shortTimeFormat","$v":"%I:%M %p"},{"$i":"shortTimeFormat12","$v":"%I:%M %p"},{"$i":"shortTimeFormat24","$v":"%H:%M"},{"$i":"shortDateTimeFormat","$v":"%x %I:%M %p"},{"$i":"weekStartsOnMonday","$v":"0.0"},{"$i":"firstDayOfTheWeek","$v":"0.0"},{"$i":"time_am","$v":"AM"},{"$i":"time_pm","$v":"PM"}]