[{"$i":"search-or-enter-address","placeholder":"搜索或输入地址"},{"$i":"delete-title","$v":["删除 ",{"t":"idOrVar","v":"name"}]},{"$i":"delete-body","$v":[{"t":"idOrVar","v":"name"}," 及其全部数据将被删除。"]},{"$i":"delete","$v":"删除"},{"$i":"cancel","$v":"取消"},{"$i":"apps","$v":"应用"},{"$i":"menu","$v":"菜单"},{"$i":"notifications","$v":"通知"},{"$i":"speed-dial","$v":"快速拨号"},{"$i":"select","$v":"选择"},{"$i":"move","$v":"移动"},{"$i":"ok","$v":"确定"},{"$i":"set","$v":"设置"},{"$i":"edit","$v":"编辑"},{"$i":"call","$v":"呼叫"},{"$i":"message","$v":"发短信"},{"$i":"options","$v":"选项"},{"$i":"assign","$v":"指定"},{"$i":"remove","$v":"删除"},{"$i":"replace","$v":"替换"},{"$i":"more","$v":"更多"},{"$i":"settings","$v":"设置"},{"$i":"contacts","$v":"通讯录"},{"$i":"list-view","$v":"列表视图"},{"$i":"grid-view","$v":"网格视图"},{"$i":"single-view","$v":"单一视图"},{"$i":"skip","$v":"跳过"},{"$i":"shortcuts","$v":"快捷键"},{"$i":"next","$v":"下一步"},{"$i":"instant-settings","$v":"即时设置"},{"$i":"flashlight","$v":"手电筒"},{"$i":"brightness","$v":"亮度"},{"$i":"volume","$v":"音量"},{"$i":"camera","$v":"相机"},{"$i":"calculator","$v":"计算器"},{"$i":"airplane-mode","$v":"飞行模式"},{"$i":"wifi","$v":"WLAN"},{"$i":"bluetooth","$v":"蓝牙"},{"$i":"cellular-data","$v":"移动数据网络"},{"$i":"on","$v":"开启"},{"$i":"off","$v":"关闭"},{"$i":"percentage-number","$v":[{"t":"idOrVar","v":"number"},"%"]},{"$i":"voicemail","$v":"语音信箱"},{"$i":"speed-dial-not-empty","ariaLabel":[{"t":"idOrVar","v":"order"},", ",{"t":"idOrVar","v":"name"}]},{"$i":"speed-dial-empty","ariaLabel":[{"t":"idOrVar","v":"order"},", 为空"]},{"$i":"remove-speed-dial","$v":["是否将 ",{"t":"idOrVar","v":"name"}," 从快速拨号中移除？"]},{"$i":"replace-speed-dial","$v":["是否确定用 ",{"t":"idOrVar","v":"subName"}," 替换 ",{"t":"idOrVar","v":"name"},"？"]},{"$i":"assign-speed-dial","$v":["按键",{"t":"idOrVar","v":"n"},"未添加联系人。是否现在指定？"]},{"$i":"assign-voicemail","$v":"语音信箱号码尚未设置。"},{"$i":"alert-for-contacts-without-number","$v":"所有联系人均无手机号。"},{"$i":"option-remove","$v":"从快速拨号中移除"},{"$i":"option-replace","$v":"替换"},{"$i":"all-apps","$v":"全部应用"},{"$i":"uninstall","$v":"卸载"},{"$i":"confirm-to-uninstall-app","$v":["是否卸载 ",{"t":"idOrVar","v":"appName"}," 应用?"]},{"$i":"confirm-to-unpin-bookmark","$v":"取消固定网站？"},{"$i":"unpin","$v":"取消固定"},{"$i":"rename","$v":"重命名"},{"$i":"title","$v":"标题"},{"$i":"add-to-existing-contact","$v":"添加至现有联系人"},{"$i":"create-new-contact","$v":"创建新联系人"},{"$i":"sending","$v":"正在发送…"},{"$i":"video-call","$v":"视频电话"},{"$i":"rtt-call","$v":"RTT 通话"},{"$i":"callAirplaneModeTitle","$v":"飞行模式已启用"},{"$i":"callAirplaneModeMessage","$v":"如需拨打电话，需在“设置”中禁用飞行模式。"},{"$i":"emergencyDialogTitle","$v":"无网络连接"},{"$i":"emergencyDialogBodyBadNumber","$v":"手机必须连接网络才能拨打电话。"},{"$i":"emergencyDialogBodyDeviceNotAccepted","$v":"网络不允许紧急呼叫。"},{"$i":"invalidNumberToDialTitle","$v":"无效电话号码"},{"$i":"invalidNumberToDialMessage","$v":"你拨打的号码无效。"},{"$i":"emergency-call-only","$v":"只能拨打紧急电话"},{"$i":"emergency-call-error","$v":[{"t":"idOrVar","v":"number"}," 不是紧急电话号码。"]},{"$i":"numberIsBusyTitle","$v":"此号码正在通话中"},{"$i":"numberIsBusyMessage","$v":"此号码正在通话中。请稍后再拨。"},{"$i":"fdnIsActiveTitle","$v":"激活 FDN"},{"$i":"fdnIsActiveMessage","$v":["固定拨号 (FDN) 已激活，下列号码不在您的 FDN 列表中：",{"t":"idOrVar","v":"number"}]},{"$i":"otherConnectionInUseTitle","$v":"其他使用中的连线"},{"$i":"otherConnectionInUseMessage","$v":"您的另一连线正在通话中。一次只能使用一个连线。"},{"$i":"GenericFailure","$v":"一般故障"},{"$i":"CallFailed","$v":"呼叫失败"},{"$i":"scCallBarring","$v":"呼叫禁止"},{"$i":"scCallForwarding","$v":"呼叫转移"},{"$i":"scClip","$v":"来电显示"},{"$i":"scClir","$v":"本机号码"},{"$i":"scPwd","$v":"密码更改"},{"$i":"scCallWaiting","$v":"呼叫等待"},{"$i":"scPin","$v":"PIN码更改"},{"$i":"scPin2","$v":"PIN2码更改"},{"$i":"scPuk","$v":"解锁PIN码"},{"$i":"scPuk2","$v":"解锁PIN2码"},{"$i":"scImei","$v":"IMEI"},{"$i":"scMeid","$v":"MEID"},{"$i":"scUssd","$v":"USSD"},{"$i":"deviceIsUnlocked","$v":"手机已解锁"},{"$i":"simUnlockCodeAccepted","$v":"SIM解锁码被接受"},{"$i":"simUnlockCodeFailed","$v":"SIM解锁不成功"},{"$i":"personal","$v":"个人"},{"$i":"mobile","$v":"手机"},{"$i":"home","$v":"住宅"},{"$i":"work","$v":"单位"},{"$i":"fax-home","$v":"家庭传真"},{"$i":"fax-office","$v":"办公传真"},{"$i":"fax-other","$v":"其他传真"},{"$i":"homescreen-settings","$v":"主屏设置"},{"$i":"change-wallpaper","$v":"更改壁纸"},{"$i":"add-smart-collections","$v":"添加智能收集"},{"$i":"edit-mode","$v":"编辑"},{"$i":"edit-done","$v":"完成"},{"$i":"tutorial-for-side-menu-1","$v":"按左键访问左侧的应用。"},{"$i":"tutorial-for-instant-settings-1","$v":"按上键进入常用设置。"},{"$i":"tutorial-for-notices","$v":"按向右键查看新通知。"},{"$i":"tutorial-for-google-assistant-1","$v":"长按“确定”说话。"},{"$i":"tutorial-for-voice-input-1","$v":"长按“确定”在文本区域说话。"},{"$i":"stop-download-title","$v":["停止 ",{"t":"idOrVar","v":"name"}]},{"$i":"stop-download-body","$v":"是否停止正在进行的下载？"},{"$i":"stop-download-action","$v":"停止"},{"$i":"resume-download-title","$v":"重启下载"},{"$i":"resume-download-body","$v":["是否下载 ",{"t":"idOrVar","v":"name"},"？"]},{"$i":"resume-download-action","$v":"下载"},{"$i":"edit-group-header","$v":"修改群组"},{"$i":"tcl-wallpaper-changed","$v":"壁纸已更改"},{"$i":"gaia-shortcut-app-updated","$v":"应用已更新"},{"$i":"clocks-updated","$v":"时钟已更新"},{"$i":"longDateFormat","$v":"%b %e일 %A"},{"$i":"app-title","$v":"我的应用"},{"$i":"app-uninstall","$v":[{"t":"idOrVar","v":"name"}," 已被卸载"]},{"$i":"confirmation","$v":"确认"},{"$i":"noSimCard","$v":"没有 SIM 卡"},{"$i":"noService","$v":"无服务"},{"$i":"eccOnly","$v":"Emergency calls only"},{"$i":"emergencyCallsOnly","$v":"Emergency calls only"},{"$i":"searching","$v":"正在搜索…"},{"$i":"lockedSim","$v":"已锁 SIM"},{"$i":"clockDateFormat","$v":"%a, %e %b"},{"$i":"apn-sim1","$v":"APN Settings - SIM1"},{"$i":"apn-sim2","$v":"APN Settings - SIM2"},{"$i":"apnDefaultConfig","$v":"APN Default Config"},{"$i":"apn-defaultconfig-message","$v":"Set which type of apn to used"},{"$i":"apnConfigPostpay","$v":"Postpay APN"},{"$i":"apnConfigPrepay","$v":"Prepay APN"},{"$i":"qtn_sm_toast_set_ICE_first","$v":"没有 ICE 联系人，请先转到“联系人”设置或 ICE 信息选项菜单"},{"$i":"qtn_sm_toast_google_assist","$v":"长按或双击启动谷歌助手"},{"$i":"qtn_sm_toast_sos_call_msg","$v":"长按或双击拨打 SOS 电话/发送SOS 消息"},{"$i":"nocard-eccOnly","$v":"No SIM card-Emergency calls only"},{"$i":"unusablecard-eccOnly","$v":"Unusable SIM card-Emergency calls only"},{"$i":"sim-with-index-and-carrier","$v":["SIM ",{"t":"idOrVar","v":"index"}," - ",{"t":"idOrVar","v":"carrier"}]},{"$i":"sim-without-carrier","$v":["SIM ",{"t":"idOrVar","v":"index"}]},{"$i":"call-forwarding-async","$v":["异步：",{"t":"idOrVar","v":"async"}]},{"$i":"call-forwarding-data","$v":["资料：",{"t":"idOrVar","v":"data"}]},{"$i":"call-forwarding-error","$v":"查询呼叫转移状态时出错"},{"$i":"call-forwarding-fax","$v":["传真: ",{"t":"idOrVar","v":"fax"}]},{"$i":"call-forwarding-inactive","$v":"停用"},{"$i":"call-forwarding-packet","$v":["封包: ",{"t":"idOrVar","v":"packet"}]},{"$i":"call-forwarding-pad","$v":["PAD: ",{"t":"idOrVar","v":"pad"}]},{"$i":"call-forwarding-sms","$v":["信息：",{"t":"idOrVar","v":"sms"}]},{"$i":"call-forwarding-status","$v":"呼叫转移状态"},{"$i":"call-forwarding-sync","$v":["同步: ",{"t":"idOrVar","v":"sync"}]},{"$i":"call-forwarding-voice","$v":["语音：",{"t":"idOrVar","v":"voice"}]},{"$i":"call-forwarding-voice-after-seconds","$v":[{"t":"idOrVar","v":"timeSeconds"},"秒后",{"t":"idOrVar","v":"voice"},"被转移"]},{"$i":"fihVersion","$v":"FIH Version"},{"$i":"serviceClassVoice","$v":"语音"},{"$i":"serviceClassData","$v":"数据"},{"$i":"serviceClassFax","$v":"传真"},{"$i":"serviceClassSms","$v":"短信"},{"$i":"serviceClassDataSync","$v":"同步"},{"$i":"serviceClassDataAsync","$v":"异步"},{"$i":"serviceClassPacket","$v":"包"},{"$i":"serviceClassPad","$v":"PAD"},{"$i":"smServiceEnabled","$v":"服务已启用"},{"$i":"smServiceDisabled","$v":"服务已禁用"},{"$i":"smServiceRegistered","$v":"注册成功"},{"$i":"smServiceErased","$v":"成功擦除"},{"$i":"smServiceInterrogated","$v":"请求成功"},{"$i":"smServiceNotProvisioned","$v":"不提供此服务"},{"$i":"smClirPermanent","$v":"您无法更改主叫方 ID 设置"},{"$i":"smClirDefaultOnNextCallOn","$v":"默认不显示本机号码，在下一次通话中也不显示"},{"$i":"smClirDefaultOnNextCallOff","$v":"默认不显示本机号码，但在下一次通话中显示"},{"$i":"smClirDefaultOffNextCallOn","$v":"默认显示本机号码，但在下一次通话中不显示"},{"$i":"smClirDefaultOffNextCallOff","$v":"默认显示本机号码，在下一次通话中也显示"},{"$i":"smServiceEnabledFor","$v":"已针对以下内容启用了服务："},{"$i":"smPinChanged","$v":"PIN 修改成功"},{"$i":"smPinUnblocked","$v":"PIN 解锁成功"},{"$i":"smPin2Changed","$v":"PIN2 修改成功"},{"$i":"smPin2Unblocked","$v":"PIN2 解锁成功"},{"$i":"ServiceIsEnabled","$v":"服务已启用"},{"$i":"ServiceIsDisabled","$v":"服务被禁用"},{"$i":"ServiceIsEnabledFor","$v":"服务已启用："},{"$i":"emMmiError","$v":"连接问题或无效的MMI码"},{"$i":"emMmiErrorPasswordIncorrect","$v":"密码不正确"},{"$i":"emMmiErrorNotSupported","$v":"MMI 码无效或不支持"},{"$i":"emMmiErrorInvalidAction","$v":"无效行为"},{"$i":"emMmiErrorInvalidScCode","$v":"服务码无效"},{"$i":"emMmiErrorBadPuk","$v":"您输入的PUK码不正确"},{"$i":"emMmiErrorBadPin","$v":"您输入的PIN码不正确"},{"$i":"emMmiErrorNeedPuk2","$v":"输入 PUK2 解锁 SIM 卡"},{"$i":"emMmiErrorMismatchPin","$v":"输入的 PIN 码不匹配"},{"$i":"emMmiErrorInvalidPin","$v":"请输入 4 - 8 位数字组成的 PIN 码"},{"$i":"emMmiErrorNeedsPuk","$v":"SIM 卡被 PUK 锁定"},{"$i":"emMmiErrorEnablePin","$v":"不成功。启用 SIM/RUIM 锁"},{"$i":"emMmiErrorMmiFdn","$v":"操作仅限于固定拨号"},{"$i":"emMmiErrorStkCcUssdDial","$v":"USSD 请求被修改为拨号请求"},{"$i":"emMmiErrorStkCcUssdSs","$v":"USSD 请求被修改为 SS 请求"},{"$i":"emMmiErrorStkCcUssdUssd","$v":"USSD 请求被修改为新的 USSD 请求"},{"$i":"emMmiErrorStkCcSsDial","$v":"SS 请求被修改为拨号请求"},{"$i":"emMmiErrorStkCcSsUssd","$v":"SS 请求被修改为 USSD 请求"},{"$i":"emMmiErrorStkCcSsSs","$v":"SS 请求被修改为新的 SS 请求"},{"$i":"emMmiErrorPinPukAttempts","$v":{"few":["还可再试 ",{"t":"idOrVar","v":"n"}," 次"],"many":["还可再试 ",{"t":"idOrVar","v":"n"}," 次"],"one":["仅可再试 ",{"t":"idOrVar","v":"n"}," 次"],"other":["还可再试 ",{"t":"idOrVar","v":"n"}," 次"],"two":["还可再试 ",{"t":"idOrVar","v":"n"}," 次"]},"$x":[{"t":"idOrVar","v":"plural"},"n"]},{"$i":"emMmiErrorSimBlocked","$v":"已超过最大重试次数。SIM 卡被锁"},{"$i":"RadioNotAvailable","$v":"Radio not available"},{"$i":"PasswordIncorrect","$v":"密码不正确"},{"$i":"SimPin2","$v":"SIM PIN2"},{"$i":"SimPuk2","$v":"SIM PUK2"},{"$i":"RequestNotSupported","$v":"请求未获支持"},{"$i":"OpNotAllowedDuringVoiceCall","$v":"语音通话期间无法进行此操作"},{"$i":"SmsSendFailRetry","$v":"信息发送失败重试"},{"$i":"SimAbsent","$v":"SIM 卡不存在"},{"$i":"SubscriptionNotAvailable","$v":"订阅不可用"},{"$i":"ModeNotSupported","$v":"模式不支持"},{"$i":"FdnCheckFailure","$v":"FDN检查失败"},{"$i":"IllegalSimOrMe","$v":"无效的SIM卡或移动设备"},{"$i":"DialModifiedToUssd","$v":"Dial modified to USSD"},{"$i":"DialModifiedToSs","$v":"Dial modified to SS"},{"$i":"DialModifiedToDial","$v":"Dial modified to dial"},{"$i":"UssdModifiedToDial","$v":"USSD modified to dial"},{"$i":"UssdModifiedToSs","$v":"USSD modified to SS"},{"$i":"UssdModifiedToUssd","$v":"USSD modified to USSD"},{"$i":"SsModifiedToDial","$v":"SS modified to dial"},{"$i":"SsModifiedToUssd","$v":"SS modified to USSD"},{"$i":"SsModifiedToSs","$v":"SS modified to SS"},{"$i":"SubscriptionNotSupported","$v":"不支持订阅"},{"$i":"InvalidParameter","$v":"参数无效"},{"$i":"RejectedByRemote","$v":"对端拒绝"},{"$i":"GetEmptyUssdPrompt","$v":"收到无效回复。"},{"$i":"label","$v":"标签"},{"$i":"faxHome","$v":"家庭传真"},{"$i":"faxOffice","$v":"办公传真"},{"$i":"faxOther","$v":"其他传真"},{"$i":"another","$v":"另一个"},{"$i":"other","$v":"其他"},{"$i":"tcl-customTag","$v":"自定义标签"},{"$i":"customTag","$v":"自定义标签","placeholder":"自定义标签"},{"$i":"current","$v":"当前"},{"$i":"itemWithLabel","$v":[{"t":"idOrVar","v":"label"},", ",{"t":"idOrVar","v":"item"}]},{"$i":"weekday-0-long","$v":"周日"},{"$i":"weekday-1-long","$v":"周一"},{"$i":"weekday-2-long","$v":"周二"},{"$i":"weekday-3-long","$v":"周三"},{"$i":"weekday-4-long","$v":"周四"},{"$i":"weekday-5-long","$v":"周五"},{"$i":"weekday-6-long","$v":"周六"},{"$i":"weekday-0-short","$v":"周日"},{"$i":"weekday-1-short","$v":"周一"},{"$i":"weekday-2-short","$v":"周二"},{"$i":"weekday-3-short","$v":"周三"},{"$i":"weekday-4-short","$v":"周四"},{"$i":"weekday-5-short","$v":"周五"},{"$i":"weekday-6-short","$v":"周六"},{"$i":"month-0-long","$v":"一月"},{"$i":"month-1-long","$v":"二月"},{"$i":"month-2-long","$v":"三月"},{"$i":"month-3-long","$v":"四月"},{"$i":"month-4-long","$v":"五月"},{"$i":"month-5-long","$v":"六月"},{"$i":"month-6-long","$v":"七月"},{"$i":"month-7-long","$v":"八月"},{"$i":"month-8-long","$v":"九月"},{"$i":"month-9-long","$v":"十月"},{"$i":"month-10-long","$v":"十一月"},{"$i":"month-11-long","$v":"十二月"},{"$i":"month-0-genitive","$v":"一月"},{"$i":"month-1-genitive","$v":"二月"},{"$i":"month-2-genitive","$v":"三月"},{"$i":"month-3-genitive","$v":"四月"},{"$i":"month-4-genitive","$v":"五月"},{"$i":"month-5-genitive","$v":"六月"},{"$i":"month-6-genitive","$v":"七月"},{"$i":"month-7-genitive","$v":"八月"},{"$i":"month-8-genitive","$v":"九月"},{"$i":"month-9-genitive","$v":"十月"},{"$i":"month-10-genitive","$v":"十一月"},{"$i":"month-11-genitive","$v":"十二月"},{"$i":"month-0-short","$v":"1 月"},{"$i":"month-1-short","$v":"2 月"},{"$i":"month-2-short","$v":"3 月"},{"$i":"month-3-short","$v":"4 月"},{"$i":"month-4-short","$v":"5 月"},{"$i":"month-5-short","$v":"6 月"},{"$i":"month-6-short","$v":"7 月"},{"$i":"month-7-short","$v":"8 月"},{"$i":"month-8-short","$v":"9 月"},{"$i":"month-9-short","$v":"10 月"},{"$i":"month-10-short","$v":"11 月"},{"$i":"month-11-short","$v":"12 月"},{"$i":"minutes-ago-long","$v":{"few":[{"t":"idOrVar","v":"value"}," 分钟前"],"many":[{"t":"idOrVar","v":"value"}," 分钟前"],"one":"一分钟前","other":[{"t":"idOrVar","v":"value"}," 分钟前"],"two":[{"t":"idOrVar","v":"value"}," 分钟前"],"zero":"刚刚"},"$x":[{"t":"idOrVar","v":"plural"},"value"]},{"$i":"hours-ago-long","$v":{"few":[{"t":"idOrVar","v":"value"}," 小时前"],"many":[{"t":"idOrVar","v":"value"}," 小时前"],"one":"一小时前","other":[{"t":"idOrVar","v":"value"}," 小时前"],"two":[{"t":"idOrVar","v":"value"}," 小时前"],"zero":"刚刚"},"$x":[{"t":"idOrVar","v":"plural"},"value"]},{"$i":"days-ago-long","$v":{"few":[{"t":"idOrVar","v":"value"}," 天前"],"many":[{"t":"idOrVar","v":"value"}," 天前"],"one":"昨天","other":[{"t":"idOrVar","v":"value"}," 天前"],"two":[{"t":"idOrVar","v":"value"}," 天前"],"zero":"今天"},"$x":[{"t":"idOrVar","v":"plural"},"value"]},{"$i":"weeks-ago-long","$v":{"few":[{"t":"idOrVar","v":"value"}," 周前"],"many":[{"t":"idOrVar","v":"value"}," 周前"],"one":"最近一周","other":[{"t":"idOrVar","v":"value"}," 周前"],"two":[{"t":"idOrVar","v":"value"}," 周前"],"zero":"本周"},"$x":[{"t":"idOrVar","v":"plural"},"value"]},{"$i":"months-ago-long","$v":{"few":[{"t":"idOrVar","v":"value"}," 月前"],"many":[{"t":"idOrVar","v":"value"}," 月前"],"one":"上月","other":[{"t":"idOrVar","v":"value"}," 月前"],"two":[{"t":"idOrVar","v":"value"}," 月前"],"zero":"本月"},"$x":[{"t":"idOrVar","v":"plural"},"value"]},{"$i":"years-ago-long","$v":{"few":[{"t":"idOrVar","v":"value"}," 年前"],"many":[{"t":"idOrVar","v":"value"}," 年前"],"one":"去年","other":[{"t":"idOrVar","v":"value"}," 年前"],"two":[{"t":"idOrVar","v":"value"}," 年前"],"zero":"今年"},"$x":[{"t":"idOrVar","v":"plural"},"value"]},{"$i":"minutes-until-long","$v":{"few":[{"t":"idOrVar","v":"value"}," 分钟内"],"many":[{"t":"idOrVar","v":"value"}," 分钟内"],"one":"一分钟内","other":[{"t":"idOrVar","v":"value"}," 分钟内"],"two":[{"t":"idOrVar","v":"value"}," 分钟内"],"zero":"現在"},"$x":[{"t":"idOrVar","v":"plural"},"value"]},{"$i":"hours-until-long","$v":{"few":[{"t":"idOrVar","v":"value"}," 小时内"],"many":[{"t":"idOrVar","v":"value"}," 小时内"],"one":"一小时内","other":[{"t":"idOrVar","v":"value"}," 小时内"],"two":[{"t":"idOrVar","v":"value"}," 小时内"],"zero":"現在"},"$x":[{"t":"idOrVar","v":"plural"},"value"]},{"$i":"days-until-long","$v":{"few":[{"t":"idOrVar","v":"value"}," 天内"],"many":[{"t":"idOrVar","v":"value"}," 天内"],"one":"明天","other":[{"t":"idOrVar","v":"value"}," 天内"],"two":[{"t":"idOrVar","v":"value"}," 天内"],"zero":"今天"},"$x":[{"t":"idOrVar","v":"plural"},"value"]},{"$i":"weeks-until-long","$v":{"few":[{"t":"idOrVar","v":"value"}," 周内"],"many":[{"t":"idOrVar","v":"value"}," 周内"],"one":"下周","other":[{"t":"idOrVar","v":"value"}," 周内"],"two":[{"t":"idOrVar","v":"value"}," 周内"],"zero":"本周"},"$x":[{"t":"idOrVar","v":"plural"},"value"]},{"$i":"months-until-long","$v":{"few":[{"t":"idOrVar","v":"value"}," 个月内"],"many":[{"t":"idOrVar","v":"value"}," 个月内"],"one":"下个月","other":[{"t":"idOrVar","v":"value"}," 个月内"],"two":[{"t":"idOrVar","v":"value"}," 个月内"],"zero":"本月"},"$x":[{"t":"idOrVar","v":"plural"},"value"]},{"$i":"years-until-long","$v":{"few":[{"t":"idOrVar","v":"value"}," 年内"],"many":[{"t":"idOrVar","v":"value"}," 年内"],"one":"明年","other":[{"t":"idOrVar","v":"value"}," 年内"],"two":[{"t":"idOrVar","v":"value"}," 年内"],"zero":"今年"},"$x":[{"t":"idOrVar","v":"plural"},"value"]},{"$i":"minutes-ago-short","$v":{"other":[{"t":"idOrVar","v":"value"}," 分钟前"],"zero":"刚刚"},"$x":[{"t":"idOrVar","v":"plural"},"value"]},{"$i":"hours-ago-short","$v":{"other":[{"t":"idOrVar","v":"value"}," 小时前"],"zero":"刚刚"},"$x":[{"t":"idOrVar","v":"plural"},"value"]},{"$i":"days-ago-short","$v":{"other":[{"t":"idOrVar","v":"value"}," 天前"],"zero":"今天"},"$x":[{"t":"idOrVar","v":"plural"},"value"]},{"$i":"minutes-until-short","$v":{"other":[{"t":"idOrVar","v":"value"}," 分內"],"zero":"現在"},"$x":[{"t":"idOrVar","v":"plural"},"value"]},{"$i":"hours-until-short","$v":{"other":[{"t":"idOrVar","v":"value"}," 小时内"],"zero":"現在"},"$x":[{"t":"idOrVar","v":"plural"},"value"]},{"$i":"days-until-short","$v":{"other":[{"t":"idOrVar","v":"value"}," 天内"],"zero":"今天"},"$x":[{"t":"idOrVar","v":"plural"},"value"]},{"$i":"incorrectDate","$v":"（日期有误）"},{"$i":"dateTimeFormat_%c","$v":"%Y年%b%d日 %a %I:%M:%S %p"},{"$i":"dateTimeFormat_%x","$v":"%Y/%m/%d"},{"$i":"dateTimeFormat_%X","$v":"%I:%M:%S %p"},{"$i":"shortTimeFormat","$v":"%p %I:%M"},{"$i":"shortTimeFormat12","$v":"%p %I:%M"},{"$i":"shortTimeFormat24","$v":"%H:%M"},{"$i":"shortDateTimeFormat","$v":"%p %x %I:%M"},{"$i":"weekStartsOnMonday","$v":"0.0"},{"$i":"firstDayOfTheWeek","$v":"0.0"},{"$i":"time_am","$v":"上午"},{"$i":"time_pm","$v":"下午"}]